Timestamp,AI_Mode,Cars_Count,Pedestrians_Count
2026-07-24 22:46:22,Detection,0,1
2026-07-24 22:46:23,Detection,0,2
2026-07-24 22:46:24,Detection,0,1
2026-07-24 22:46:25,Detection,0,1
2026-07-24 22:46:26,Detection,0,1
2026-07-24 22:46:27,Detection,0,1
2026-07-24 22:46:28,Detection,0,1
2026-07-24 22:46:30,Detection,0,1
2026-07-24 22:46:31,Detection,0,1
2026-07-24 22:46:32,Detection,0,1
2026-07-24 22:46:33,Detection,0,1
2026-07-24 22:46:34,Detection,0,1
2026-07-24 22:46:35,Detection,0,1
2026-07-24 22:46:36,Detection,0,2
2026-07-24 22:46:37,Detection,0,1
2026-07-24 22:46:38,Detection,0,2
2026-07-24 22:46:39,Detection,0,2
2026-07-24 22:46:40,Detection,0,2
2026-07-24 22:46:41,Detection,0,2
2026-07-24 22:46:42,Detection,0,2
2026-07-24 22:46:43,Detection,0,2
2026-07-24 22:46:44,Detection,0,2
2026-07-24 22:46:45,Detection,0,1
2026-07-24 22:46:46,Detection,0,2
2026-07-24 22:46:47,Detection,0,1
2026-07-24 22:46:48,Detection,0,1
2026-07-24 22:46:49,Detection,0,1
2026-07-24 22:46:50,Detection,0,2
2026-07-24 22:46:51,Detection,0,2
2026-07-24 22:46:52,Detection,0,2
2026-07-24 22:46:54,Detection,0,2
2026-07-24 22:46:55,Detection,0,2
2026-07-24 22:46:56,Detection,0,2
2026-07-24 22:46:57,Detection,0,2
2026-07-24 22:46:58,Detection,0,2
2026-07-24 22:46:59,Detection,0,2
2026-07-24 22:47:00,Detection,0,2
2026-07-24 22:47:01,Detection,0,2
2026-07-24 22:47:02,Detection,0,2
2026-07-24 22:47:03,Detection,0,2
2026-07-24 22:47:04,Detection,0,2
2026-07-24 22:47:05,Detection,0,1
2026-07-24 22:47:06,Detection,0,2
2026-07-24 22:47:07,Detection,0,2
2026-07-24 22:47:08,Detection,0,2
2026-07-24 22:47:09,Detection,0,1
2026-07-24 22:47:11,Detection,0,1
2026-07-24 22:47:12,Detection,0,1
2026-07-24 22:47:13,Detection,0,1
2026-07-24 22:47:14,Detection,0,1
2026-07-24 22:47:15,Detection,0,1
2026-07-24 22:47:16,Detection,0,1
2026-07-24 22:47:17,Detection,0,1
2026-07-24 22:47:18,Detection,0,1
2026-07-24 22:47:19,Detection,0,1
2026-07-24 22:47:20,Detection,0,1
2026-07-24 22:47:21,Detection,0,1
2026-07-24 22:47:22,Detection,0,1
2026-07-24 22:47:23,Detection,0,1
2026-07-24 22:47:24,Detection,0,1
2026-07-24 22:47:25,Detection,0,1
2026-07-24 22:47:27,Detection,0,1
2026-07-24 22:47:28,Detection,0,1
2026-07-24 22:47:29,Detection,0,1
2026-07-24 22:47:47,Detection,0,1
2026-07-24 22:47:48,Detection,0,2
2026-07-24 22:47:49,Detection,0,2
2026-07-24 22:47:50,Detection,0,2
2026-07-24 22:47:51,Detection,0,1
2026-07-24 22:47:52,Detection,0,1
2026-07-24 22:47:53,Detection,0,1
2026-07-24 22:47:59,Detection,0,1
2026-07-24 22:48:00,Detection,0,2
2026-07-24 22:48:01,Detection,0,1
2026-07-24 22:48:02,Detection,0,2
2026-07-24 22:48:07,Detection,0,0
2026-07-24 22:48:08,Detection,0,0
2026-07-24 22:48:10,Detection,0,1
2026-07-24 22:48:11,Detection,0,0
2026-07-24 22:48:12,Detection,0,1
2026-07-24 22:48:13,Detection,0,1
2026-07-24 22:48:14,Detection,0,1
2026-07-24 22:48:15,Detection,0,1
2026-07-24 22:48:16,Detection,0,1
2026-07-24 22:48:17,Detection,0,1
2026-07-24 22:48:18,Detection,0,1
2026-07-24 22:48:19,Detection,0,1
2026-07-24 22:48:20,Detection,0,1
2026-07-24 22:48:21,Detection,0,1
2026-07-24 22:48:22,Detection,0,1
2026-07-24 22:48:23,Detection,0,1
2026-07-24 22:48:24,Detection,0,1
2026-07-24 22:48:25,Detection,0,1
2026-07-24 22:48:26,Detection,0,1
2026-07-24 22:48:27,Detection,0,1
2026-07-24 22:48:29,Detection,0,1
2026-07-24 22:48:30,Detection,0,1
2026-07-24 22:48:31,Detection,0,1
2026-07-24 22:48:32,Detection,0,1
2026-07-24 22:48:33,Detection,0,1
2026-07-24 22:48:34,Detection,0,1
2026-07-24 22:48:35,Detection,0,1
2026-07-24 22:48:36,Detection,0,1
2026-07-24 22:48:37,Detection,0,1
2026-07-24 22:48:38,Detection,0,1
2026-07-24 22:48:39,Detection,0,1
2026-07-24 22:48:40,Detection,0,1
2026-07-24 22:48:41,Detection,0,1
2026-07-24 22:48:42,Detection,0,1
2026-07-24 22:48:43,Detection,0,1
2026-07-24 22:48:44,Detection,0,1
2026-07-24 22:48:45,Detection,0,1
2026-07-24 22:48:46,Detection,0,1
2026-07-24 22:48:47,Detection,0,1
2026-07-24 22:48:49,Detection,0,1
2026-07-24 22:48:50,Detection,0,1
2026-07-24 22:48:51,Detection,0,1
2026-07-24 22:48:52,Detection,0,1
2026-07-24 22:48:53,Detection,0,1
2026-07-24 22:48:54,Detection,0,1
2026-07-24 22:48:55,Detection,0,1
2026-07-24 22:48:56,Detection,0,1
2026-07-24 22:48:57,Detection,0,1
2026-07-24 22:48:58,Detection,0,1
2026-07-24 22:48:59,Detection,0,1
2026-07-24 22:49:00,Detection,0,1
2026-07-24 22:49:01,Detection,0,1
2026-07-24 22:49:02,Detection,0,1
2026-07-24 22:49:03,Detection,0,1
2026-07-24 22:49:04,Detection,0,1
2026-07-24 22:49:06,Detection,0,1
2026-07-24 22:49:07,Detection,0,1
2026-07-24 22:49:08,Detection,0,1
2026-07-24 22:49:09,Detection,0,1
2026-07-24 22:49:10,Detection,0,1
2026-07-24 22:49:11,Detection,0,1
2026-07-24 22:49:12,Detection,0,1
2026-07-24 22:49:13,Detection,0,1
2026-07-24 22:49:14,Detection,0,1
2026-07-24 22:49:15,Detection,0,1
2026-07-24 22:49:16,Detection,0,1
2026-07-24 22:49:17,Detection,0,1
2026-07-24 22:49:18,Detection,0,1
2026-07-24 22:49:19,Detection,0,1
2026-07-24 22:49:20,Detection,0,1
2026-07-24 22:49:21,Detection,0,1
2026-07-24 22:49:23,Detection,0,1
2026-07-24 22:49:24,Detection,0,1
2026-07-24 22:49:25,Detection,0,1
2026-07-24 22:49:26,Detection,0,1
2026-07-24 22:49:27,Detection,0,1
2026-07-24 22:49:28,Detection,0,1
2026-07-24 22:49:29,Detection,0,1
2026-07-24 22:49:30,Detection,0,1
2026-07-24 22:49:31,Detection,0,1
2026-07-24 22:49:32,Detection,0,1
2026-07-24 22:49:33,Detection,0,1
2026-07-24 22:49:34,Detection,0,1
2026-07-24 22:49:35,Detection,0,1
2026-07-24 22:49:36,Detection,0,1
2026-07-24 22:49:37,Detection,0,1
2026-07-24 22:49:38,Detection,0,1
2026-07-24 22:49:39,Detection,0,1
2026-07-24 22:49:40,Detection,0,1
2026-07-24 22:49:41,Detection,0,1
2026-07-24 22:49:43,Detection,0,1
2026-07-24 22:49:44,Detection,0,1
2026-07-24 22:49:45,Detection,0,1
2026-07-24 22:49:46,Detection,0,1
2026-07-24 22:49:47,Detection,0,1
2026-07-24 22:49:48,Detection,0,1
2026-07-24 22:49:49,Detection,0,1
2026-07-24 22:49:50,Detection,0,1
2026-07-24 22:49:51,Detection,0,1
2026-07-24 22:49:52,Detection,0,1
2026-07-24 22:49:53,Detection,0,1
2026-07-24 22:49:54,Detection,0,1
2026-07-24 22:49:55,Detection,0,1
2026-07-24 22:49:56,Detection,0,1
2026-07-24 22:49:57,Detection,0,1
2026-07-24 22:49:58,Detection,0,1
2026-07-24 22:49:59,Detection,0,1
2026-07-24 22:50:00,Detection,0,1
2026-07-24 22:50:01,Detection,0,1
2026-07-24 22:50:02,Detection,0,1
2026-07-24 22:50:03,Detection,0,1
2026-07-24 22:50:05,Detection,0,1
2026-07-24 22:50:06,Detection,0,1
2026-07-24 22:50:07,Detection,0,1
2026-07-24 22:50:08,Detection,0,1
2026-07-24 22:50:09,Detection,0,1
2026-07-24 22:50:10,Detection,0,1
2026-07-24 22:50:11,Detection,0,1
2026-07-24 22:50:12,Detection,0,1
2026-07-24 22:50:13,Detection,0,1
2026-07-24 22:50:15,Detection,0,1
2026-07-24 22:50:16,Detection,0,1
2026-07-24 22:50:17,Detection,0,1
2026-07-24 22:50:18,Detection,0,1
2026-07-24 22:50:19,Detection,0,1
2026-07-24 22:50:20,Detection,0,1
2026-07-24 22:50:21,Detection,0,1
2026-07-24 22:50:22,Detection,0,1
2026-07-24 22:50:23,Detection,0,1
2026-07-24 22:50:24,Detection,0,1
2026-07-24 22:50:25,Detection,0,1
2026-07-24 22:50:26,Detection,0,1
2026-07-24 22:50:27,Detection,0,1
2026-07-24 22:50:28,Detection,0,1
2026-07-24 22:50:29,Detection,0,1
2026-07-24 22:50:30,Detection,0,1
2026-07-24 22:50:31,Detection,0,1
2026-07-24 22:50:32,Detection,0,1
2026-07-24 22:50:33,Detection,0,1
2026-07-24 22:50:34,Detection,0,1
2026-07-24 22:50:36,Detection,0,1
2026-07-24 22:50:37,Detection,0,1
2026-07-24 22:50:38,Detection,0,1
2026-07-24 22:50:39,Detection,0,1
2026-07-24 22:50:40,Detection,0,1
2026-07-24 22:50:41,Detection,0,1
2026-07-24 22:50:42,Detection,0,1
2026-07-24 22:50:43,Detection,0,1
2026-07-24 22:50:44,Detection,0,1
2026-07-24 22:50:45,Detection,0,1
2026-07-24 22:50:46,Detection,0,1
2026-07-24 22:50:47,Detection,0,1
2026-07-24 22:50:48,Detection,0,1
2026-07-24 22:50:49,Detection,0,1
2026-07-24 22:50:50,Detection,0,1
2026-07-24 22:50:51,Detection,0,1
2026-07-24 22:50:52,Detection,0,1
2026-07-24 22:50:53,Detection,0,1
2026-07-24 22:50:54,Detection,0,1
2026-07-24 22:50:55,Detection,0,1
2026-07-24 22:50:57,Detection,0,1
2026-07-24 22:50:58,Detection,0,1
2026-07-24 22:50:59,Detection,0,1
2026-07-24 22:51:00,Detection,0,1
2026-07-24 22:51:01,Detection,0,1
2026-07-24 22:51:02,Detection,0,1
2026-07-24 22:51:03,Detection,0,1
2026-07-24 22:51:04,Detection,0,1
2026-07-24 22:51:05,Detection,0,1
2026-07-24 22:51:06,Detection,0,1
2026-07-24 22:51:07,Detection,0,1
2026-07-24 22:51:08,Detection,0,1
2026-07-24 22:51:09,Detection,0,1
2026-07-24 22:51:10,Detection,0,1
2026-07-24 22:51:11,Detection,0,1
2026-07-24 22:51:12,Detection,0,1
2026-07-24 22:51:13,Detection,0,1
2026-07-24 22:51:14,Detection,0,1
2026-07-25 21:33:16,Detection,0,1
2026-07-25 21:33:17,Detection,0,1
2026-07-25 21:33:18,Detection,0,1
2026-07-25 21:33:19,Detection,0,1
2026-07-25 21:33:20,Detection,0,1
2026-07-25 21:33:21,Detection,0,2
2026-07-25 21:33:22,Detection,0,1
2026-07-25 21:33:23,Detection,0,2
2026-07-25 21:33:24,Detection,0,1
2026-07-25 21:33:25,Detection,0,1
2026-07-25 21:33:26,Detection,0,1
2026-07-25 21:33:27,Detection,0,1
2026-07-25 21:33:28,Detection,0,1
2026-07-25 21:33:30,Detection,0,1
2026-07-25 21:33:31,Detection,0,1
2026-07-25 21:33:32,Detection,0,1
2026-07-25 21:33:33,Detection,0,0
2026-07-25 21:33:34,Detection,0,1
2026-07-25 21:33:35,Detection,0,1
2026-07-25 21:33:36,Detection,0,1
2026-07-25 21:33:37,Detection,0,1
2026-07-25 21:33:38,Detection,0,1
2026-07-25 21:33:39,Detection,0,1
2026-07-25 21:33:40,Detection,0,1
2026-07-25 21:33:41,Detection,0,1
2026-07-25 21:33:42,Detection,0,1
2026-07-25 21:33:43,Detection,0,1
2026-07-25 21:33:44,Detection,0,1
2026-07-25 21:33:45,Detection,0,1
2026-07-25 21:33:46,Detection,0,1
2026-07-25 21:33:47,Detection,0,1
2026-07-25 21:33:48,Detection,0,1
2026-07-25 21:33:49,Detection,0,1
2026-07-25 21:33:50,Detection,0,1
2026-07-25 21:33:52,Detection,0,1
2026-07-25 21:33:53,Detection,0,1
2026-07-25 21:33:54,Detection,0,1
2026-07-25 21:33:55,Detection,0,1
2026-07-25 21:33:59,Tracking,0,1
2026-07-25 21:34:00,Tracking,0,1
2026-07-25 21:34:01,Tracking,0,1
2026-07-25 21:34:02,Tracking,0,1
2026-07-25 21:34:03,Tracking,0,1
2026-07-25 21:34:04,Tracking,0,1
2026-07-25 21:34:05,Tracking,0,1
2026-07-25 21:34:06,Tracking,0,1
2026-07-25 21:34:07,Tracking,0,1
2026-07-25 21:34:08,Tracking,0,1
2026-07-25 21:34:09,Tracking,0,1
2026-07-25 21:34:11,Tracking,0,1
2026-07-25 21:34:12,Tracking,0,1
2026-07-25 21:34:13,Tracking,0,1
2026-07-25 21:34:14,Tracking,0,1
2026-07-25 21:34:15,Tracking,0,1
2026-07-25 21:34:16,Tracking,0,1
2026-07-25 21:34:17,Tracking,0,1
2026-07-25 21:34:18,Tracking,0,1
2026-07-25 21:34:19,Tracking,0,1
2026-07-25 21:34:20,Pose,0,1
2026-07-25 21:34:21,Pose,0,1
2026-07-25 21:34:22,Pose,0,1
2026-07-25 21:34:23,Pose,0,1
2026-07-25 21:34:24,Pose,0,1
2026-07-25 21:34:26,Pose,0,1
2026-07-25 21:34:27,Pose,0,1
2026-07-25 21:34:28,Pose,0,1
2026-07-25 21:34:29,Pose,0,1
2026-07-25 21:34:30,Pose,0,1
2026-07-25 21:34:31,Pose,0,1
2026-07-25 21:34:32,Pose,0,1
2026-07-25 21:34:33,Pose,0,1
2026-07-25 21:34:34,Pose,0,1
2026-07-25 21:34:35,Pose,0,1
2026-07-25 21:34:36,Pose,0,1
2026-07-25 21:34:37,Pose,0,1
2026-07-25 21:34:39,Segmentation,0,1
2026-07-25 21:34:40,Segmentation,0,1
2026-07-25 21:34:41,Segmentation,0,1
2026-07-25 21:34:42,Segmentation,0,1
2026-07-25 21:34:43,Segmentation,0,1
2026-07-25 21:34:44,Segmentation,0,1
2026-07-25 21:34:45,Segmentation,0,1
2026-07-25 21:34:46,Segmentation,0,1
2026-07-25 21:34:47,Segmentation,0,1
2026-07-25 21:34:48,Segmentation,0,1
2026-07-25 21:34:49,Segmentation,0,1
2026-07-25 21:34:51,Segmentation,0,1
2026-07-25 21:34:52,Segmentation,0,1
2026-07-25 21:34:53,Segmentation,0,1
2026-07-25 21:34:54,Segmentation,0,1
2026-07-25 21:34:55,Segmentation,0,1
2026-07-25 21:34:56,Segmentation,0,1
2026-07-25 21:34:57,Segmentation,0,1
2026-07-25 21:34:58,Segmentation,0,1
2026-07-25 21:35:00,Segmentation,0,1
2026-07-25 21:35:01,Segmentation,0,1
2026-07-25 21:35:02,Segmentation,0,1
2026-07-25 21:35:03,Segmentation,0,1
2026-07-25 21:35:04,Segmentation,0,1
2026-07-25 21:35:05,Segmentation,0,1
2026-07-25 21:35:06,Segmentation,0,1
2026-07-25 21:35:07,Segmentation,0,1
2026-07-25 21:35:08,Segmentation,0,1
2026-07-25 21:35:09,Segmentation,0,1
2026-07-25 21:35:10,Segmentation,0,1
2026-07-25 21:35:11,Segmentation,0,1
2026-07-25 21:35:13,Segmentation,0,1
2026-07-25 21:35:14,Segmentation,0,1
2026-07-25 21:35:15,Segmentation,0,1
2026-07-25 21:35:16,Segmentation,0,1
2026-07-25 21:35:17,Segmentation,0,1
2026-07-25 21:35:18,Segmentation,0,1
2026-07-25 21:35:19,Segmentation,0,1
2026-07-25 21:35:21,Segmentation,0,1
2026-07-25 21:35:22,Segmentation,0,1
2026-07-25 21:35:23,Segmentation,0,1
2026-07-25 21:35:24,Segmentation,0,1
2026-07-25 21:35:25,Segmentation,0,1
2026-07-25 21:35:26,Detection,0,1
2026-07-25 21:35:27,Detection,0,1
2026-07-25 21:35:28,Detection,0,1
2026-07-25 21:35:29,Detection,0,1
2026-07-25 21:35:30,Detection,0,1
2026-07-25 21:35:31,Detection,0,1
2026-07-25 21:35:32,Detection,0,1
2026-07-25 21:35:33,Detection,0,1
2026-07-25 21:35:34,Detection,0,1
2026-07-25 21:35:35,Detection,0,1
2026-07-25 21:35:36,Detection,0,1
2026-07-25 21:35:38,Detection,0,1
2026-07-25 21:35:39,Detection,0,1
2026-07-25 21:35:40,Detection,0,1
2026-07-25 21:35:41,Detection,0,1
2026-07-25 21:35:42,Detection,0,1
2026-07-25 21:35:43,Detection,0,1
2026-07-25 21:35:44,Detection,0,1
2026-07-25 21:35:45,Detection,0,1
2026-07-25 21:35:46,Detection,0,1
2026-07-25 21:35:47,Detection,0,1
2026-07-25 21:35:48,Detection,0,1
2026-07-25 21:35:49,Detection,0,1
2026-07-25 21:35:50,Detection,0,1
2026-07-25 21:35:51,Detection,0,1
2026-07-25 21:35:52,Detection,0,1
2026-07-25 21:35:53,Detection,0,1
2026-07-25 21:35:55,Detection,0,1
2026-07-25 21:35:56,Detection,0,1
2026-07-25 21:35:57,Detection,0,1
2026-07-25 21:35:58,Detection,0,1
2026-07-25 21:35:59,Detection,0,1
2026-07-25 21:36:00,Detection,0,1
2026-07-25 21:36:01,Detection,0,1
2026-07-25 21:36:02,Detection,0,1
2026-07-25 21:36:03,Detection,0,1
2026-07-25 21:36:04,Detection,0,1
2026-07-25 21:36:05,Detection,0,1
2026-07-25 21:36:06,Detection,0,1
2026-07-25 21:36:07,Detection,0,1
2026-07-25 21:36:08,Detection,0,1
2026-07-25 21:36:09,Detection,0,1
2026-07-25 21:36:10,Detection,0,1
2026-07-25 21:36:12,Detection,0,1
2026-07-25 21:36:13,Detection,0,1
2026-07-25 21:36:14,Detection,0,1
2026-07-25 21:36:15,Detection,0,1
2026-07-25 21:36:16,Detection,0,1
2026-07-25 21:36:17,Detection,0,1
2026-07-25 21:36:18,Detection,0,1
2026-07-25 21:36:19,Detection,0,1
2026-07-25 21:36:20,Detection,0,1
2026-07-25 21:36:21,Detection,0,1
2026-07-25 21:36:22,Detection,0,1
2026-07-25 21:36:23,Detection,0,1
2026-07-25 21:36:24,Detection,0,1
2026-07-25 21:36:25,Detection,0,1
2026-07-25 21:36:27,Detection,0,1
2026-07-25 21:36:28,Detection,0,1
2026-07-25 21:36:29,Detection,0,1
2026-07-25 21:36:30,Detection,0,1
2026-07-25 21:36:31,Detection,0,1
2026-07-25 21:36:32,Detection,0,1
2026-07-25 21:36:33,Detection,0,1
2026-07-25 21:36:34,Detection,0,1
2026-07-25 21:36:35,Detection,0,1
2026-07-25 21:36:36,Detection,0,1
2026-07-25 21:36:37,Detection,0,1
2026-07-25 21:36:38,Detection,0,1
2026-07-25 21:36:40,Detection,0,1
2026-07-25 21:36:41,Detection,0,1
2026-07-25 21:36:42,Detection,0,1
2026-07-25 21:36:43,Detection,0,1
2026-07-25 21:36:44,Detection,0,1
2026-07-25 21:36:45,Detection,0,1
2026-07-25 21:36:46,Detection,0,1
2026-07-25 21:36:47,Detection,0,1
2026-07-25 21:36:48,Detection,0,1
2026-07-25 21:36:49,Detection,0,1
2026-07-25 21:36:50,Detection,0,1
2026-07-25 21:36:51,Detection,0,1
2026-07-25 21:36:52,Detection,0,1
2026-07-25 21:36:53,Detection,0,1
2026-07-25 21:36:54,Detection,0,1
2026-07-25 21:36:55,Detection,0,1
2026-07-25 21:36:56,Detection,0,1
2026-07-25 21:36:58,Detection,0,1
2026-07-25 21:36:59,Detection,0,1
2026-07-25 21:37:00,Detection,0,1
2026-07-25 21:37:01,Detection,0,1
2026-07-25 21:37:02,Detection,0,1
2026-07-25 21:37:03,Detection,0,1
2026-07-25 21:37:04,Detection,0,1
2026-07-25 21:37:05,Detection,0,1
2026-07-25 21:37:06,Detection,0,1
2026-07-25 21:37:07,Detection,0,1
2026-07-25 21:37:08,Detection,0,1
2026-07-25 21:37:09,Detection,0,1
2026-07-25 21:37:10,Detection,0,1
2026-07-25 21:37:11,Detection,0,1
2026-07-25 21:37:12,Detection,0,1
2026-07-25 21:37:13,Detection,0,1
2026-07-25 21:37:14,Detection,0,1
2026-07-25 21:37:16,Detection,0,1
2026-07-25 21:37:17,Detection,0,1
2026-07-25 21:37:18,Detection,0,1
2026-07-25 21:37:19,Detection,0,1
2026-07-25 21:37:20,Detection,0,1
2026-07-25 21:37:21,Detection,0,1
2026-07-25 21:37:22,Detection,0,1
2026-07-25 21:37:23,Detection,0,1
2026-07-25 21:37:24,Detection,0,1
2026-07-25 21:37:25,Detection,0,1
2026-07-25 21:37:26,Detection,0,1
2026-07-25 21:37:27,Detection,0,1
2026-07-25 21:37:28,Detection,0,1
2026-07-25 21:37:29,Detection,0,1
2026-07-25 21:37:30,Detection,0,1
2026-07-25 21:37:31,Detection,0,1
2026-07-25 21:37:32,Detection,0,1
2026-07-25 21:37:34,Detection,0,1
2026-07-25 21:37:35,Detection,0,1
2026-07-25 21:37:36,Detection,0,1
2026-07-25 21:37:37,Detection,0,1
2026-07-25 21:37:38,Detection,0,1
2026-07-25 21:37:39,Detection,0,1
2026-07-25 21:37:40,Detection,0,1
2026-07-25 21:37:41,Detection,0,1
2026-07-25 21:37:42,Detection,0,1
2026-07-25 21:48:40,Detection,0,1
2026-07-25 21:48:41,Detection,0,1
2026-07-25 21:48:42,Detection,0,2
2026-07-25 21:48:43,Detection,0,1
2026-07-25 21:48:44,Detection,0,0
2026-07-25 21:48:45,Detection,0,1
2026-07-25 21:48:46,Detection,0,1
2026-07-25 21:48:47,Detection,0,1
2026-07-25 21:48:48,Detection,0,1
2026-07-25 21:48:49,Detection,0,1
2026-07-25 21:48:50,Detection,0,1
2026-07-25 21:48:51,Detection,0,1
2026-07-25 21:48:52,Detection,0,1
2026-07-25 21:48:53,Detection,0,1
2026-07-25 21:48:54,Detection,0,1
2026-07-25 21:48:55,Detection,0,1
2026-07-25 21:48:56,Detection,0,1
2026-07-25 21:48:57,Detection,0,1
2026-07-25 21:48:59,Detection,0,1
2026-07-25 21:49:00,Detection,0,1
2026-07-25 21:49:01,Detection,0,1
2026-07-25 21:49:02,Detection,0,1
2026-07-25 21:49:03,Detection,0,1
2026-07-25 21:49:04,Detection,0,1
2026-07-25 21:49:05,Detection,0,1
2026-07-25 21:49:06,Detection,0,1
2026-07-25 21:49:07,Detection,0,1
2026-07-25 21:49:08,Detection,0,1
2026-07-25 21:49:09,Detection,0,1
2026-07-25 21:49:10,Detection,0,1
2026-07-25 21:49:11,Detection,0,1
2026-07-25 21:49:12,Detection,0,1
2026-07-25 21:49:13,Detection,0,1
2026-07-25 21:49:14,Detection,0,1
2026-07-25 21:49:15,Detection,0,2
2026-07-25 21:49:16,Detection,0,1
2026-07-25 21:49:17,Detection,0,1
2026-07-25 21:49:18,Detection,0,1
2026-07-25 21:49:19,Detection,0,1
2026-07-25 21:49:20,Detection,0,1
2026-07-25 21:49:21,Detection,0,1
2026-07-25 21:49:22,Detection,0,1
2026-07-25 21:49:23,Detection,0,1
2026-07-25 21:49:24,Detection,0,1
2026-07-25 21:49:25,Detection,0,1
2026-07-25 21:49:27,Detection,0,1
2026-07-25 21:49:28,Detection,0,1
2026-07-25 21:49:29,Detection,0,1
2026-07-25 21:49:30,Detection,0,1
2026-07-25 21:49:31,Detection,0,1
2026-07-25 21:49:32,Detection,0,1
2026-07-25 21:49:33,Detection,0,1
2026-07-25 21:49:34,Detection,0,1
2026-07-25 21:49:35,Detection,0,1
2026-07-25 21:49:36,Detection,0,1
2026-07-25 21:49:37,Detection,0,1
2026-07-25 21:49:38,Detection,0,1
2026-07-25 21:49:39,Detection,0,1
2026-07-25 21:49:40,Detection,0,1
2026-07-25 21:49:41,Detection,0,1
2026-07-25 21:49:42,Detection,0,1
2026-07-25 21:49:43,Detection,0,1
2026-07-25 21:49:44,Detection,0,1
2026-07-25 21:49:45,Detection,0,1
2026-07-25 21:49:46,Detection,0,1
2026-07-25 21:49:47,Detection,0,1
2026-07-25 21:49:48,Detection,0,1
2026-07-25 21:49:50,Detection,0,1
2026-07-25 21:49:51,Detection,0,1
2026-07-25 21:49:52,Detection,0,1
2026-07-25 21:49:53,Detection,0,1
2026-07-25 21:49:54,Detection,0,1
2026-07-25 21:49:55,Detection,0,1
2026-07-25 21:49:56,Detection,0,1
2026-07-25 21:49:57,Detection,0,1
2026-07-25 21:49:58,Detection,0,1
2026-07-25 21:49:59,Detection,0,1
2026-07-25 21:50:00,Detection,0,1
2026-07-25 21:50:01,Detection,0,1
2026-07-25 21:50:02,Detection,0,1
2026-07-25 21:50:03,Detection,0,1
2026-07-25 21:50:04,Detection,0,1
2026-07-25 21:50:05,Tracking,0,1
2026-07-25 21:50:06,Tracking,0,1
2026-07-25 21:50:08,Tracking,0,1
2026-07-25 21:50:09,Tracking,0,1
2026-07-25 21:50:10,Tracking,0,1
2026-07-25 21:50:11,Tracking,0,1
2026-07-25 21:50:12,Tracking,0,1
2026-07-25 21:50:13,Detection,0,1
2026-07-25 21:50:14,Detection,0,1
2026-07-25 21:50:15,Detection,0,1
2026-07-25 21:50:16,Pose,0,2
2026-07-25 21:50:17,Pose,0,2
2026-07-25 21:50:18,Pose,0,2
2026-07-25 21:50:19,Pose,0,2
2026-07-25 21:50:20,Pose,0,2
2026-07-25 21:50:21,Segmentation,0,2
2026-07-25 21:50:22,Segmentation,0,2
2026-07-25 21:50:23,Segmentation,0,2
2026-07-25 21:50:24,Segmentation,0,2
2026-07-25 21:50:25,Segmentation,0,2
2026-07-25 21:50:26,Segmentation,0,2
2026-07-25 21:50:27,Segmentation,0,2
2026-07-25 21:50:29,Segmentation,0,2
2026-07-25 21:50:30,Pose,0,2
2026-07-25 21:50:31,Pose,0,2
2026-07-25 21:50:32,Tracking,0,1
2026-07-25 21:50:33,Detection,0,1
2026-07-25 21:50:34,Detection,0,1
2026-07-25 21:50:35,Detection,0,1
2026-07-25 21:50:36,Detection,0,1
2026-07-25 21:50:37,Detection,0,1
2026-07-25 21:50:38,Detection,0,1
2026-07-25 21:50:39,Detection,0,1
2026-07-25 21:50:40,Detection,0,1
2026-07-25 21:50:41,Detection,0,1
2026-07-25 21:50:42,Detection,0,1
2026-07-25 21:50:43,Detection,0,1
2026-07-25 21:50:44,Detection,0,1
2026-07-25 21:50:45,Detection,0,1
2026-07-25 21:50:46,Detection,0,1
2026-07-25 21:50:47,Detection,0,1
2026-07-25 21:50:48,Detection,0,1
2026-07-25 21:50:49,Detection,0,1
2026-07-25 21:50:50,Detection,0,1
2026-07-25 21:50:51,Detection,0,1
2026-07-25 21:50:52,Detection,0,1
2026-07-25 21:50:54,Detection,0,1
2026-07-25 21:50:55,Detection,0,1
2026-07-25 21:50:56,Detection,0,1
2026-07-25 21:50:57,Detection,0,1
2026-07-25 21:50:58,Detection,0,1
2026-07-25 21:50:59,Detection,0,1
2026-07-25 21:51:00,Detection,0,1
2026-07-25 21:51:01,Detection,0,1
2026-07-25 21:51:02,Detection,0,1
2026-07-25 21:51:03,Detection,0,1
2026-07-25 21:51:04,Detection,0,1
2026-07-25 21:51:05,Detection,0,1
2026-07-25 21:51:06,Detection,0,1
2026-07-25 21:51:07,Detection,0,1
2026-07-25 21:51:08,Detection,0,1
2026-07-25 21:51:09,Detection,0,1
2026-07-25 21:51:10,Detection,0,1
2026-07-25 21:51:12,Detection,0,1
2026-07-25 21:51:13,Detection,0,2
2026-07-25 21:51:14,Detection,0,1
2026-07-25 21:51:15,Detection,0,1
2026-07-25 21:51:16,Detection,0,1
2026-07-25 21:51:17,Detection,0,1
2026-07-25 21:51:18,Detection,0,1
2026-07-25 21:51:19,Detection,0,1
2026-07-25 21:51:20,Detection,0,1
2026-07-25 21:51:21,Detection,0,1
2026-07-25 21:51:22,Detection,0,1
2026-07-25 21:51:23,Detection,0,1
2026-07-25 21:51:24,Detection,0,1
2026-07-25 21:51:25,Detection,0,1
2026-07-25 21:51:26,Detection,0,1
2026-07-25 21:51:27,Detection,0,1
2026-07-25 21:51:28,Detection,0,1
2026-07-25 21:51:30,Detection,0,1
2026-07-25 21:51:31,Detection,0,1
2026-07-25 21:51:32,Detection,0,1
2026-07-25 21:51:33,Detection,0,1
2026-07-25 21:51:34,Detection,0,1
2026-07-25 21:51:35,Detection,0,1
2026-07-25 21:51:36,Detection,0,1
2026-07-25 21:51:37,Detection,0,1
2026-07-25 21:51:38,Detection,0,1
2026-07-25 21:51:39,Detection,0,1
2026-07-25 21:51:40,Detection,0,1
2026-07-25 21:51:41,Detection,0,1
2026-07-25 21:51:42,Detection,0,1
2026-07-25 21:51:43,Detection,0,1
2026-07-25 21:51:44,Detection,0,1
2026-07-25 21:51:45,Detection,0,1
2026-07-25 21:51:46,Detection,0,1
2026-07-25 21:51:48,Detection,0,1
2026-07-25 21:51:49,Detection,0,1
2026-07-25 21:51:50,Detection,0,1
2026-07-25 21:51:51,Detection,0,1
2026-07-25 21:51:52,Detection,0,1
2026-07-25 21:51:53,Detection,0,1
2026-07-25 21:51:54,Detection,0,1
2026-07-25 21:51:55,Detection,0,1
2026-07-25 21:51:56,Detection,0,1
2026-07-25 21:51:57,Detection,0,1
2026-07-25 21:51:58,Detection,0,1
2026-07-25 21:51:59,Detection,0,1
2026-07-25 21:52:00,Detection,0,1
2026-07-25 21:52:01,Detection,0,1
2026-07-25 21:52:02,Detection,0,1
2026-07-25 21:52:03,Detection,0,1
2026-07-25 21:52:04,Detection,0,1
2026-07-25 21:52:05,Detection,0,1
2026-07-25 21:52:06,Detection,0,1
2026-07-25 21:52:07,Detection,0,1
2026-07-25 21:52:08,Detection,0,1
2026-07-25 21:52:10,Detection,0,1
2026-07-25 21:52:11,Detection,0,1
2026-07-25 21:52:12,Detection,0,1
2026-07-25 21:52:13,Detection,0,1
2026-07-25 21:52:14,Detection,0,1
2026-07-25 21:52:15,Detection,0,1
2026-07-25 21:52:16,Detection,0,1
2026-07-25 21:52:17,Detection,0,1
2026-07-25 21:52:18,Detection,0,1
2026-07-25 21:52:19,Detection,0,1
2026-07-25 21:52:20,Detection,0,1
2026-07-25 21:52:21,Detection,0,1
2026-07-25 21:52:22,Detection,0,1
2026-07-25 21:52:23,Detection,0,1
2026-07-25 21:52:24,Detection,0,1
2026-07-25 21:52:25,Detection,0,1
2026-07-25 21:52:26,Detection,0,1
2026-07-25 21:52:27,Detection,0,1
2026-07-25 21:52:28,Detection,0,1
2026-07-25 21:52:30,Detection,0,1
2026-07-25 21:52:31,Detection,0,1
2026-07-25 21:52:32,Detection,0,1
2026-07-25 21:52:33,Detection,0,1
2026-07-25 21:52:34,Detection,0,1
2026-07-25 21:52:35,Detection,0,1
2026-07-25 21:52:36,Detection,0,1
2026-07-25 21:52:37,Detection,0,1
2026-07-25 21:52:38,Detection,0,1
2026-07-25 21:52:39,Segmentation,0,1
2026-07-25 21:52:40,Segmentation,0,1
2026-07-25 21:52:41,Segmentation,0,1
2026-07-25 21:52:42,Segmentation,0,1
2026-07-25 21:52:43,Segmentation,0,1
2026-07-25 21:52:44,Segmentation,0,1
2026-07-25 21:52:45,Tracking,0,1
2026-07-25 21:52:46,Segmentation,0,1
2026-07-25 21:52:47,Pose,0,1
2026-07-25 21:52:48,Pose,0,1
2026-07-25 21:52:49,Pose,0,1
2026-07-25 21:52:51,Pose,0,1
2026-07-25 21:52:52,Pose,0,1
2026-07-25 21:52:53,Pose,0,1
2026-07-25 21:52:54,Pose,0,1
2026-07-25 21:52:55,Detection,0,1
2026-07-25 21:52:56,Pose,0,1
2026-07-25 21:52:57,Pose,0,1
2026-07-25 21:52:58,Segmentation,0,1
2026-07-25 21:52:59,Detection,0,1
2026-07-25 21:53:00,Detection,0,1
2026-07-25 21:53:01,Detection,0,1
2026-07-25 21:53:02,Detection,0,1
2026-07-25 21:53:03,Detection,0,0
2026-07-25 21:53:04,Detection,0,1
2026-07-25 21:53:05,Detection,0,1
2026-07-25 21:53:07,Detection,0,1
2026-07-25 21:53:08,Detection,0,1
2026-07-25 21:53:09,Detection,0,1
2026-07-25 21:53:10,Detection,0,1
2026-07-25 21:53:11,Detection,0,1
2026-07-25 21:53:12,Detection,0,1
2026-07-25 21:53:13,Detection,0,1
2026-07-25 21:53:14,Detection,0,1
2026-07-25 21:53:15,Detection,0,1
2026-07-25 21:53:16,Detection,0,1
2026-07-25 21:53:17,Detection,0,1
2026-07-25 21:53:18,Detection,0,1
2026-07-25 21:53:19,Detection,0,1
2026-07-25 21:53:20,Detection,0,1
2026-07-25 21:53:21,Detection,0,1
2026-07-25 21:53:22,Detection,0,1
2026-07-25 21:53:23,Detection,0,1
2026-07-25 21:53:25,Tracking,0,1
2026-07-25 21:53:26,Tracking,0,1
2026-07-25 21:53:27,Tracking,0,1
2026-07-25 21:53:28,Pose,0,1
2026-07-25 21:53:29,Segmentation,0,1
2026-07-25 21:53:30,Segmentation,0,1
2026-07-25 21:53:31,Segmentation,0,1
2026-07-25 21:53:32,Segmentation,0,1
2026-07-25 21:53:33,Segmentation,0,1
2026-07-25 21:53:34,Segmentation,0,1
2026-07-25 21:53:35,Segmentation,0,1
2026-07-25 21:53:36,Segmentation,0,1
2026-07-25 21:53:37,Segmentation,0,1
2026-07-25 21:53:38,Segmentation,0,1
2026-07-25 21:53:40,Segmentation,0,1
2026-07-25 21:53:41,Segmentation,0,1
2026-07-25 21:53:42,Segmentation,0,1
2026-07-25 21:53:43,Segmentation,0,1
2026-07-25 21:53:44,Segmentation,0,1
2026-07-25 21:53:45,Segmentation,0,1
2026-07-25 21:53:46,Segmentation,0,1
2026-07-25 21:53:47,Segmentation,0,1
2026-07-25 21:53:48,Segmentation,0,1
2026-07-25 21:53:49,Segmentation,0,1
2026-07-25 21:53:50,Segmentation,0,1
2026-07-25 21:53:51,Segmentation,0,1
2026-07-25 21:53:52,Segmentation,0,1
2026-07-25 21:53:53,Segmentation,0,1
2026-07-25 21:53:54,Segmentation,0,1
2026-07-25 21:53:56,Segmentation,0,1
2026-07-25 21:53:57,Segmentation,0,1
2026-07-25 21:53:58,Segmentation,0,1
2026-07-25 21:53:59,Segmentation,0,1
2026-07-25 21:54:00,Segmentation,0,1
2026-07-25 21:54:01,Segmentation,0,1
2026-07-25 21:54:02,Segmentation,0,1
2026-07-25 21:54:03,Segmentation,0,1
2026-07-25 21:54:04,Segmentation,0,1
2026-07-25 21:54:05,Segmentation,0,1
2026-07-25 21:54:06,Segmentation,0,1
2026-07-25 21:54:07,Segmentation,0,1
2026-07-25 21:54:08,Segmentation,0,1
2026-07-25 21:54:09,Segmentation,0,1
2026-07-25 21:54:10,Segmentation,0,1
2026-07-25 21:54:12,Segmentation,0,1
2026-07-25 21:54:13,Segmentation,0,1
2026-07-25 21:54:14,Segmentation,0,1
2026-07-25 21:54:15,Segmentation,0,1
2026-07-25 21:54:16,Segmentation,0,1
2026-07-25 21:54:17,Segmentation,0,1
2026-07-25 21:54:18,Segmentation,0,1
2026-07-25 21:54:19,Segmentation,0,1
2026-07-25 21:54:20,Segmentation,0,1
2026-07-25 21:54:21,Segmentation,0,1
2026-07-25 21:54:22,Segmentation,0,1
2026-07-25 21:54:23,Segmentation,0,1
2026-07-25 21:54:24,Segmentation,0,1
2026-07-25 21:54:26,Segmentation,0,1
2026-07-25 21:54:27,Segmentation,0,1
2026-07-25 21:54:28,Segmentation,0,1
2026-07-25 21:54:29,Segmentation,0,1
2026-07-25 21:54:30,Segmentation,0,1
2026-07-25 21:54:31,Segmentation,0,1
2026-07-25 21:54:32,Segmentation,0,1
2026-07-25 21:54:33,Segmentation,0,1
2026-07-25 21:54:34,Segmentation,0,1
2026-07-25 21:54:35,Segmentation,0,1
2026-07-25 21:54:36,Segmentation,0,1
2026-07-25 21:54:37,Segmentation,0,1
2026-07-25 21:54:38,Segmentation,0,1
2026-07-25 21:54:39,Segmentation,0,1
2026-07-25 21:54:40,Segmentation,0,1
2026-07-25 21:54:41,Segmentation,0,1
2026-07-25 21:54:42,Segmentation,0,1
2026-07-25 21:54:44,Segmentation,0,1
2026-07-25 21:54:45,Segmentation,0,1
2026-07-25 21:54:46,Segmentation,0,1
2026-07-25 21:54:47,Segmentation,0,1
2026-07-25 21:54:48,Segmentation,0,1
2026-07-25 21:54:49,Segmentation,0,1
2026-07-25 21:54:50,Segmentation,0,1
2026-07-25 21:54:51,Segmentation,0,1
2026-07-25 21:54:52,Segmentation,0,1
2026-07-25 21:54:53,Segmentation,0,1
2026-07-25 21:54:54,Segmentation,0,1
2026-07-25 21:54:55,Segmentation,0,1
2026-07-25 21:54:56,Segmentation,0,1
2026-07-25 21:54:57,Segmentation,0,1
2026-07-25 21:54:58,Segmentation,0,1
2026-07-25 21:54:59,Segmentation,0,1
2026-07-25 21:55:01,Segmentation,0,1
2026-07-25 21:55:02,Segmentation,0,1
2026-07-25 21:55:03,Segmentation,0,1
2026-07-25 21:55:04,Segmentation,0,1
2026-07-25 21:55:05,Segmentation,0,1
2026-07-25 21:55:06,Segmentation,0,1
2026-07-25 21:55:07,Segmentation,0,1
2026-07-25 21:55:08,Segmentation,0,1
2026-07-25 21:55:09,Segmentation,0,1
2026-07-25 21:55:10,Segmentation,0,1
2026-07-25 21:55:11,Segmentation,0,1
2026-07-25 21:55:12,Segmentation,0,1
2026-07-25 21:55:13,Segmentation,0,1
2026-07-25 21:55:14,Segmentation,0,1
2026-07-25 21:55:15,Segmentation,0,1
2026-07-25 21:55:16,Segmentation,0,1
2026-07-25 21:55:17,Segmentation,0,1
2026-07-25 21:55:18,Segmentation,0,1
2026-07-25 21:55:20,Segmentation,0,1
2026-07-25 21:55:21,Segmentation,0,1
2026-07-25 21:55:22,Segmentation,0,1
2026-07-25 21:55:23,Segmentation,0,1
2026-07-25 21:55:24,Segmentation,0,1
2026-07-25 21:55:25,Segmentation,0,1
2026-07-25 21:55:26,Segmentation,0,1
2026-07-25 21:55:27,Segmentation,0,1
2026-07-25 21:55:28,Segmentation,0,1
2026-07-25 21:55:29,Segmentation,0,1
2026-07-25 21:55:30,Segmentation,0,1
2026-07-25 21:55:31,Segmentation,0,1
2026-07-25 21:55:32,Segmentation,0,1
2026-07-25 21:55:33,Segmentation,0,1
2026-07-25 21:55:34,Segmentation,0,1
2026-07-25 21:55:35,Segmentation,0,1
2026-07-25 21:55:36,Segmentation,0,1
2026-07-25 21:55:37,Segmentation,0,1
2026-07-25 21:55:38,Segmentation,0,1
2026-07-25 21:55:39,Segmentation,0,1
2026-07-25 21:55:40,Segmentation,0,1
2026-07-25 21:55:42,Segmentation,0,1
2026-07-25 21:55:43,Segmentation,0,1
2026-07-25 21:55:44,Segmentation,0,1
2026-07-25 21:55:45,Segmentation,0,1
2026-07-25 21:55:46,Segmentation,0,1
2026-07-25 21:55:47,Segmentation,0,1
2026-07-25 21:55:48,Segmentation,0,1
2026-07-25 21:55:49,Segmentation,0,1
2026-07-25 21:55:50,Segmentation,0,1
2026-07-25 21:55:51,Segmentation,0,1
2026-07-25 21:55:52,Segmentation,0,1
2026-07-25 21:55:53,Segmentation,0,1
2026-07-25 21:55:54,Segmentation,0,1
2026-07-25 21:55:55,Segmentation,0,1
2026-07-25 21:55:56,Segmentation,0,1
2026-07-25 21:55:57,Segmentation,0,1
2026-07-25 21:55:58,Segmentation,0,1
2026-07-25 21:56:00,Segmentation,0,1
2026-07-25 21:56:01,Segmentation,0,1
2026-07-25 21:56:02,Segmentation,0,1
2026-07-25 21:56:03,Segmentation,0,1
2026-07-25 21:56:04,Segmentation,0,1
2026-07-25 21:56:05,Segmentation,0,1
2026-07-25 21:56:06,Segmentation,0,1
2026-07-25 21:56:07,Segmentation,0,1
2026-07-25 21:56:08,Segmentation,0,1
2026-07-25 21:56:09,Segmentation,0,1
2026-07-25 21:56:10,Segmentation,0,1
2026-07-25 21:56:11,Segmentation,0,1
2026-07-25 21:56:12,Segmentation,0,1
2026-07-25 21:56:13,Segmentation,0,1
2026-07-25 21:56:14,Segmentation,0,1
2026-07-25 21:56:15,Segmentation,0,1
2026-07-25 21:56:16,Segmentation,0,1
2026-07-25 21:56:18,Segmentation,0,1
2026-07-25 21:56:19,Segmentation,0,1
2026-07-25 21:56:20,Segmentation,0,1
2026-07-25 21:56:21,Segmentation,0,1
2026-07-25 21:56:22,Segmentation,0,1
2026-07-25 21:56:23,Segmentation,0,1
2026-07-25 21:56:24,Segmentation,0,1
2026-07-25 21:56:25,Segmentation,0,1
2026-07-25 21:56:26,Segmentation,0,1
2026-07-25 21:56:27,Segmentation,0,1
2026-07-25 21:56:28,Segmentation,0,1
2026-07-25 21:56:29,Segmentation,0,1
2026-07-25 21:56:30,Segmentation,0,1
2026-07-25 21:56:31,Segmentation,0,1
2026-07-25 21:56:33,Segmentation,0,1
2026-07-25 21:56:34,Segmentation,0,1
2026-07-25 21:56:35,Segmentation,0,1
2026-07-25 21:56:36,Segmentation,0,1
2026-07-25 21:56:37,Segmentation,0,1
2026-07-25 21:56:38,Segmentation,0,1
2026-07-25 21:56:39,Segmentation,0,1
2026-07-25 21:56:40,Segmentation,0,1
2026-07-25 21:56:41,Segmentation,0,1
2026-07-25 21:56:42,Segmentation,0,1
2026-07-25 21:56:43,Segmentation,0,1
2026-07-25 21:56:44,Segmentation,0,1
2026-07-25 21:56:45,Segmentation,0,1
2026-07-25 21:56:46,Segmentation,0,1
2026-07-25 21:56:47,Segmentation,0,1
2026-07-25 21:56:48,Segmentation,0,1
2026-07-25 21:56:49,Segmentation,0,1
2026-07-25 21:56:50,Segmentation,0,1
2026-07-25 21:56:51,Segmentation,0,1
2026-07-25 21:56:53,Segmentation,0,1
2026-07-25 21:56:54,Segmentation,0,1
2026-07-25 21:56:55,Segmentation,0,1
2026-07-25 21:56:56,Segmentation,0,1
2026-07-25 21:56:57,Segmentation,0,1
2026-07-25 21:56:58,Segmentation,0,1
2026-07-25 21:56:59,Segmentation,0,1
2026-07-25 21:57:00,Segmentation,0,1
2026-07-25 21:57:01,Segmentation,0,1
2026-07-25 21:57:02,Segmentation,0,1
2026-07-25 21:57:03,Segmentation,0,1
2026-07-25 21:57:04,Segmentation,0,1
2026-07-25 21:57:05,Segmentation,0,1
2026-07-25 21:57:06,Segmentation,0,1
2026-07-25 21:57:07,Segmentation,0,1
2026-07-25 21:57:08,Segmentation,0,1
2026-07-25 21:57:09,Segmentation,0,1
2026-07-25 21:57:10,Segmentation,0,1
2026-07-25 21:57:12,Segmentation,0,1
2026-07-25 21:57:13,Segmentation,0,1
2026-07-25 21:57:14,Segmentation,0,1
2026-07-25 21:57:15,Segmentation,0,1
2026-07-25 21:57:16,Segmentation,0,1
2026-07-25 21:57:17,Segmentation,0,1
2026-07-25 21:57:18,Segmentation,0,1
2026-07-25 21:57:19,Segmentation,0,1
2026-07-25 21:57:20,Segmentation,0,1
2026-07-25 21:57:21,Segmentation,0,1
2026-07-25 21:57:22,Segmentation,0,1
2026-07-25 21:57:23,Segmentation,0,1
2026-07-25 21:57:24,Segmentation,0,1
2026-07-25 21:57:25,Segmentation,0,1
2026-07-25 21:57:26,Segmentation,0,1
2026-07-25 21:57:28,Segmentation,0,1
2026-07-25 21:57:29,Segmentation,0,1
2026-07-25 21:57:30,Segmentation,0,1
2026-07-25 21:57:31,Segmentation,0,1
2026-07-25 21:57:32,Segmentation,0,1
2026-07-25 21:57:33,Segmentation,0,1
2026-07-25 21:57:34,Segmentation,0,1
2026-07-25 21:57:35,Segmentation,0,1
2026-07-25 21:57:36,Segmentation,0,1
2026-07-25 21:57:37,Segmentation,0,1
2026-07-25 21:57:38,Segmentation,0,1
2026-07-25 21:57:39,Segmentation,0,1
2026-07-25 21:57:40,Segmentation,0,1
2026-07-25 21:57:42,Segmentation,0,1
2026-07-25 21:57:43,Segmentation,0,1
2026-07-25 21:57:44,Segmentation,0,1
2026-07-25 21:57:45,Segmentation,0,1
2026-07-25 21:57:46,Segmentation,0,1
2026-07-25 21:57:47,Segmentation,0,1
2026-07-25 21:57:48,Segmentation,0,1
2026-07-25 21:57:49,Segmentation,0,1
2026-07-25 21:57:50,Segmentation,0,1
2026-07-25 21:57:51,Segmentation,0,1
2026-07-25 21:57:52,Segmentation,0,1
2026-07-25 21:57:53,Segmentation,0,1
2026-07-25 21:57:54,Segmentation,0,1
2026-07-25 21:57:55,Segmentation,0,1
2026-07-25 21:57:56,Segmentation,0,1
2026-07-25 21:57:58,Segmentation,0,1
2026-07-25 21:57:59,Segmentation,0,1
2026-07-25 21:58:00,Segmentation,0,1
2026-07-25 21:58:01,Segmentation,0,1
2026-07-25 21:58:02,Segmentation,0,1
2026-07-25 21:58:03,Segmentation,0,1
2026-07-25 21:58:04,Segmentation,0,1
2026-07-25 21:58:05,Segmentation,0,1
2026-07-25 21:58:06,Segmentation,0,1
2026-07-25 21:58:07,Segmentation,0,1
2026-07-25 21:58:08,Segmentation,0,1
2026-07-25 21:58:09,Segmentation,0,1
2026-07-25 21:58:10,Segmentation,0,1
2026-07-25 21:58:11,Segmentation,0,1
2026-07-25 21:58:13,Segmentation,0,1
2026-07-25 21:58:14,Segmentation,0,1
2026-07-25 21:58:15,Segmentation,0,1
2026-07-25 21:58:16,Segmentation,0,1
2026-07-25 21:58:17,Segmentation,0,1
2026-07-25 21:58:18,Segmentation,0,1
2026-07-25 21:58:19,Segmentation,0,1
2026-07-25 21:58:20,Segmentation,0,1
2026-07-25 21:58:21,Segmentation,0,1
2026-07-25 21:58:22,Segmentation,0,1
2026-07-25 21:58:23,Segmentation,0,1
2026-07-25 21:58:24,Segmentation,0,1
2026-07-25 21:58:25,Segmentation,0,1
2026-07-25 21:58:26,Segmentation,0,1
2026-07-25 21:58:27,Segmentation,0,1
2026-07-25 21:58:28,Segmentation,0,1
2026-07-25 21:58:29,Segmentation,0,1
2026-07-25 21:58:31,Segmentation,0,1
2026-07-25 21:58:32,Segmentation,0,1
2026-07-25 21:58:33,Segmentation,0,1
2026-07-25 21:58:34,Segmentation,0,1
2026-07-25 21:58:35,Segmentation,0,1
2026-07-25 21:58:36,Segmentation,0,1
2026-07-25 21:58:37,Segmentation,0,1
2026-07-25 21:58:38,Segmentation,0,1
2026-07-25 21:58:39,Segmentation,0,1
2026-07-25 21:58:40,Segmentation,0,1
2026-07-25 21:58:41,Segmentation,0,1
2026-07-25 21:58:42,Segmentation,0,1
2026-07-25 21:58:43,Segmentation,0,1
2026-07-25 21:58:44,Segmentation,0,1
2026-07-25 21:58:45,Segmentation,0,1
2026-07-25 21:58:47,Segmentation,0,1
2026-07-25 21:58:48,Segmentation,0,1
2026-07-25 21:58:49,Segmentation,0,1
2026-07-25 21:58:50,Segmentation,0,1
2026-07-25 21:58:51,Segmentation,0,1
2026-07-25 21:58:52,Segmentation,0,1
2026-07-25 21:58:53,Segmentation,0,1
2026-07-25 21:58:54,Segmentation,0,1
2026-07-25 21:58:55,Segmentation,0,1
2026-07-25 21:58:56,Segmentation,0,1
2026-07-25 21:58:57,Segmentation,0,1
2026-07-25 21:58:58,Segmentation,0,1
2026-07-25 21:58:59,Segmentation,0,1
2026-07-25 21:59:00,Segmentation,0,1
2026-07-25 21:59:01,Segmentation,0,1
2026-07-25 21:59:02,Segmentation,0,1
2026-07-25 21:59:04,Segmentation,0,1
2026-07-25 21:59:05,Segmentation,0,1
2026-07-25 21:59:06,Segmentation,0,1
2026-07-25 21:59:07,Segmentation,0,1
2026-07-25 21:59:08,Segmentation,0,1
2026-07-25 21:59:09,Segmentation,0,1
2026-07-25 21:59:10,Segmentation,0,1
2026-07-25 21:59:11,Segmentation,0,1
2026-07-25 21:59:12,Segmentation,0,1
2026-07-25 21:59:13,Segmentation,0,1
2026-07-25 21:59:14,Segmentation,0,1
2026-07-25 21:59:15,Segmentation,0,1
2026-07-25 21:59:16,Segmentation,0,1
2026-07-25 21:59:17,Segmentation,0,1
2026-07-25 21:59:18,Segmentation,0,1
2026-07-25 21:59:19,Segmentation,0,1
2026-07-25 21:59:20,Segmentation,0,1
2026-07-25 21:59:21,Segmentation,0,1
2026-07-25 21:59:22,Segmentation,0,1
2026-07-25 21:59:24,Segmentation,0,1
2026-07-25 21:59:25,Segmentation,0,1
2026-07-25 21:59:26,Segmentation,0,1
2026-07-25 21:59:27,Segmentation,0,1
2026-07-25 21:59:28,Segmentation,0,1
2026-07-25 21:59:29,Segmentation,0,1
2026-07-25 21:59:30,Segmentation,0,1
2026-07-25 21:59:31,Segmentation,0,1
2026-07-25 21:59:32,Segmentation,0,1
2026-07-25 21:59:33,Segmentation,0,1
2026-07-25 21:59:34,Segmentation,0,1
2026-07-25 21:59:35,Segmentation,0,1
2026-07-25 21:59:36,Segmentation,0,1
2026-07-25 21:59:37,Segmentation,0,1
2026-07-25 21:59:38,Segmentation,0,1
2026-07-25 21:59:39,Segmentation,0,1
2026-07-25 21:59:40,Segmentation,0,1
2026-07-25 21:59:41,Segmentation,0,1
2026-07-25 21:59:42,Segmentation,0,1
2026-07-25 21:59:44,Segmentation,0,1
2026-07-25 21:59:45,Segmentation,0,1
2026-07-25 21:59:46,Segmentation,0,1
2026-07-25 21:59:47,Segmentation,0,1
2026-07-25 21:59:48,Segmentation,0,1
2026-07-25 21:59:49,Segmentation,0,1
2026-07-25 21:59:50,Segmentation,0,1
2026-07-25 21:59:51,Segmentation,0,1
2026-07-25 21:59:52,Segmentation,0,1
2026-07-25 21:59:53,Segmentation,0,1
2026-07-25 21:59:54,Segmentation,0,1
2026-07-25 21:59:55,Segmentation,0,1
2026-07-25 21:59:56,Segmentation,0,1
2026-07-25 21:59:57,Segmentation,0,1
2026-07-25 21:59:58,Segmentation,0,1
2026-07-25 21:59:59,Segmentation,0,1
2026-07-25 22:00:00,Segmentation,0,1
2026-07-25 22:00:01,Segmentation,0,1
2026-07-25 22:00:03,Segmentation,0,1
2026-07-25 22:00:04,Segmentation,0,1
2026-07-25 22:00:05,Segmentation,0,1
2026-07-25 22:00:06,Segmentation,0,1
2026-07-25 22:00:07,Segmentation,0,1
2026-07-25 22:00:08,Segmentation,0,1
2026-07-25 22:00:09,Segmentation,0,1
2026-07-25 22:00:10,Segmentation,0,1
2026-07-25 22:00:11,Segmentation,0,1
2026-07-25 22:00:12,Segmentation,0,1
2026-07-25 22:00:13,Segmentation,0,1
2026-07-25 22:00:14,Segmentation,0,1
2026-07-25 22:00:15,Segmentation,0,1
2026-07-25 22:00:17,Segmentation,0,1
2026-07-25 22:00:18,Segmentation,0,1
2026-07-25 22:00:19,Segmentation,0,1
2026-07-25 22:00:20,Segmentation,0,1
2026-07-25 22:00:21,Segmentation,0,1
2026-07-25 22:00:22,Segmentation,0,1
2026-07-25 22:00:23,Segmentation,0,1
2026-07-25 22:00:24,Segmentation,0,1
2026-07-25 22:00:25,Segmentation,0,1
2026-07-25 22:00:26,Segmentation,0,1
2026-07-25 22:00:27,Segmentation,0,1
2026-07-25 22:00:28,Segmentation,0,1
2026-07-25 22:00:29,Segmentation,0,1
2026-07-25 22:00:31,Segmentation,0,1
2026-07-25 22:00:32,Segmentation,0,1
2026-07-25 22:00:33,Segmentation,0,1
2026-07-25 22:00:34,Segmentation,0,1
2026-07-25 22:00:35,Segmentation,0,1
2026-07-25 22:00:36,Segmentation,0,1
2026-07-25 22:00:37,Segmentation,0,1
2026-07-25 22:00:38,Segmentation,0,1
2026-07-25 22:00:39,Segmentation,0,1
2026-07-25 22:00:40,Segmentation,0,1
2026-07-25 22:00:41,Segmentation,0,1
2026-07-25 22:00:43,Segmentation,0,1
2026-07-25 22:00:44,Segmentation,0,1
2026-07-25 22:00:45,Segmentation,0,1
2026-07-25 22:00:46,Segmentation,0,1
2026-07-25 22:00:47,Segmentation,0,1
2026-07-25 22:00:48,Segmentation,0,1
2026-07-25 22:00:49,Segmentation,0,1
2026-07-25 22:00:50,Segmentation,0,1
2026-07-25 22:00:51,Segmentation,0,1
2026-07-25 22:00:52,Segmentation,0,1
2026-07-25 22:00:54,Segmentation,0,1
2026-07-25 22:00:55,Segmentation,0,1
2026-07-25 22:00:56,Segmentation,0,1
2026-07-25 22:00:57,Segmentation,0,1
2026-07-25 22:00:58,Segmentation,0,1
2026-07-25 22:00:59,Segmentation,0,1
2026-07-25 22:01:00,Segmentation,0,1
2026-07-25 22:01:01,Segmentation,0,1
2026-07-25 22:01:02,Segmentation,0,1
2026-07-25 22:01:03,Segmentation,0,1
2026-07-25 22:01:04,Segmentation,0,1
2026-07-25 22:01:05,Segmentation,0,1
2026-07-25 22:01:07,Segmentation,0,1
2026-07-25 22:01:08,Segmentation,0,1
2026-07-25 22:01:09,Segmentation,0,1
2026-07-25 22:01:10,Segmentation,0,1
2026-07-25 22:01:11,Segmentation,0,1
2026-07-25 22:01:12,Segmentation,0,1
2026-07-25 22:01:13,Segmentation,0,1
2026-07-25 22:01:14,Segmentation,0,1
2026-07-25 22:01:15,Segmentation,0,1
2026-07-25 22:01:16,Segmentation,0,1
2026-07-25 22:01:17,Segmentation,0,1
2026-07-25 22:01:18,Segmentation,0,1
2026-07-25 22:01:20,Segmentation,0,1
2026-07-25 22:01:21,Segmentation,0,1
2026-07-25 22:01:22,Segmentation,0,1
2026-07-25 22:01:23,Segmentation,0,1
2026-07-25 22:01:24,Segmentation,0,1
2026-07-25 22:01:25,Segmentation,0,1
2026-07-25 22:01:26,Segmentation,0,1
2026-07-25 22:01:27,Segmentation,0,1
2026-07-25 22:01:29,Segmentation,0,1
2026-07-25 22:01:30,Segmentation,0,1
2026-07-25 22:01:31,Segmentation,0,1
2026-07-25 22:01:32,Segmentation,0,1
2026-07-25 22:01:33,Segmentation,0,1
2026-07-25 22:01:34,Segmentation,0,1
2026-07-25 22:01:35,Segmentation,0,1
2026-07-25 22:01:36,Segmentation,0,1
2026-07-25 22:01:37,Segmentation,0,1
2026-07-25 22:01:38,Segmentation,0,1
2026-07-25 22:01:39,Segmentation,0,1
2026-07-25 22:01:41,Segmentation,0,1
2026-07-25 22:01:42,Segmentation,0,1
2026-07-25 22:01:43,Segmentation,0,1
2026-07-25 22:01:44,Segmentation,0,1
2026-07-25 22:01:45,Segmentation,0,1
2026-07-25 22:01:46,Segmentation,0,1
2026-07-25 22:01:47,Segmentation,0,1
2026-07-25 22:01:48,Segmentation,0,1
2026-07-25 22:01:49,Segmentation,0,1
2026-07-25 22:01:50,Segmentation,0,1
2026-07-25 22:01:52,Segmentation,0,1
2026-07-25 22:01:53,Segmentation,0,1
2026-07-25 22:01:54,Segmentation,0,1
2026-07-25 22:01:55,Segmentation,0,1
2026-07-25 22:01:56,Segmentation,0,1
2026-07-25 22:01:57,Segmentation,0,1
2026-07-25 22:01:58,Segmentation,0,1
2026-07-25 22:01:59,Segmentation,0,1
2026-07-25 22:02:00,Segmentation,0,1
2026-07-25 22:02:02,Segmentation,0,1
2026-07-25 22:02:03,Segmentation,0,1
2026-07-25 22:02:04,Segmentation,0,1
2026-07-25 22:02:05,Segmentation,0,1
2026-07-25 22:02:06,Segmentation,0,1
2026-07-25 22:02:07,Segmentation,0,1
2026-07-25 22:02:08,Segmentation,0,1
2026-07-25 22:02:09,Segmentation,0,1
2026-07-25 22:02:10,Segmentation,0,1
2026-07-25 22:02:12,Segmentation,0,1
2026-07-25 22:02:13,Segmentation,0,1
2026-07-25 22:02:14,Segmentation,0,1
2026-07-25 22:02:15,Segmentation,0,1
2026-07-25 22:02:16,Segmentation,0,1
2026-07-25 22:02:18,Segmentation,0,1
2026-07-25 22:02:19,Segmentation,0,1
2026-07-25 22:02:20,Segmentation,0,1
2026-07-25 22:02:21,Segmentation,0,1
2026-07-25 22:02:22,Segmentation,0,1
2026-07-25 22:02:23,Segmentation,0,1
2026-07-25 22:02:24,Segmentation,0,1
2026-07-25 22:02:25,Segmentation,0,1
2026-07-25 22:02:26,Segmentation,0,1
2026-07-25 22:02:27,Segmentation,0,1
2026-07-25 22:02:28,Segmentation,0,1
2026-07-25 22:02:29,Segmentation,0,1
2026-07-25 22:02:31,Segmentation,0,1
2026-07-25 22:02:32,Segmentation,0,1
2026-07-25 22:02:33,Segmentation,0,1
2026-07-25 22:02:34,Segmentation,0,1
2026-07-25 22:02:35,Segmentation,0,1
2026-07-25 22:02:36,Segmentation,0,1
2026-07-25 22:02:37,Segmentation,0,1
2026-07-25 22:02:38,Segmentation,0,1
2026-07-25 22:02:39,Segmentation,0,1
2026-07-25 22:02:40,Segmentation,0,1
2026-07-25 22:02:42,Segmentation,0,1
2026-07-25 22:02:43,Segmentation,0,1
2026-07-25 22:02:44,Segmentation,0,1
2026-07-25 22:02:45,Segmentation,0,1
2026-07-25 22:02:46,Segmentation,0,1
2026-07-25 22:02:47,Segmentation,0,1
2026-07-25 22:02:48,Segmentation,0,1
2026-07-25 22:02:49,Segmentation,0,1
2026-07-25 22:02:50,Segmentation,0,1
2026-07-25 22:02:51,Segmentation,0,1
2026-07-25 22:02:53,Segmentation,0,1
2026-07-25 22:02:54,Segmentation,0,1
2026-07-25 22:02:55,Segmentation,0,1
2026-07-25 22:02:56,Segmentation,0,1
2026-07-25 22:02:57,Segmentation,0,1
2026-07-25 22:02:58,Segmentation,0,1
2026-07-25 22:02:59,Segmentation,0,1
2026-07-25 22:03:00,Segmentation,0,1
2026-07-25 22:03:01,Segmentation,0,1
2026-07-25 22:03:02,Segmentation,0,1
2026-07-25 22:03:04,Segmentation,0,1
2026-07-25 22:03:05,Segmentation,0,1
2026-07-25 22:03:06,Segmentation,0,1
2026-07-25 22:03:07,Segmentation,0,1
2026-07-25 22:03:08,Segmentation,0,1
2026-07-25 22:03:09,Segmentation,0,1
2026-07-25 22:03:10,Segmentation,0,1
2026-07-25 22:03:11,Segmentation,0,1
2026-07-25 22:03:12,Segmentation,0,1
2026-07-25 22:03:14,Segmentation,0,1
2026-07-25 22:03:15,Segmentation,0,1
2026-07-25 22:03:16,Segmentation,0,1
2026-07-25 22:03:17,Segmentation,0,1
2026-07-25 22:03:18,Segmentation,0,1
2026-07-25 22:03:19,Segmentation,0,1
2026-07-25 22:03:20,Segmentation,0,1
2026-07-25 22:03:21,Segmentation,0,1
2026-07-25 22:03:22,Segmentation,0,1
2026-07-25 22:03:23,Segmentation,0,1
2026-07-25 22:03:24,Segmentation,0,1
2026-07-25 22:03:26,Segmentation,0,1
2026-07-25 22:03:27,Segmentation,0,1
2026-07-25 22:03:28,Segmentation,0,1
2026-07-25 22:03:29,Segmentation,0,1
2026-07-25 22:03:30,Segmentation,0,1
2026-07-25 22:03:31,Segmentation,0,1
2026-07-25 22:03:32,Segmentation,0,1
2026-07-25 22:03:34,Segmentation,0,1
2026-07-25 22:03:35,Segmentation,0,1
2026-07-25 22:03:36,Segmentation,0,1
2026-07-25 22:03:37,Segmentation,0,1
2026-07-25 22:03:38,Segmentation,0,1
2026-07-25 22:03:39,Segmentation,0,1
2026-07-25 22:03:40,Segmentation,0,1
2026-07-25 22:03:41,Segmentation,0,1
2026-07-25 22:03:42,Segmentation,0,1
2026-07-25 22:03:43,Segmentation,0,1
2026-07-25 22:03:44,Segmentation,0,1
2026-07-25 22:03:46,Segmentation,0,1
2026-07-25 22:03:47,Segmentation,0,1
2026-07-25 22:03:48,Segmentation,0,1
2026-07-25 22:03:49,Segmentation,0,1
2026-07-25 22:03:50,Segmentation,0,1
2026-07-25 22:03:51,Segmentation,0,1
2026-07-25 22:03:52,Segmentation,0,1
2026-07-25 22:03:53,Segmentation,0,1
2026-07-25 22:03:54,Segmentation,0,1
2026-07-25 22:03:56,Segmentation,0,1
2026-07-25 22:03:57,Segmentation,0,1
2026-07-25 22:03:58,Segmentation,0,1
2026-07-25 22:03:59,Segmentation,0,1
2026-07-25 22:04:00,Segmentation,0,1
2026-07-25 22:04:01,Segmentation,0,1
2026-07-25 22:04:02,Segmentation,0,1
2026-07-25 22:04:03,Segmentation,0,1
2026-07-25 22:04:04,Segmentation,0,1
2026-07-25 22:04:05,Segmentation,0,1
2026-07-25 22:04:06,Segmentation,0,1
2026-07-25 22:04:07,Segmentation,0,1
2026-07-25 22:04:08,Segmentation,0,1
2026-07-25 22:04:09,Segmentation,0,1
2026-07-25 22:04:11,Segmentation,0,1
2026-07-25 22:04:12,Segmentation,0,1
2026-07-25 22:04:13,Segmentation,0,1
2026-07-25 22:04:14,Segmentation,0,1
2026-07-25 22:04:15,Segmentation,0,1
2026-07-25 22:04:16,Segmentation,0,1
2026-07-25 22:04:17,Segmentation,0,1
2026-07-25 22:04:18,Segmentation,0,1
2026-07-25 22:04:19,Segmentation,0,1
2026-07-25 22:04:20,Segmentation,0,1
2026-07-25 22:04:22,Segmentation,0,1
2026-07-25 22:04:23,Segmentation,0,1
2026-07-25 22:04:24,Segmentation,0,1
2026-07-25 22:04:25,Segmentation,0,1
2026-07-25 22:04:26,Segmentation,0,1
2026-07-25 22:04:27,Segmentation,0,1
2026-07-25 22:04:28,Segmentation,0,1
2026-07-25 22:04:29,Segmentation,0,1
2026-07-25 22:04:30,Segmentation,0,1
2026-07-25 22:04:31,Segmentation,0,1
2026-07-25 22:04:32,Segmentation,0,1
2026-07-25 22:04:33,Segmentation,0,1
2026-07-25 22:04:34,Segmentation,0,1
2026-07-25 22:04:35,Segmentation,0,1
2026-07-25 22:04:37,Segmentation,0,1
2026-07-25 22:04:38,Segmentation,0,1
2026-07-25 22:04:39,Segmentation,0,1
2026-07-25 22:04:40,Segmentation,0,1
2026-07-25 22:04:41,Segmentation,0,1
2026-07-25 22:04:42,Segmentation,0,1
2026-07-25 22:04:43,Segmentation,0,1
2026-07-25 22:04:44,Segmentation,0,1
2026-07-25 22:04:45,Segmentation,0,1
2026-07-25 22:04:46,Segmentation,0,1
2026-07-25 22:04:47,Segmentation,0,1
2026-07-25 22:04:49,Segmentation,0,1
2026-07-25 22:04:50,Segmentation,0,1
2026-07-25 22:04:51,Segmentation,0,1
2026-07-25 22:04:52,Segmentation,0,1
2026-07-25 22:04:53,Segmentation,0,1
2026-07-25 22:04:54,Segmentation,0,1
2026-07-25 22:04:55,Segmentation,0,1
2026-07-25 22:04:57,Segmentation,0,1
2026-07-25 22:04:58,Segmentation,0,1
2026-07-25 22:04:59,Segmentation,0,1
2026-07-25 22:05:00,Segmentation,0,1
2026-07-25 22:05:01,Segmentation,0,1
2026-07-25 22:05:02,Segmentation,0,1
2026-07-25 22:05:03,Segmentation,0,1
2026-07-25 22:05:04,Segmentation,0,1
2026-07-25 22:05:05,Segmentation,0,1
2026-07-25 22:05:06,Segmentation,0,1
2026-07-25 22:05:07,Segmentation,0,1
2026-07-25 22:05:08,Segmentation,0,1
2026-07-25 22:05:10,Segmentation,0,1
2026-07-25 22:05:11,Segmentation,0,1
2026-07-25 22:05:12,Segmentation,0,1
2026-07-25 22:05:13,Segmentation,0,1
2026-07-25 22:05:14,Segmentation,0,1
2026-07-25 22:05:15,Segmentation,0,1
2026-07-25 22:05:16,Segmentation,0,1
2026-07-25 22:05:17,Segmentation,0,1
2026-07-25 22:05:18,Segmentation,0,1
2026-07-25 22:05:19,Segmentation,0,1
2026-07-25 22:05:20,Segmentation,0,1
2026-07-25 22:05:22,Segmentation,0,1
2026-07-25 22:05:23,Segmentation,0,1
2026-07-25 22:05:24,Segmentation,0,1
2026-07-25 22:05:25,Segmentation,0,1
2026-07-25 22:05:26,Segmentation,0,1
2026-07-25 22:05:27,Segmentation,0,1
2026-07-25 22:05:28,Segmentation,0,1
2026-07-25 22:05:29,Segmentation,0,1
2026-07-25 22:05:30,Segmentation,0,1
2026-07-25 22:05:32,Segmentation,0,1
2026-07-25 22:05:33,Segmentation,0,1
2026-07-25 22:05:34,Segmentation,0,1
2026-07-25 22:05:35,Segmentation,0,1
2026-07-25 22:05:36,Segmentation,0,1
2026-07-25 22:05:37,Segmentation,0,1
2026-07-25 22:05:38,Segmentation,0,1
2026-07-25 22:05:39,Segmentation,0,1
2026-07-25 22:05:40,Segmentation,0,1
2026-07-25 22:05:41,Segmentation,0,1
2026-07-25 22:05:42,Segmentation,0,1
2026-07-25 22:05:43,Segmentation,0,1
2026-07-25 22:05:45,Segmentation,0,1
2026-07-25 22:05:46,Segmentation,0,1
2026-07-25 22:05:47,Segmentation,0,1
2026-07-25 22:05:48,Segmentation,0,1
2026-07-25 22:05:49,Segmentation,0,1
2026-07-25 22:05:50,Segmentation,0,1
2026-07-25 22:05:51,Segmentation,0,1
2026-07-25 22:05:52,Segmentation,0,1
2026-07-25 22:05:53,Segmentation,0,1
2026-07-25 22:05:54,Segmentation,0,1
2026-07-25 22:05:55,Segmentation,0,1
2026-07-25 22:05:56,Segmentation,0,1
2026-07-25 22:05:58,Segmentation,0,1
2026-07-25 22:05:59,Segmentation,0,1
2026-07-25 22:06:00,Segmentation,0,1
2026-07-25 22:06:01,Segmentation,0,1
2026-07-25 22:06:02,Segmentation,0,1
2026-07-25 22:06:03,Segmentation,0,1
2026-07-25 22:06:04,Segmentation,0,1
2026-07-25 22:06:05,Segmentation,0,1
2026-07-25 22:06:06,Segmentation,0,1
2026-07-25 22:06:07,Segmentation,0,1
2026-07-25 22:06:09,Segmentation,0,1
2026-07-25 22:06:10,Segmentation,0,1
2026-07-25 22:06:11,Segmentation,0,1
2026-07-25 22:06:12,Segmentation,0,1
2026-07-25 22:06:13,Segmentation,0,1
2026-07-25 22:06:14,Segmentation,0,1
2026-07-25 22:06:15,Segmentation,0,1
2026-07-25 22:06:16,Segmentation,0,1
2026-07-25 22:06:18,Segmentation,0,1
2026-07-25 22:06:19,Segmentation,0,1
2026-07-25 22:06:20,Segmentation,0,1
2026-07-25 22:06:21,Segmentation,0,1
2026-07-25 22:06:22,Segmentation,0,1
2026-07-25 22:06:23,Segmentation,0,1
2026-07-25 22:06:24,Segmentation,0,1
2026-07-25 22:06:25,Segmentation,0,1
2026-07-25 22:06:26,Segmentation,0,1
2026-07-25 22:06:27,Segmentation,0,1
2026-07-25 22:06:29,Segmentation,0,1
2026-07-25 22:06:30,Segmentation,0,1
2026-07-25 22:06:31,Segmentation,0,1
2026-07-25 22:06:32,Segmentation,0,1
2026-07-25 22:06:33,Segmentation,0,1
2026-07-25 22:06:34,Segmentation,0,1
2026-07-25 22:06:35,Segmentation,0,1
2026-07-25 22:06:36,Segmentation,0,1
2026-07-25 22:06:37,Segmentation,0,1
2026-07-25 22:06:38,Segmentation,0,1
2026-07-25 22:06:40,Segmentation,0,1
2026-07-25 22:06:41,Segmentation,0,1
2026-07-25 22:06:42,Segmentation,0,1
2026-07-25 22:06:43,Segmentation,0,1
2026-07-25 22:06:44,Segmentation,0,1
2026-07-25 22:06:45,Segmentation,0,1
2026-07-25 22:06:46,Segmentation,0,1
2026-07-25 22:06:48,Segmentation,0,1
2026-07-25 22:06:49,Segmentation,0,1
2026-07-25 22:06:50,Segmentation,0,1
2026-07-25 22:06:51,Segmentation,0,1
2026-07-25 22:06:52,Segmentation,0,1
2026-07-25 22:06:53,Segmentation,0,1
2026-07-25 22:06:54,Segmentation,0,1
2026-07-25 22:06:56,Segmentation,0,1
2026-07-25 22:06:57,Segmentation,0,1
2026-07-25 22:06:58,Segmentation,0,1
2026-07-25 22:06:59,Segmentation,0,1
2026-07-25 22:07:00,Segmentation,0,1
2026-07-25 22:07:01,Segmentation,0,1
2026-07-25 22:07:02,Segmentation,0,1
2026-07-25 22:07:03,Segmentation,0,1
2026-07-25 22:07:04,Segmentation,0,1
2026-07-25 22:07:05,Segmentation,0,1
2026-07-25 22:07:07,Segmentation,0,1
2026-07-25 22:07:08,Segmentation,0,1
2026-07-25 22:07:09,Segmentation,0,1
2026-07-25 22:07:10,Segmentation,0,1
2026-07-25 22:07:11,Segmentation,0,1
2026-07-25 22:07:12,Segmentation,0,1
2026-07-25 22:07:13,Segmentation,0,1
2026-07-25 22:07:14,Segmentation,0,1
2026-07-25 22:07:15,Segmentation,0,1
2026-07-25 22:07:16,Segmentation,0,1
2026-07-25 22:07:17,Segmentation,0,1
2026-07-25 22:07:19,Segmentation,0,1
2026-07-25 22:07:20,Segmentation,0,1
2026-07-25 22:07:21,Segmentation,0,1
2026-07-25 22:07:22,Segmentation,0,1
2026-07-25 22:07:23,Segmentation,0,1
2026-07-25 22:07:24,Segmentation,0,1
2026-07-25 22:07:25,Segmentation,0,1
2026-07-25 22:07:26,Segmentation,0,1
2026-07-25 22:07:27,Segmentation,0,1
2026-07-25 22:07:28,Segmentation,0,1
2026-07-25 22:07:29,Segmentation,0,1
2026-07-25 22:07:31,Segmentation,0,1
2026-07-25 22:07:32,Segmentation,0,1
2026-07-25 22:07:33,Segmentation,0,1
2026-07-25 22:07:34,Segmentation,0,1
2026-07-25 22:07:35,Segmentation,0,1
2026-07-25 22:07:36,Segmentation,0,1
2026-07-25 22:07:37,Segmentation,0,1
2026-07-25 22:07:38,Segmentation,0,1
2026-07-25 22:07:39,Segmentation,0,1
2026-07-25 22:07:41,Segmentation,0,1
2026-07-25 22:07:42,Segmentation,0,1
2026-07-25 22:07:43,Segmentation,0,1
2026-07-25 22:07:44,Segmentation,0,1
2026-07-25 22:07:45,Segmentation,0,1
2026-07-25 22:07:46,Segmentation,0,1
2026-07-25 22:07:47,Segmentation,0,1
2026-07-25 22:07:48,Segmentation,0,1
2026-07-25 22:07:49,Segmentation,0,1
2026-07-25 22:07:50,Segmentation,0,1
2026-07-25 22:07:51,Segmentation,0,1
2026-07-25 22:07:53,Segmentation,0,1
2026-07-25 22:07:54,Segmentation,0,1
2026-07-25 22:07:55,Segmentation,0,1
2026-07-25 22:07:56,Segmentation,0,1
2026-07-25 22:07:57,Segmentation,0,1
2026-07-25 22:07:58,Segmentation,0,1
2026-07-25 22:07:59,Segmentation,0,1
2026-07-25 22:08:00,Segmentation,0,1
2026-07-25 22:08:01,Segmentation,0,1
2026-07-25 22:08:03,Segmentation,0,1
2026-07-25 22:08:04,Segmentation,0,1
2026-07-25 22:08:05,Segmentation,0,1
2026-07-25 22:08:06,Segmentation,0,1
2026-07-25 22:08:07,Segmentation,0,1
2026-07-25 22:08:08,Segmentation,0,1
2026-07-25 22:08:09,Segmentation,0,1
2026-07-25 22:08:10,Segmentation,0,1
2026-07-25 22:08:11,Segmentation,0,1
2026-07-25 22:08:12,Segmentation,0,1
2026-07-25 22:08:13,Segmentation,0,1
2026-07-25 22:08:15,Segmentation,0,1
2026-07-25 22:08:16,Segmentation,0,1
2026-07-25 22:08:17,Segmentation,0,1
2026-07-25 22:08:18,Segmentation,0,1
2026-07-25 22:08:19,Segmentation,0,1
2026-07-25 22:08:20,Segmentation,0,1
2026-07-25 22:08:21,Segmentation,0,1
2026-07-25 22:08:22,Segmentation,0,1
2026-07-25 22:08:23,Segmentation,0,1
2026-07-25 22:08:24,Segmentation,0,1
2026-07-25 22:08:25,Segmentation,0,1
2026-07-25 22:08:26,Segmentation,0,1
2026-07-25 22:08:28,Segmentation,0,1
2026-07-25 22:08:29,Segmentation,0,1
2026-07-25 22:08:30,Segmentation,0,1
2026-07-25 22:08:31,Segmentation,0,1
2026-07-25 22:08:32,Segmentation,0,1
2026-07-25 22:08:33,Segmentation,0,1
2026-07-25 22:08:34,Segmentation,0,1
2026-07-25 22:08:35,Segmentation,0,1
2026-07-25 22:08:36,Segmentation,0,1
2026-07-25 22:08:37,Segmentation,0,1
2026-07-25 22:08:38,Segmentation,0,1
2026-07-25 22:08:40,Segmentation,0,1
2026-07-25 22:08:41,Segmentation,0,1
2026-07-25 22:08:42,Segmentation,0,1
2026-07-25 22:08:43,Segmentation,0,1
2026-07-25 22:08:44,Segmentation,0,1
2026-07-25 22:08:45,Segmentation,0,1
2026-07-25 22:08:46,Segmentation,0,1
2026-07-25 22:08:47,Segmentation,0,1
2026-07-25 22:08:48,Segmentation,0,1
2026-07-25 22:08:50,Segmentation,0,1
2026-07-25 22:08:51,Segmentation,0,1
2026-07-25 22:08:52,Segmentation,0,1
2026-07-25 22:08:53,Segmentation,0,1
2026-07-25 22:08:54,Segmentation,0,1
2026-07-25 22:08:55,Segmentation,0,1
2026-07-25 22:08:56,Segmentation,0,1
2026-07-25 22:08:57,Segmentation,0,1
2026-07-25 22:08:58,Segmentation,0,1
2026-07-25 22:08:59,Segmentation,0,1
2026-07-25 22:09:01,Segmentation,0,1
2026-07-25 22:09:02,Segmentation,0,1
2026-07-25 22:09:03,Segmentation,0,1
2026-07-25 22:09:04,Segmentation,0,1
2026-07-25 22:09:05,Segmentation,0,1
2026-07-25 22:09:06,Segmentation,0,1
2026-07-25 22:09:07,Segmentation,0,1
2026-07-25 22:09:08,Segmentation,0,1
2026-07-25 22:09:09,Segmentation,0,1
2026-07-25 22:09:10,Segmentation,0,1
2026-07-25 22:09:11,Segmentation,0,1
2026-07-25 22:09:12,Segmentation,0,1
2026-07-25 22:09:14,Segmentation,0,1
2026-07-25 22:09:15,Segmentation,0,1
2026-07-25 22:09:16,Segmentation,0,1
2026-07-25 22:09:17,Segmentation,0,1
2026-07-25 22:09:18,Segmentation,0,1
2026-07-25 22:09:19,Segmentation,0,1
2026-07-25 22:09:20,Segmentation,0,1
2026-07-25 22:09:21,Segmentation,0,1
2026-07-25 22:09:22,Segmentation,0,1
2026-07-25 22:09:24,Segmentation,0,1
2026-07-25 22:09:25,Segmentation,0,1
2026-07-25 22:09:26,Segmentation,0,1
2026-07-25 22:09:27,Segmentation,0,1
2026-07-25 22:09:28,Segmentation,0,1
2026-07-25 22:09:29,Segmentation,0,1
2026-07-25 22:09:30,Segmentation,0,1
2026-07-25 22:09:31,Segmentation,0,1
2026-07-25 22:09:32,Segmentation,0,1
2026-07-25 22:09:33,Segmentation,0,1
2026-07-25 22:09:34,Segmentation,0,1
2026-07-25 22:09:35,Segmentation,0,1
2026-07-25 22:09:36,Segmentation,0,1
2026-07-25 22:09:37,Segmentation,0,1
2026-07-25 22:09:38,Segmentation,0,1
2026-07-25 22:09:40,Segmentation,0,1
2026-07-25 22:09:41,Segmentation,0,1
2026-07-25 22:09:42,Segmentation,0,1
2026-07-25 22:09:43,Segmentation,0,1
2026-07-25 22:09:44,Segmentation,0,1
2026-07-25 22:09:45,Segmentation,0,1
2026-07-25 22:09:46,Segmentation,0,1
2026-07-25 22:09:47,Segmentation,0,1
2026-07-25 22:09:49,Segmentation,0,1
2026-07-25 22:09:50,Segmentation,0,1
2026-07-25 22:09:51,Segmentation,0,1
2026-07-25 22:09:52,Segmentation,0,1
2026-07-25 22:09:53,Segmentation,0,1
2026-07-25 22:09:54,Segmentation,0,1
2026-07-25 22:09:55,Segmentation,0,1
2026-07-25 22:09:57,Segmentation,0,1
2026-07-25 22:09:58,Segmentation,0,1
2026-07-25 22:09:59,Segmentation,0,1
2026-07-25 22:10:00,Segmentation,0,1
2026-07-25 22:10:01,Segmentation,0,1
2026-07-25 22:10:02,Segmentation,0,1
2026-07-25 22:10:03,Segmentation,0,1
2026-07-25 22:10:04,Segmentation,0,1
2026-07-25 22:10:05,Segmentation,0,1
2026-07-25 22:10:06,Segmentation,0,1
2026-07-25 22:10:07,Segmentation,0,1
2026-07-25 22:10:08,Segmentation,0,1
2026-07-25 22:10:09,Segmentation,0,1
2026-07-25 22:10:10,Segmentation,0,1
2026-07-25 22:10:11,Segmentation,0,1
2026-07-25 22:10:13,Segmentation,0,1
2026-07-25 22:10:14,Segmentation,0,1
2026-07-25 22:10:15,Segmentation,0,1
2026-07-25 22:10:16,Segmentation,0,1
2026-07-25 22:10:17,Segmentation,0,1
2026-07-25 22:10:18,Segmentation,0,1
2026-07-25 22:10:19,Segmentation,0,1
2026-07-25 22:10:20,Segmentation,0,1
2026-07-25 22:10:22,Segmentation,0,1
2026-07-25 22:10:23,Segmentation,0,1
2026-07-25 22:10:24,Segmentation,0,1
2026-07-25 22:10:25,Segmentation,0,1
2026-07-25 22:10:26,Segmentation,0,1
2026-07-25 22:10:27,Segmentation,0,1
2026-07-25 22:10:28,Segmentation,0,1
2026-07-25 22:10:29,Segmentation,0,1
2026-07-25 22:10:30,Segmentation,0,1
2026-07-25 22:10:32,Segmentation,0,1
2026-07-25 22:10:33,Segmentation,0,1
2026-07-25 22:10:34,Segmentation,0,1
2026-07-25 22:10:35,Segmentation,0,1
2026-07-25 22:10:36,Segmentation,0,1
2026-07-25 22:10:37,Segmentation,0,1
2026-07-25 22:10:38,Segmentation,0,1
2026-07-25 22:10:39,Segmentation,0,1
2026-07-25 22:10:41,Segmentation,0,1
2026-07-25 22:10:42,Segmentation,0,1
2026-07-25 22:10:43,Segmentation,0,1
2026-07-25 22:10:44,Segmentation,0,1
2026-07-25 22:10:45,Segmentation,0,1
2026-07-25 22:10:46,Segmentation,0,1
2026-07-25 22:10:47,Segmentation,0,1
2026-07-25 22:10:48,Segmentation,0,1
2026-07-25 22:10:49,Segmentation,0,1
2026-07-25 22:10:50,Segmentation,0,1
2026-07-25 22:10:52,Segmentation,0,1
2026-07-25 22:10:53,Segmentation,0,1
2026-07-25 22:10:54,Segmentation,0,1
2026-07-25 22:10:55,Segmentation,0,1
2026-07-25 22:10:56,Segmentation,0,1
2026-07-25 22:10:57,Segmentation,0,1
2026-07-25 22:10:58,Segmentation,0,1
2026-07-25 22:11:00,Segmentation,0,1
2026-07-25 22:11:01,Segmentation,0,1
2026-07-25 22:11:02,Segmentation,0,1
2026-07-25 22:11:03,Segmentation,0,1
2026-07-25 22:11:04,Segmentation,0,1
2026-07-25 22:11:05,Segmentation,0,1
2026-07-25 22:11:06,Segmentation,0,1
2026-07-25 22:11:07,Segmentation,0,1
2026-07-25 22:11:08,Segmentation,0,1
2026-07-25 22:11:09,Segmentation,0,1
2026-07-25 22:11:10,Segmentation,0,1
2026-07-25 22:11:11,Segmentation,0,1
2026-07-25 22:11:13,Segmentation,0,1
2026-07-25 22:11:14,Segmentation,0,1
2026-07-25 22:11:15,Segmentation,0,1
2026-07-25 22:11:16,Segmentation,0,1
2026-07-25 22:11:17,Segmentation,0,1
2026-07-25 22:11:18,Segmentation,0,1
2026-07-25 22:11:19,Segmentation,0,1
2026-07-25 22:11:20,Segmentation,0,1
2026-07-25 22:11:21,Segmentation,0,1
2026-07-25 22:11:22,Segmentation,0,1
2026-07-25 22:11:24,Segmentation,0,1
2026-07-25 22:11:25,Segmentation,0,1
2026-07-25 22:11:26,Segmentation,0,1
2026-07-25 22:11:27,Segmentation,0,1
2026-07-25 22:11:28,Segmentation,0,1
2026-07-25 22:11:29,Segmentation,0,1
2026-07-25 22:11:30,Segmentation,0,1
2026-07-25 22:11:31,Segmentation,0,1
2026-07-25 22:11:33,Segmentation,0,1
2026-07-25 22:11:34,Segmentation,0,1
2026-07-25 22:11:35,Segmentation,0,1
2026-07-25 22:11:36,Segmentation,0,1
2026-07-25 22:11:37,Segmentation,0,1
2026-07-25 22:11:38,Segmentation,0,1
2026-07-25 22:11:39,Segmentation,0,1
2026-07-25 22:11:40,Segmentation,0,1
2026-07-25 22:11:41,Segmentation,0,1
2026-07-25 22:11:42,Segmentation,0,1
2026-07-25 22:11:43,Segmentation,0,1
2026-07-25 22:11:44,Segmentation,0,1
2026-07-25 22:11:45,Segmentation,0,1
2026-07-25 22:11:46,Segmentation,0,1
2026-07-25 22:11:47,Segmentation,0,1
2026-07-25 22:11:49,Segmentation,0,1
2026-07-25 22:11:50,Segmentation,0,1
2026-07-25 22:11:51,Segmentation,0,1
2026-07-25 22:11:52,Segmentation,0,1
2026-07-25 22:11:53,Segmentation,0,1
2026-07-25 22:11:54,Segmentation,0,1
2026-07-25 22:11:55,Segmentation,0,1
2026-07-25 22:11:56,Segmentation,0,1
2026-07-25 22:11:58,Segmentation,0,1
2026-07-25 22:11:59,Segmentation,0,1
2026-07-25 22:12:00,Segmentation,0,1
2026-07-25 22:12:01,Segmentation,0,1
2026-07-25 22:12:02,Segmentation,0,1
2026-07-25 22:12:03,Segmentation,0,1
2026-07-25 22:12:04,Segmentation,0,1
2026-07-25 22:12:05,Segmentation,0,1
2026-07-25 22:12:06,Segmentation,0,1
2026-07-25 22:12:08,Segmentation,0,1
2026-07-25 22:12:09,Segmentation,0,1
2026-07-25 22:12:10,Segmentation,0,1
2026-07-25 22:12:11,Segmentation,0,1
2026-07-25 22:12:12,Segmentation,0,1
2026-07-25 22:12:13,Segmentation,0,1
2026-07-25 22:12:14,Segmentation,0,1
2026-07-25 22:12:15,Segmentation,0,1
2026-07-25 22:12:16,Segmentation,0,1
2026-07-25 22:12:18,Segmentation,0,1
2026-07-25 22:12:19,Segmentation,0,1
2026-07-25 22:12:20,Segmentation,0,1
2026-07-25 22:12:21,Segmentation,0,1
2026-07-25 22:12:22,Segmentation,0,1
2026-07-25 22:12:23,Segmentation,0,1
2026-07-25 22:12:24,Segmentation,0,1
2026-07-25 22:12:25,Segmentation,0,1
2026-07-25 22:12:26,Segmentation,0,1
2026-07-25 22:12:27,Segmentation,0,1
2026-07-25 22:12:29,Segmentation,0,1
2026-07-25 22:12:30,Segmentation,0,1
2026-07-25 22:12:31,Segmentation,0,1
2026-07-25 22:12:32,Segmentation,0,1
2026-07-25 22:12:33,Segmentation,0,1
2026-07-25 22:12:34,Segmentation,0,1
2026-07-25 22:12:35,Segmentation,0,1
2026-07-25 22:12:36,Segmentation,0,1
2026-07-25 22:12:37,Segmentation,0,1
2026-07-25 22:12:38,Segmentation,0,1
2026-07-25 22:12:39,Segmentation,0,1
2026-07-25 22:12:40,Segmentation,0,1
2026-07-25 22:12:41,Segmentation,0,1
2026-07-25 22:12:42,Segmentation,0,1
2026-07-25 22:12:43,Segmentation,0,1
2026-07-25 22:12:44,Segmentation,0,1
2026-07-25 22:12:46,Segmentation,0,1
2026-07-25 22:12:47,Segmentation,0,1
2026-07-25 22:12:48,Segmentation,0,1
2026-07-25 22:12:49,Segmentation,0,1
2026-07-25 22:12:50,Segmentation,0,1
2026-07-25 22:12:51,Segmentation,0,1
2026-07-25 22:12:52,Segmentation,0,1
2026-07-25 22:12:53,Segmentation,0,1
2026-07-25 22:12:54,Segmentation,0,1
2026-07-25 22:12:56,Segmentation,0,1
2026-07-25 22:12:57,Segmentation,0,1
2026-07-25 22:12:58,Segmentation,0,1
2026-07-25 22:12:59,Segmentation,0,1
2026-07-25 22:13:00,Segmentation,0,1
2026-07-25 22:13:01,Segmentation,0,1
2026-07-25 22:13:02,Segmentation,0,1
2026-07-25 22:13:03,Segmentation,0,1
2026-07-25 22:13:04,Segmentation,0,1
2026-07-25 22:13:05,Segmentation,0,1
2026-07-25 22:13:06,Segmentation,0,1
2026-07-25 22:13:07,Segmentation,0,1
2026-07-25 22:13:08,Segmentation,0,1
2026-07-25 22:13:10,Segmentation,0,1
2026-07-25 22:13:11,Segmentation,0,1
2026-07-25 22:13:12,Segmentation,0,1
2026-07-25 22:13:13,Segmentation,0,1
2026-07-25 22:13:14,Segmentation,0,1
2026-07-25 22:13:15,Segmentation,0,1
2026-07-25 22:13:16,Segmentation,0,1
2026-07-25 22:13:17,Segmentation,0,1
2026-07-25 22:13:18,Segmentation,0,1
2026-07-25 22:13:19,Segmentation,0,1
2026-07-25 22:13:20,Segmentation,0,1
2026-07-25 22:13:21,Segmentation,0,1
2026-07-25 22:13:22,Segmentation,0,1
2026-07-25 22:13:23,Segmentation,0,1
2026-07-25 22:13:25,Segmentation,0,1
2026-07-25 22:13:26,Segmentation,0,1
2026-07-25 22:13:27,Segmentation,0,1
2026-07-25 22:13:28,Segmentation,0,1
2026-07-25 22:13:29,Segmentation,0,1
2026-07-25 22:13:30,Segmentation,0,1
2026-07-25 22:13:31,Segmentation,0,1
2026-07-25 22:13:32,Segmentation,0,1
2026-07-25 22:13:34,Segmentation,0,1
2026-07-25 22:13:35,Segmentation,0,1
2026-07-25 22:13:36,Segmentation,0,1
2026-07-25 22:13:37,Segmentation,0,1
2026-07-25 22:13:38,Segmentation,0,1
2026-07-25 22:13:39,Segmentation,0,1
2026-07-25 22:13:40,Segmentation,0,1
2026-07-25 22:13:41,Segmentation,0,1
2026-07-25 22:13:42,Segmentation,0,1
2026-07-25 22:13:43,Segmentation,0,1
2026-07-25 22:13:44,Segmentation,0,1
2026-07-25 22:13:45,Segmentation,0,1
2026-07-25 22:13:47,Segmentation,0,1
2026-07-25 22:13:48,Segmentation,0,1
2026-07-25 22:13:49,Segmentation,0,1
2026-07-25 22:13:50,Segmentation,0,1
2026-07-25 22:13:51,Segmentation,0,1
2026-07-25 22:13:52,Segmentation,0,1
2026-07-25 22:13:53,Segmentation,0,1
2026-07-25 22:13:54,Segmentation,0,1
2026-07-25 22:13:55,Segmentation,0,1
2026-07-25 22:13:56,Segmentation,0,1
2026-07-25 22:13:57,Segmentation,0,1
2026-07-25 22:13:58,Segmentation,0,1
2026-07-25 22:13:59,Segmentation,0,1
2026-07-25 22:14:01,Segmentation,0,1
2026-07-25 22:14:02,Segmentation,0,1
2026-07-25 22:14:03,Segmentation,0,1
2026-07-25 22:14:04,Segmentation,0,1
2026-07-25 22:14:05,Segmentation,0,1
2026-07-25 22:14:06,Segmentation,0,1
2026-07-25 22:14:07,Segmentation,0,1
2026-07-25 22:14:08,Segmentation,0,1
2026-07-25 22:14:09,Segmentation,0,1
2026-07-25 22:14:10,Segmentation,0,1
2026-07-25 22:14:12,Segmentation,0,1
2026-07-25 22:14:13,Segmentation,0,1
2026-07-25 22:14:14,Segmentation,0,1
2026-07-25 22:14:15,Segmentation,0,1
2026-07-25 22:14:16,Segmentation,0,1
2026-07-25 22:14:17,Segmentation,0,1
2026-07-25 22:14:18,Segmentation,0,1
2026-07-25 22:14:19,Segmentation,0,1
2026-07-25 22:14:21,Segmentation,0,1
2026-07-25 22:14:22,Segmentation,0,1
2026-07-25 22:14:23,Segmentation,0,1
2026-07-25 22:14:24,Segmentation,0,1
2026-07-25 22:14:25,Segmentation,0,1
2026-07-25 22:14:26,Segmentation,0,1
2026-07-25 22:14:27,Segmentation,0,1
2026-07-25 22:14:28,Segmentation,0,1
2026-07-25 22:14:29,Segmentation,0,1
2026-07-25 22:14:30,Segmentation,0,1
2026-07-25 22:14:31,Segmentation,0,1
2026-07-25 22:14:32,Segmentation,0,1
2026-07-25 22:14:33,Segmentation,0,1
2026-07-25 22:14:34,Segmentation,0,1
2026-07-25 22:14:35,Segmentation,0,1
2026-07-25 22:14:36,Segmentation,0,1
2026-07-25 22:14:37,Segmentation,0,1
2026-07-25 22:14:39,Segmentation,0,1
2026-07-25 22:14:40,Segmentation,0,1
2026-07-25 22:14:41,Segmentation,0,1
2026-07-25 22:14:42,Segmentation,0,1
2026-07-25 22:14:43,Segmentation,0,1
2026-07-25 22:14:44,Segmentation,0,1
2026-07-25 22:14:45,Segmentation,0,1
2026-07-25 22:14:46,Segmentation,0,1
2026-07-25 22:14:47,Segmentation,0,1
2026-07-25 22:14:48,Segmentation,0,1
2026-07-25 22:14:49,Segmentation,0,1
2026-07-25 22:14:50,Segmentation,0,1
2026-07-25 22:14:52,Segmentation,0,1
2026-07-25 22:14:53,Segmentation,0,1
2026-07-25 22:14:54,Segmentation,0,1
2026-07-25 22:14:55,Segmentation,0,1
2026-07-25 22:14:56,Segmentation,0,1
2026-07-25 22:14:57,Segmentation,0,1
2026-07-25 22:14:58,Segmentation,0,1
2026-07-25 22:14:59,Segmentation,0,1
2026-07-25 22:15:00,Segmentation,0,1
2026-07-25 22:15:02,Segmentation,0,1
2026-07-25 22:15:03,Segmentation,0,1
2026-07-25 22:15:04,Segmentation,0,1
2026-07-25 22:15:05,Segmentation,0,1
2026-07-25 22:15:06,Segmentation,0,1
2026-07-25 22:15:07,Segmentation,0,1
2026-07-25 22:15:08,Segmentation,0,1
2026-07-25 22:15:09,Segmentation,0,1
2026-07-25 22:15:10,Segmentation,0,1
2026-07-25 22:15:12,Segmentation,0,1
2026-07-25 22:15:13,Segmentation,0,1
2026-07-25 22:15:14,Segmentation,0,1
2026-07-25 22:15:15,Segmentation,0,1
2026-07-25 22:15:16,Segmentation,0,1
2026-07-25 22:15:17,Segmentation,0,1
2026-07-25 22:15:18,Segmentation,0,1
2026-07-25 22:15:19,Segmentation,0,1
2026-07-25 22:15:20,Segmentation,0,1
2026-07-25 22:15:21,Segmentation,0,1
2026-07-25 22:15:22,Segmentation,0,1
2026-07-25 22:15:24,Segmentation,0,1
2026-07-25 22:15:25,Segmentation,0,1
2026-07-25 22:15:26,Segmentation,0,1
2026-07-25 22:15:27,Segmentation,0,1
2026-07-25 22:15:28,Segmentation,0,1
2026-07-25 22:15:29,Segmentation,0,1
2026-07-25 22:15:30,Segmentation,0,1
2026-07-25 22:15:31,Segmentation,0,1
2026-07-25 22:15:32,Segmentation,0,1
2026-07-25 22:15:33,Segmentation,0,1
2026-07-25 22:15:34,Segmentation,0,1
2026-07-25 22:15:35,Segmentation,0,1
2026-07-25 22:15:37,Segmentation,0,1
2026-07-25 22:15:38,Segmentation,0,1
2026-07-25 22:15:39,Segmentation,0,1
2026-07-25 22:15:40,Segmentation,0,1
2026-07-25 22:15:41,Segmentation,0,1
2026-07-25 22:15:42,Segmentation,0,1
2026-07-25 22:15:43,Segmentation,0,1
2026-07-25 22:15:44,Segmentation,0,1
2026-07-25 22:15:46,Segmentation,0,1
2026-07-25 22:15:47,Segmentation,0,1
2026-07-25 22:15:48,Segmentation,0,1
2026-07-25 22:15:49,Segmentation,0,1
2026-07-25 22:15:50,Segmentation,0,1
2026-07-25 22:15:51,Segmentation,0,1
2026-07-25 22:15:52,Segmentation,0,1
2026-07-25 22:15:54,Segmentation,0,1
2026-07-25 22:15:55,Segmentation,0,1
2026-07-25 22:15:56,Segmentation,0,1
2026-07-25 22:15:57,Segmentation,0,1
2026-07-25 22:15:58,Segmentation,0,1
2026-07-25 22:15:59,Segmentation,0,1
2026-07-25 22:16:00,Segmentation,0,1
2026-07-25 22:16:02,Segmentation,0,1
2026-07-25 22:16:03,Segmentation,0,1
2026-07-25 22:16:04,Segmentation,0,1
2026-07-25 22:16:05,Segmentation,0,1
2026-07-25 22:16:06,Segmentation,0,1
2026-07-25 22:16:07,Segmentation,0,1
2026-07-25 22:16:08,Segmentation,0,1
2026-07-25 22:16:09,Segmentation,0,1
2026-07-25 22:16:10,Segmentation,0,1
2026-07-25 22:16:12,Segmentation,0,1
2026-07-25 22:16:13,Segmentation,0,1
2026-07-25 22:16:14,Segmentation,0,1
2026-07-25 22:16:15,Segmentation,0,1
2026-07-25 22:16:16,Segmentation,0,1
2026-07-25 22:16:17,Segmentation,0,1
2026-07-25 22:16:18,Segmentation,0,1
2026-07-25 22:16:19,Segmentation,0,1
2026-07-25 22:16:20,Segmentation,0,1
2026-07-25 22:16:21,Segmentation,0,1
2026-07-25 22:16:23,Segmentation,0,1
2026-07-25 22:16:24,Segmentation,0,1
2026-07-25 22:16:25,Segmentation,0,1
2026-07-25 22:16:26,Segmentation,0,1
2026-07-25 22:16:27,Segmentation,0,1
2026-07-25 22:16:28,Segmentation,0,1
2026-07-25 22:16:29,Segmentation,0,1
2026-07-25 22:16:31,Segmentation,0,1
2026-07-25 22:16:32,Segmentation,0,1
2026-07-25 22:16:33,Segmentation,0,1
2026-07-25 22:16:34,Segmentation,0,1
2026-07-25 22:16:35,Segmentation,0,1
2026-07-25 22:16:36,Segmentation,0,1
2026-07-25 22:16:37,Segmentation,0,1
2026-07-25 22:16:38,Segmentation,0,1
2026-07-25 22:16:39,Segmentation,0,1
2026-07-25 22:16:40,Segmentation,0,1
2026-07-25 22:16:41,Segmentation,0,1
2026-07-25 22:16:43,Segmentation,0,1
2026-07-25 22:16:44,Segmentation,0,1
2026-07-25 22:16:45,Segmentation,0,1
2026-07-25 22:16:46,Segmentation,0,1
2026-07-25 22:16:47,Segmentation,0,1
2026-07-25 22:16:48,Segmentation,0,1
2026-07-25 22:16:49,Segmentation,0,1
2026-07-25 22:16:50,Segmentation,0,1
2026-07-25 22:16:51,Segmentation,0,1
2026-07-25 22:16:52,Segmentation,0,1
2026-07-25 22:16:54,Segmentation,0,1
2026-07-25 22:16:55,Segmentation,0,1
2026-07-25 22:16:56,Segmentation,0,1
2026-07-25 22:16:57,Segmentation,0,1
2026-07-25 22:16:58,Segmentation,0,1
2026-07-25 22:16:59,Segmentation,0,1
2026-07-25 22:17:00,Segmentation,0,1
2026-07-25 22:17:01,Segmentation,0,1
2026-07-25 22:17:03,Segmentation,0,1
2026-07-25 22:17:04,Segmentation,0,1
2026-07-25 22:17:05,Segmentation,0,1
2026-07-25 22:17:06,Segmentation,0,1
2026-07-25 22:17:07,Segmentation,0,1
2026-07-25 22:17:08,Segmentation,0,1
2026-07-25 22:17:09,Segmentation,0,1
2026-07-25 22:17:10,Segmentation,0,1
2026-07-25 22:17:11,Segmentation,0,1
2026-07-25 22:17:12,Segmentation,0,1
2026-07-25 22:17:14,Segmentation,0,1
2026-07-25 22:17:15,Segmentation,0,1
2026-07-25 22:17:16,Segmentation,0,1
2026-07-25 22:17:17,Segmentation,0,1
2026-07-25 22:17:18,Segmentation,0,1
2026-07-25 22:17:19,Segmentation,0,1
2026-07-25 22:17:20,Segmentation,0,1
2026-07-25 22:17:22,Segmentation,0,1
2026-07-25 22:17:23,Segmentation,0,1
2026-07-25 22:17:24,Segmentation,0,1
2026-07-25 22:17:25,Segmentation,0,1
2026-07-25 22:17:26,Segmentation,0,1
2026-07-25 22:17:28,Segmentation,0,1
2026-07-25 22:17:29,Segmentation,0,1
2026-07-25 22:17:30,Segmentation,0,1
2026-07-25 22:17:31,Segmentation,0,1
2026-07-25 22:17:32,Segmentation,0,1
2026-07-25 22:17:33,Segmentation,0,1
2026-07-25 22:17:34,Segmentation,0,1
2026-07-25 22:17:35,Segmentation,0,1
2026-07-25 22:17:36,Segmentation,0,1
2026-07-25 22:17:38,Segmentation,0,1
2026-07-25 22:17:39,Segmentation,0,1
2026-07-25 22:17:40,Segmentation,0,1
2026-07-25 22:17:41,Segmentation,0,1
2026-07-25 22:17:42,Segmentation,0,1
2026-07-25 22:17:43,Segmentation,0,1
2026-07-25 22:17:45,Segmentation,0,1
2026-07-25 22:17:46,Segmentation,0,1
2026-07-25 22:17:47,Segmentation,0,1
2026-07-25 22:17:48,Segmentation,0,1
2026-07-25 22:17:49,Segmentation,0,1
2026-07-25 22:17:50,Segmentation,0,1
2026-07-25 22:17:51,Segmentation,0,1
2026-07-25 22:17:52,Segmentation,0,1
2026-07-25 22:17:54,Segmentation,0,1
2026-07-25 22:17:55,Segmentation,0,1
2026-07-25 22:17:56,Segmentation,0,1
2026-07-25 22:17:57,Segmentation,0,1
2026-07-25 22:17:58,Segmentation,0,1
2026-07-25 22:17:59,Segmentation,0,1
2026-07-25 22:18:00,Segmentation,0,1
2026-07-25 22:18:01,Segmentation,0,1
2026-07-25 22:18:02,Segmentation,0,1
2026-07-25 22:18:04,Segmentation,0,1
2026-07-25 22:18:05,Segmentation,0,1
2026-07-25 22:18:06,Segmentation,0,1
2026-07-25 22:18:07,Segmentation,0,1
2026-07-25 22:18:08,Segmentation,0,1
2026-07-25 22:18:09,Segmentation,0,1
2026-07-25 22:18:11,Segmentation,0,1
2026-07-25 22:18:12,Segmentation,0,1
2026-07-25 22:18:13,Segmentation,0,1
2026-07-25 22:18:14,Segmentation,0,1
2026-07-25 22:18:15,Segmentation,0,1
2026-07-25 22:18:16,Segmentation,0,1
2026-07-25 22:18:17,Segmentation,0,1
2026-07-25 22:18:18,Segmentation,0,1
2026-07-25 22:18:19,Segmentation,0,1
2026-07-25 22:18:20,Segmentation,0,1
2026-07-25 22:18:22,Segmentation,0,1
2026-07-25 22:18:23,Segmentation,0,1
2026-07-25 22:18:24,Segmentation,0,1
2026-07-25 22:18:25,Segmentation,0,1
2026-07-25 22:18:26,Segmentation,0,1
2026-07-25 22:18:27,Segmentation,0,1
2026-07-25 22:18:28,Segmentation,0,1
2026-07-25 22:18:29,Segmentation,0,1
2026-07-25 22:18:31,Segmentation,0,1
2026-07-25 22:18:32,Segmentation,0,1
2026-07-25 22:18:33,Segmentation,0,1
2026-07-25 22:18:34,Segmentation,0,1
2026-07-25 22:18:35,Segmentation,0,1
2026-07-25 22:18:36,Segmentation,0,1
2026-07-25 22:18:37,Segmentation,0,1
2026-07-25 22:18:38,Segmentation,0,1
2026-07-25 22:18:40,Segmentation,0,1
2026-07-25 22:18:41,Segmentation,0,1
2026-07-25 22:18:42,Segmentation,0,1
2026-07-25 22:18:43,Segmentation,0,1
2026-07-25 22:18:44,Segmentation,0,1
2026-07-25 22:18:45,Segmentation,0,1
2026-07-25 22:18:46,Segmentation,0,1
2026-07-25 22:18:47,Segmentation,0,1
2026-07-25 22:18:49,Segmentation,0,1
2026-07-25 22:18:50,Segmentation,0,1
2026-07-25 22:18:51,Segmentation,0,1
2026-07-25 22:18:52,Segmentation,0,1
2026-07-25 22:18:53,Segmentation,0,1
2026-07-25 22:18:54,Segmentation,0,1
2026-07-25 22:18:55,Segmentation,0,1
2026-07-25 22:18:56,Segmentation,0,1
2026-07-25 22:18:58,Segmentation,0,1
2026-07-25 22:18:59,Segmentation,0,1
2026-07-25 22:19:00,Segmentation,0,1
2026-07-25 22:19:01,Segmentation,0,1
2026-07-25 22:19:02,Segmentation,0,1
2026-07-25 22:19:03,Segmentation,0,1
2026-07-25 22:19:04,Segmentation,0,1
2026-07-25 22:19:05,Segmentation,0,1
2026-07-25 22:19:06,Segmentation,0,1
2026-07-25 22:19:07,Segmentation,0,1
2026-07-25 22:19:09,Segmentation,0,1
2026-07-25 22:19:10,Segmentation,0,1
2026-07-25 22:19:11,Segmentation,0,1
2026-07-25 22:19:12,Segmentation,0,1
2026-07-25 22:19:13,Segmentation,0,1
2026-07-25 22:19:14,Segmentation,0,1
2026-07-25 22:19:15,Segmentation,0,1
2026-07-25 22:19:16,Segmentation,0,1
2026-07-25 22:19:18,Segmentation,0,1
2026-07-25 22:19:19,Segmentation,0,1
2026-07-25 22:19:20,Segmentation,0,1
2026-07-25 22:19:21,Segmentation,0,1
2026-07-25 22:19:22,Segmentation,0,1
2026-07-25 22:19:24,Segmentation,0,1
2026-07-25 22:19:29,Segmentation,0,1
2026-07-25 22:19:31,Segmentation,0,1
2026-07-25 22:19:32,Segmentation,0,1
2026-07-25 22:19:33,Segmentation,0,1
2026-07-25 22:19:35,Segmentation,0,1
2026-07-25 22:19:37,Segmentation,0,1
2026-07-25 22:19:44,Segmentation,0,1
2026-07-25 22:19:45,Segmentation,0,1
2026-07-25 22:19:46,Segmentation,0,1
2026-07-25 22:19:47,Segmentation,0,1
2026-07-25 22:19:48,Segmentation,0,1
2026-07-25 22:19:49,Segmentation,0,1
2026-07-25 22:19:50,Segmentation,0,1
2026-07-25 22:19:52,Segmentation,0,1
2026-07-25 22:19:53,Segmentation,0,1
2026-07-25 22:19:54,Segmentation,0,1
2026-07-25 22:19:55,Segmentation,0,1
2026-07-25 22:19:56,Segmentation,0,1
2026-07-25 22:19:57,Segmentation,0,1
2026-07-25 22:19:58,Segmentation,0,1
2026-07-25 22:19:59,Segmentation,0,1
2026-07-25 22:20:00,Segmentation,0,1
2026-07-25 22:20:01,Segmentation,0,1
2026-07-25 22:20:03,Segmentation,0,1
2026-07-25 22:20:04,Segmentation,0,1
2026-07-25 22:20:05,Segmentation,0,1
2026-07-25 22:20:06,Segmentation,0,1
2026-07-25 22:20:07,Segmentation,0,1
2026-07-25 22:20:08,Segmentation,0,1
2026-07-25 22:20:09,Segmentation,0,1
2026-07-25 22:20:10,Segmentation,0,1
2026-07-25 22:20:11,Segmentation,0,1
2026-07-25 22:20:12,Segmentation,0,1
2026-07-25 22:20:13,Segmentation,0,1
2026-07-25 22:20:14,Segmentation,0,1
2026-07-25 22:20:15,Segmentation,0,1
2026-07-25 22:20:16,Segmentation,0,1
2026-07-25 22:20:18,Segmentation,0,1
2026-07-25 22:20:20,Segmentation,0,1
2026-07-25 22:20:21,Segmentation,0,1
2026-07-25 22:20:22,Segmentation,0,1
2026-07-25 22:20:23,Segmentation,0,1
2026-07-25 22:20:25,Segmentation,0,1
2026-07-25 22:20:26,Segmentation,0,1
2026-07-25 22:20:28,Segmentation,0,1
2026-07-25 22:20:29,Segmentation,0,1
2026-07-25 22:20:31,Segmentation,0,1
2026-07-25 22:20:32,Segmentation,0,1
2026-07-25 22:20:34,Segmentation,0,1
2026-07-25 22:20:35,Segmentation,0,1
2026-07-25 22:20:36,Segmentation,0,1
2026-07-25 22:20:37,Segmentation,0,1
2026-07-25 22:20:38,Segmentation,0,1
2026-07-25 22:20:39,Segmentation,0,1
2026-07-25 22:20:41,Segmentation,0,1
2026-07-25 22:20:42,Segmentation,0,1
2026-07-25 22:20:43,Segmentation,0,1
2026-07-25 22:20:45,Segmentation,0,1
2026-07-25 22:20:46,Segmentation,0,1
2026-07-25 22:20:47,Segmentation,0,1
2026-07-25 22:20:48,Segmentation,0,1
2026-07-25 22:20:49,Segmentation,0,1
2026-07-25 22:20:52,Segmentation,0,1
2026-07-25 22:20:53,Segmentation,0,1
2026-07-25 22:21:07,Segmentation,0,1
2026-07-25 22:21:10,Segmentation,0,1
2026-07-25 22:21:14,Segmentation,0,1
2026-07-25 22:21:16,Segmentation,0,1
2026-07-25 22:21:19,Segmentation,0,1
2026-07-25 22:21:23,Segmentation,0,1
2026-07-25 22:21:29,Segmentation,0,1
2026-07-25 22:21:39,Segmentation,0,1
2026-07-25 22:21:42,Segmentation,0,1
2026-07-25 22:21:44,Segmentation,0,1
2026-07-25 22:21:45,Segmentation,0,1
2026-07-25 22:21:48,Segmentation,0,1
2026-07-25 22:21:50,Segmentation,0,1
2026-07-25 22:22:00,Segmentation,0,1
2026-07-25 22:22:02,Segmentation,0,1
2026-07-25 22:22:03,Segmentation,0,1
2026-07-25 22:22:05,Segmentation,0,1
2026-07-25 22:22:06,Segmentation,0,1
2026-07-25 22:22:07,Segmentation,0,1
2026-07-25 22:22:09,Segmentation,0,1
2026-07-25 22:22:10,Segmentation,0,1
2026-07-25 22:22:11,Segmentation,0,1
2026-07-25 22:22:12,Segmentation,0,1
2026-07-25 22:22:13,Segmentation,0,1
2026-07-25 22:22:15,Segmentation,0,1
2026-07-25 22:22:16,Segmentation,0,1
2026-07-25 22:22:17,Segmentation,0,1
2026-07-25 22:22:19,Segmentation,0,1
2026-07-25 22:22:20,Segmentation,0,1
2026-07-25 22:22:21,Segmentation,0,1
2026-07-25 22:22:22,Segmentation,0,1
2026-07-25 22:22:23,Segmentation,0,1
2026-07-25 22:22:24,Segmentation,0,1
2026-07-25 22:22:26,Segmentation,0,1
2026-07-25 22:22:29,Segmentation,0,1
2026-07-25 22:22:30,Segmentation,0,1
2026-07-25 22:22:33,Segmentation,0,1
2026-07-25 22:22:34,Segmentation,0,1
2026-07-25 22:22:35,Segmentation,0,1
2026-07-25 22:22:38,Segmentation,0,1
2026-07-25 22:22:40,Segmentation,0,1
2026-07-25 22:22:41,Segmentation,0,1
2026-07-25 22:22:42,Segmentation,0,1
2026-07-25 22:22:44,Segmentation,0,1
2026-07-25 22:22:46,Segmentation,0,1
2026-07-25 22:22:47,Segmentation,0,1
2026-07-25 22:22:48,Segmentation,0,1
2026-07-25 22:22:49,Segmentation,0,1
2026-07-25 22:22:51,Segmentation,0,1
2026-07-25 22:22:52,Segmentation,0,1
2026-07-25 22:22:53,Segmentation,0,1
2026-07-25 22:22:54,Segmentation,0,1
2026-07-25 22:22:55,Segmentation,0,1
2026-07-25 22:22:56,Segmentation,0,1
2026-07-25 22:22:57,Segmentation,0,1
2026-07-25 22:22:58,Segmentation,0,1
2026-07-25 22:22:59,Segmentation,0,1
2026-07-25 22:23:01,Segmentation,0,1
2026-07-25 22:23:02,Segmentation,0,1
2026-07-25 22:23:03,Segmentation,0,1
2026-07-25 22:23:04,Segmentation,0,1
2026-07-25 22:23:05,Segmentation,0,1
2026-07-25 22:23:06,Segmentation,0,1
2026-07-25 22:23:07,Segmentation,0,1
2026-07-25 22:23:08,Segmentation,0,1
2026-07-25 22:23:09,Segmentation,0,1
2026-07-25 22:23:10,Segmentation,0,1
2026-07-25 22:23:11,Segmentation,0,1
2026-07-25 22:23:13,Segmentation,0,1
2026-07-25 22:23:14,Segmentation,0,1
2026-07-25 22:23:15,Segmentation,0,1
2026-07-25 22:23:16,Segmentation,0,1
2026-07-25 22:23:17,Segmentation,0,1
2026-07-25 22:23:18,Segmentation,0,1
2026-07-25 22:23:19,Segmentation,0,1
2026-07-25 22:23:20,Segmentation,0,1
2026-07-25 22:23:21,Segmentation,0,1
2026-07-25 22:23:22,Segmentation,0,1
2026-07-25 22:23:24,Segmentation,0,1
2026-07-25 22:23:25,Segmentation,0,1
2026-07-25 22:23:26,Segmentation,0,1
2026-07-25 22:23:27,Segmentation,0,1
2026-07-25 22:23:29,Segmentation,0,1
2026-07-25 22:23:30,Segmentation,0,1
2026-07-25 22:23:31,Segmentation,0,1
2026-07-25 22:23:32,Segmentation,0,1
2026-07-25 22:23:34,Segmentation,0,1
2026-07-25 22:23:35,Segmentation,0,1
2026-07-25 22:23:36,Segmentation,0,1
2026-07-25 22:23:37,Segmentation,0,1
2026-07-25 22:23:38,Segmentation,0,1
2026-07-25 22:23:39,Segmentation,0,1
2026-07-25 22:23:40,Segmentation,0,1
2026-07-25 22:23:41,Segmentation,0,1
2026-07-25 22:23:42,Segmentation,0,1
2026-07-25 22:23:44,Segmentation,0,1
2026-07-25 22:23:45,Segmentation,0,1
2026-07-25 22:23:46,Segmentation,0,1
2026-07-25 22:23:47,Segmentation,0,1
2026-07-25 22:23:49,Segmentation,0,1
2026-07-25 22:23:50,Segmentation,0,1
2026-07-25 22:23:51,Segmentation,0,1
2026-07-25 22:23:52,Segmentation,0,1
2026-07-25 22:23:53,Segmentation,0,1
2026-07-25 22:23:54,Segmentation,0,1
2026-07-25 22:23:55,Segmentation,0,1
2026-07-25 22:23:56,Detection,0,1
2026-07-25 22:23:58,Detection,0,1
2026-07-25 22:23:59,Tracking,0,1
2026-07-25 22:24:00,Tracking,0,1
2026-07-25 22:24:01,Tracking,0,1
2026-07-25 22:24:02,Tracking,0,1
2026-07-25 22:24:03,Tracking,0,1
2026-07-25 22:24:04,Tracking,0,1
2026-07-25 22:24:06,Tracking,0,1
2026-07-25 22:24:07,Tracking,0,1
2026-07-25 22:24:08,Tracking,0,1
2026-07-25 22:24:09,Tracking,0,1
2026-07-25 22:24:10,Pose,0,1
2026-07-25 22:24:11,Pose,0,1
2026-07-25 22:24:12,Pose,0,1
2026-07-25 22:24:13,Pose,0,1
2026-07-25 22:24:14,Pose,0,1
2026-07-25 22:24:15,Pose,0,1
2026-07-25 22:24:16,Pose,0,1
2026-07-25 22:24:17,Pose,0,1
2026-07-25 22:24:19,Segmentation,0,1
2026-07-25 22:24:20,Segmentation,0,1
2026-07-25 22:24:21,Segmentation,0,1
2026-07-25 22:24:22,Segmentation,0,1
2026-07-25 22:24:23,Segmentation,0,1
2026-07-25 22:24:24,Segmentation,0,1
2026-07-25 22:24:25,Segmentation,0,1
2026-07-25 22:24:27,Segmentation,0,1
2026-07-25 22:24:28,Segmentation,0,1
2026-07-25 22:24:29,Segmentation,0,1
2026-07-25 22:24:30,Segmentation,0,1
2026-07-25 22:24:32,Segmentation,0,1
2026-07-25 22:24:33,Segmentation,0,1
2026-07-25 22:24:34,Segmentation,0,1
2026-07-25 22:24:35,Segmentation,0,1
2026-07-25 22:24:36,Segmentation,0,1
2026-07-25 22:24:37,Segmentation,0,1
2026-07-25 22:24:39,Segmentation,0,1
2026-07-25 22:24:40,Segmentation,0,1
2026-07-25 22:24:41,Segmentation,0,1
2026-07-25 22:24:42,Segmentation,0,1
2026-07-25 22:24:44,Segmentation,0,1
2026-07-25 22:24:45,Segmentation,0,1
2026-07-25 22:24:46,Segmentation,0,1
2026-07-25 22:24:47,Segmentation,0,1
2026-07-25 22:24:48,Segmentation,0,1
2026-07-25 22:24:50,Segmentation,0,1
2026-07-25 22:24:51,Segmentation,0,1
2026-07-25 22:24:52,Segmentation,0,1
2026-07-25 22:24:53,Segmentation,0,1
2026-07-25 22:24:54,Segmentation,0,1
2026-07-25 22:24:55,Segmentation,0,1
2026-07-25 22:24:56,Segmentation,0,1
2026-07-25 22:24:57,Segmentation,0,1
2026-07-25 22:24:59,Segmentation,0,1
2026-07-25 22:25:00,Segmentation,0,1
2026-07-25 22:25:01,Segmentation,0,1
2026-07-25 22:25:02,Segmentation,0,1
2026-07-25 22:25:03,Segmentation,0,1
2026-07-25 22:25:04,Segmentation,0,1
2026-07-25 22:25:05,Segmentation,0,1
2026-07-25 22:25:06,Segmentation,0,1
2026-07-25 22:25:08,Segmentation,0,1
2026-07-25 22:25:09,Segmentation,0,1
2026-07-25 22:25:10,Segmentation,0,1
2026-07-25 22:25:11,Segmentation,0,1
2026-07-25 22:25:12,Segmentation,0,1
2026-07-25 22:25:14,Segmentation,0,1
2026-07-25 22:25:15,Segmentation,0,1
2026-07-25 22:25:16,Segmentation,0,1
2026-07-25 22:25:17,Segmentation,0,1
2026-07-25 22:25:18,Segmentation,0,1
2026-07-25 22:25:19,Segmentation,0,1
2026-07-25 22:25:21,Segmentation,0,1
2026-07-25 22:25:22,Segmentation,0,1
2026-07-25 22:25:23,Segmentation,0,1
2026-07-25 22:25:24,Segmentation,0,1
2026-07-25 22:25:25,Segmentation,0,1
2026-07-25 22:25:26,Segmentation,0,1
2026-07-25 22:25:27,Segmentation,0,1
2026-07-25 22:25:28,Segmentation,0,1
2026-07-25 22:25:29,Segmentation,0,1
2026-07-25 22:25:30,Segmentation,0,1
2026-07-25 22:25:31,Segmentation,0,1
2026-07-25 22:25:33,Segmentation,0,1
2026-07-25 22:25:34,Segmentation,0,1
2026-07-25 22:25:35,Segmentation,0,1
2026-07-25 22:25:36,Segmentation,0,1
2026-07-25 22:25:37,Segmentation,0,1
2026-07-25 22:25:38,Segmentation,0,1
2026-07-25 22:25:39,Segmentation,0,1
2026-07-25 22:25:40,Segmentation,0,1
2026-07-25 22:25:42,Segmentation,0,1
2026-07-25 22:25:43,Segmentation,0,1
2026-07-25 22:25:44,Segmentation,0,1
2026-07-25 22:25:45,Segmentation,0,1
2026-07-25 22:25:46,Segmentation,0,1
2026-07-25 22:25:47,Segmentation,0,1
2026-07-25 22:25:48,Segmentation,0,1
2026-07-25 22:25:49,Segmentation,0,1
2026-07-25 22:25:50,Segmentation,0,1
2026-07-25 22:25:52,Segmentation,0,1
2026-07-25 22:25:53,Segmentation,0,1
2026-07-25 22:25:54,Segmentation,0,1
2026-07-25 22:25:55,Segmentation,0,1
2026-07-25 22:25:56,Segmentation,0,1
2026-07-25 22:25:57,Segmentation,0,1
2026-07-25 22:25:59,Segmentation,0,1
2026-07-25 22:26:00,Segmentation,0,1
2026-07-25 22:26:01,Segmentation,0,1
2026-07-25 22:26:02,Segmentation,0,1
2026-07-25 22:26:03,Segmentation,0,1
2026-07-25 22:26:05,Segmentation,0,1
2026-07-25 22:26:06,Segmentation,0,1
2026-07-25 22:26:07,Segmentation,0,1
2026-07-25 22:26:08,Segmentation,0,1
2026-07-25 22:26:09,Segmentation,0,1
2026-07-25 22:26:10,Segmentation,0,1
2026-07-25 22:26:11,Segmentation,0,1
2026-07-25 22:26:12,Segmentation,0,1
2026-07-25 22:26:14,Segmentation,0,1
2026-07-25 22:26:16,Segmentation,0,1
2026-07-25 22:26:17,Segmentation,0,1
2026-07-25 22:26:18,Segmentation,0,1
2026-07-25 22:26:19,Segmentation,0,1
2026-07-25 22:26:20,Segmentation,0,1
2026-07-25 22:26:21,Segmentation,0,1
2026-07-25 22:26:22,Segmentation,0,1
2026-07-25 22:26:24,Segmentation,0,1
2026-07-25 22:26:25,Segmentation,0,1
2026-07-25 22:26:26,Segmentation,0,1
2026-07-25 22:26:27,Segmentation,0,1
2026-07-25 22:26:28,Segmentation,0,1
2026-07-25 22:26:29,Segmentation,0,1
2026-07-25 22:26:30,Segmentation,0,1
2026-07-25 22:26:32,Segmentation,0,1
2026-07-25 22:26:33,Segmentation,0,1
2026-07-25 22:26:34,Segmentation,0,1
2026-07-25 22:26:35,Segmentation,0,1
2026-07-25 22:26:36,Segmentation,0,1
2026-07-25 22:26:37,Segmentation,0,1
2026-07-25 22:26:38,Segmentation,0,1
2026-07-25 22:26:40,Segmentation,0,1
2026-07-25 22:26:41,Segmentation,0,1
2026-07-25 22:26:42,Segmentation,0,1
2026-07-25 22:26:43,Segmentation,0,1
2026-07-25 22:26:44,Segmentation,0,1
2026-07-25 22:26:45,Segmentation,0,1
2026-07-25 22:26:46,Segmentation,0,1
2026-07-25 22:26:47,Segmentation,0,1
2026-07-25 22:26:48,Segmentation,0,1
2026-07-25 22:26:49,Segmentation,0,1
2026-07-25 22:26:51,Segmentation,0,1
2026-07-25 22:26:52,Segmentation,0,1
2026-07-25 22:26:53,Segmentation,0,1
2026-07-25 22:26:54,Segmentation,0,1
2026-07-25 22:26:55,Segmentation,0,1
2026-07-25 22:26:56,Segmentation,0,1
2026-07-25 22:26:57,Segmentation,0,1
2026-07-25 22:26:58,Segmentation,0,1
2026-07-25 22:27:00,Segmentation,0,1
2026-07-25 22:27:01,Segmentation,0,1
2026-07-25 22:27:02,Segmentation,0,1
2026-07-25 22:27:03,Segmentation,0,1
2026-07-25 22:27:04,Segmentation,0,1
2026-07-25 22:27:05,Segmentation,0,1
2026-07-25 22:27:07,Segmentation,0,1
2026-07-25 22:27:08,Segmentation,0,1
2026-07-25 22:27:09,Segmentation,0,1
2026-07-25 22:27:10,Segmentation,0,1
2026-07-25 22:27:11,Segmentation,0,1
2026-07-25 22:27:12,Segmentation,0,1
2026-07-25 22:27:13,Segmentation,0,1
2026-07-25 22:27:14,Segmentation,0,1
2026-07-25 22:27:16,Segmentation,0,1
2026-07-25 22:27:17,Segmentation,0,1
2026-07-25 22:27:18,Segmentation,0,1
2026-07-25 22:27:19,Segmentation,0,1
2026-07-25 22:27:20,Segmentation,0,1
2026-07-25 22:27:21,Segmentation,0,1
2026-07-25 22:27:23,Segmentation,0,1
2026-07-25 22:27:24,Segmentation,0,1
2026-07-25 22:27:25,Segmentation,0,1
2026-07-25 22:27:26,Segmentation,0,1
2026-07-25 22:27:27,Segmentation,0,1
2026-07-25 22:27:28,Segmentation,0,1
2026-07-25 22:27:29,Segmentation,0,1
2026-07-25 22:27:30,Segmentation,0,1
2026-07-25 22:27:31,Segmentation,0,1
2026-07-25 22:27:33,Segmentation,0,1
2026-07-25 22:27:34,Segmentation,0,1
2026-07-25 22:27:35,Segmentation,0,1
2026-07-25 22:27:36,Segmentation,0,1
2026-07-25 22:27:37,Segmentation,0,1
2026-07-25 22:27:38,Segmentation,0,1
2026-07-25 22:27:39,Segmentation,0,1
2026-07-25 22:27:40,Segmentation,0,1
2026-07-25 22:27:41,Segmentation,0,1
2026-07-25 22:27:43,Segmentation,0,1
2026-07-25 22:27:44,Segmentation,0,1
2026-07-25 22:27:46,Segmentation,0,1
2026-07-25 22:27:47,Segmentation,0,1
2026-07-25 22:27:48,Segmentation,0,1
2026-07-25 22:27:49,Segmentation,0,1
2026-07-25 22:27:50,Segmentation,0,1
2026-07-25 22:27:51,Segmentation,0,1
2026-07-25 22:27:52,Segmentation,0,1
2026-07-25 22:27:54,Segmentation,0,1
2026-07-25 22:27:55,Segmentation,0,1
2026-07-25 22:27:56,Segmentation,0,1
2026-07-25 22:27:57,Segmentation,0,1
2026-07-25 22:27:58,Segmentation,0,1
2026-07-25 22:27:59,Segmentation,0,1
2026-07-25 22:28:01,Segmentation,0,1
2026-07-25 22:28:02,Segmentation,0,1
2026-07-25 22:28:03,Segmentation,0,1
2026-07-25 22:28:04,Segmentation,0,1
2026-07-25 22:28:05,Segmentation,0,1
2026-07-25 22:28:06,Segmentation,0,1
2026-07-25 22:28:07,Segmentation,0,1
2026-07-25 22:28:08,Segmentation,0,1
2026-07-25 22:28:10,Segmentation,0,1
2026-07-25 22:28:11,Segmentation,0,1
2026-07-25 22:28:12,Segmentation,0,1
2026-07-25 22:28:13,Segmentation,0,1
2026-07-25 22:28:14,Segmentation,0,1
2026-07-25 22:28:15,Segmentation,0,1
2026-07-25 22:28:16,Segmentation,0,1
2026-07-25 22:28:18,Segmentation,0,1
2026-07-25 22:28:19,Segmentation,0,1
2026-07-25 22:28:20,Segmentation,0,1
2026-07-25 22:28:21,Segmentation,0,1
2026-07-25 22:28:22,Segmentation,0,1
2026-07-25 22:28:23,Segmentation,0,1
2026-07-25 22:28:24,Segmentation,0,1
2026-07-25 22:28:25,Segmentation,0,1
2026-07-25 22:28:26,Segmentation,0,1
2026-07-25 22:28:28,Segmentation,0,1
2026-07-25 22:28:29,Segmentation,0,1
2026-07-25 22:28:30,Segmentation,0,1
2026-07-25 22:28:31,Segmentation,0,1
2026-07-25 22:28:33,Segmentation,0,1
2026-07-25 22:28:34,Segmentation,0,1
2026-07-25 22:28:35,Segmentation,0,1
2026-07-25 22:28:36,Segmentation,0,1
2026-07-25 22:28:37,Segmentation,0,1
2026-07-25 22:28:38,Segmentation,0,1
2026-07-25 22:28:39,Segmentation,0,1
2026-07-25 22:28:40,Segmentation,0,1
2026-07-25 22:28:42,Segmentation,0,1
2026-07-25 22:28:43,Segmentation,0,1
2026-07-25 22:28:44,Segmentation,0,1
2026-07-25 22:28:45,Segmentation,0,1
2026-07-25 22:28:46,Segmentation,0,1
2026-07-25 22:28:47,Segmentation,0,1
2026-07-25 22:28:48,Segmentation,0,1
2026-07-25 22:28:49,Segmentation,0,1
2026-07-25 22:28:51,Segmentation,0,1
2026-07-25 22:28:52,Segmentation,0,1
2026-07-25 22:28:53,Segmentation,0,1
2026-07-25 22:28:54,Segmentation,0,1
2026-07-25 22:28:55,Segmentation,0,1
2026-07-25 22:28:56,Segmentation,0,1
2026-07-25 22:28:57,Segmentation,0,1
2026-07-25 22:28:58,Segmentation,0,1
2026-07-25 22:29:00,Segmentation,0,1
2026-07-25 22:29:01,Segmentation,0,1
2026-07-25 22:29:02,Segmentation,0,1
2026-07-25 22:29:03,Segmentation,0,1
2026-07-25 22:29:04,Segmentation,0,1
2026-07-25 22:29:05,Segmentation,0,1
2026-07-25 22:29:06,Segmentation,0,1
2026-07-25 22:29:07,Segmentation,0,1
2026-07-25 22:29:08,Segmentation,0,1
2026-07-25 22:29:10,Segmentation,0,1
2026-07-25 22:29:11,Segmentation,0,1
2026-07-25 22:29:12,Segmentation,0,1
2026-07-25 22:29:13,Segmentation,0,1
2026-07-25 22:29:15,Segmentation,0,1
2026-07-25 22:29:16,Segmentation,0,1
2026-07-25 22:29:17,Segmentation,0,1
2026-07-25 22:29:18,Segmentation,0,1
2026-07-25 22:29:19,Segmentation,0,1
2026-07-25 22:29:20,Segmentation,0,1
2026-07-25 22:29:21,Segmentation,0,1
2026-07-25 22:29:22,Segmentation,0,1
2026-07-25 22:29:23,Segmentation,0,1
2026-07-25 22:29:24,Segmentation,0,1
2026-07-25 22:29:26,Segmentation,0,1
2026-07-25 22:29:27,Segmentation,0,1
2026-07-25 22:29:28,Segmentation,0,1
2026-07-25 22:29:29,Segmentation,0,1
2026-07-25 22:29:30,Segmentation,0,1
2026-07-25 22:29:32,Segmentation,0,1
2026-07-25 22:29:33,Segmentation,0,1
2026-07-25 22:29:34,Segmentation,0,1
2026-07-25 22:29:35,Segmentation,0,1
2026-07-25 22:29:36,Segmentation,0,1
2026-07-25 22:29:38,Segmentation,0,1
2026-07-25 22:29:39,Segmentation,0,1
2026-07-25 22:29:40,Segmentation,0,1
2026-07-25 22:29:41,Segmentation,0,1
2026-07-25 22:29:42,Segmentation,0,1
2026-07-25 22:29:43,Segmentation,0,1
2026-07-25 22:29:45,Segmentation,0,1
2026-07-25 22:29:46,Segmentation,0,1
2026-07-25 22:29:47,Segmentation,0,1
2026-07-25 22:29:48,Segmentation,0,1
2026-07-25 22:29:49,Segmentation,0,1
2026-07-25 22:29:50,Segmentation,0,1
2026-07-25 22:29:51,Segmentation,0,1
2026-07-25 22:29:52,Segmentation,0,1
2026-07-25 22:29:53,Segmentation,0,1
2026-07-25 22:29:54,Segmentation,0,1
2026-07-25 22:29:56,Segmentation,0,1
2026-07-25 22:29:57,Segmentation,0,1
2026-07-25 22:29:58,Segmentation,0,1
2026-07-25 22:29:59,Segmentation,0,1
2026-07-25 22:30:01,Segmentation,0,1
2026-07-25 22:30:02,Segmentation,0,1
2026-07-25 22:30:03,Segmentation,0,1
2026-07-25 22:30:04,Segmentation,0,1
2026-07-25 22:30:05,Segmentation,0,1
2026-07-25 22:30:06,Segmentation,0,1
2026-07-25 22:30:07,Segmentation,0,1
2026-07-25 22:30:09,Segmentation,0,1
2026-07-25 22:30:10,Segmentation,0,1
2026-07-25 22:30:11,Segmentation,0,1
2026-07-25 22:30:12,Segmentation,0,1
2026-07-25 22:30:13,Segmentation,0,1
2026-07-25 22:30:14,Segmentation,0,1
2026-07-25 22:30:16,Segmentation,0,1
2026-07-25 22:30:17,Segmentation,0,1
2026-07-25 22:30:18,Segmentation,0,1
2026-07-25 22:30:19,Segmentation,0,1
2026-07-25 22:30:20,Segmentation,0,1
2026-07-25 22:30:21,Segmentation,0,1
2026-07-25 22:30:22,Segmentation,0,1
2026-07-25 22:30:23,Segmentation,0,1
2026-07-25 22:30:24,Segmentation,0,1
2026-07-25 22:30:26,Segmentation,0,1
2026-07-25 22:30:27,Segmentation,0,1
2026-07-25 22:30:28,Segmentation,0,1
2026-07-25 22:30:30,Segmentation,0,1
2026-07-25 22:30:31,Segmentation,0,1
2026-07-25 22:30:32,Segmentation,0,1
2026-07-25 22:30:33,Segmentation,0,1
2026-07-25 22:30:35,Segmentation,0,1
2026-07-25 22:30:36,Segmentation,0,1
2026-07-25 22:30:37,Segmentation,0,1
2026-07-25 22:30:38,Segmentation,0,1
2026-07-25 22:30:39,Segmentation,0,1
2026-07-25 22:30:41,Segmentation,0,1
2026-07-25 22:30:42,Segmentation,0,1
2026-07-25 22:30:43,Segmentation,0,1
2026-07-25 22:30:44,Segmentation,0,1
2026-07-25 22:30:45,Segmentation,0,1
2026-07-25 22:30:47,Segmentation,0,1
2026-07-25 22:30:48,Segmentation,0,1
2026-07-25 22:30:49,Segmentation,0,1
2026-07-25 22:30:50,Segmentation,0,1
2026-07-25 22:30:52,Segmentation,0,1
2026-07-25 22:30:53,Segmentation,0,1
2026-07-25 22:30:54,Segmentation,0,1
2026-07-25 22:30:55,Segmentation,0,1
2026-07-25 22:30:56,Segmentation,0,1
2026-07-25 22:30:57,Segmentation,0,1
2026-07-25 22:30:58,Segmentation,0,1
2026-07-25 22:31:00,Segmentation,0,1
2026-07-25 22:31:01,Segmentation,0,1
2026-07-25 22:31:02,Segmentation,0,1
2026-07-25 22:31:03,Segmentation,0,1
2026-07-25 22:31:04,Segmentation,0,1
2026-07-25 22:31:06,Segmentation,0,1
2026-07-25 22:31:07,Segmentation,0,1
2026-07-25 22:31:08,Segmentation,0,1
2026-07-25 22:31:09,Segmentation,0,1
2026-07-25 22:31:11,Segmentation,0,1
2026-07-25 22:31:12,Segmentation,0,1
2026-07-25 22:31:13,Segmentation,0,1
2026-07-25 22:31:14,Segmentation,0,1
2026-07-25 22:31:16,Segmentation,0,1
2026-07-25 22:31:17,Segmentation,0,1
2026-07-25 22:31:18,Segmentation,0,1
2026-07-25 22:31:19,Segmentation,0,1
2026-07-25 22:31:20,Segmentation,0,1
2026-07-25 22:31:21,Segmentation,0,1
2026-07-25 22:31:22,Segmentation,0,1
2026-07-25 22:31:24,Segmentation,0,1
2026-07-25 22:31:25,Segmentation,0,1
2026-07-25 22:31:26,Segmentation,0,1
2026-07-25 22:31:27,Segmentation,0,1
2026-07-25 22:31:28,Segmentation,0,1
2026-07-25 22:31:30,Segmentation,0,1
2026-07-25 22:31:31,Segmentation,0,1
2026-07-25 22:31:32,Segmentation,0,1
2026-07-25 22:31:34,Segmentation,0,1
2026-07-25 22:31:35,Segmentation,0,1
2026-07-25 22:31:36,Segmentation,0,1
2026-07-25 22:31:37,Segmentation,0,1
2026-07-25 22:31:38,Segmentation,0,1
2026-07-25 22:31:39,Segmentation,0,1
2026-07-25 22:31:40,Segmentation,0,1
2026-07-25 22:31:41,Segmentation,0,1
2026-07-25 22:31:42,Segmentation,0,1
2026-07-25 22:31:43,Segmentation,0,1
2026-07-25 22:31:44,Segmentation,0,1
2026-07-25 22:31:46,Segmentation,0,1
2026-07-25 22:31:47,Segmentation,0,1
2026-07-25 22:31:48,Segmentation,0,1
2026-07-25 22:31:49,Segmentation,0,1
2026-07-25 22:31:50,Segmentation,0,1
2026-07-25 22:31:51,Segmentation,0,1
2026-07-25 22:31:52,Segmentation,0,1
2026-07-25 22:31:54,Segmentation,0,1
2026-07-25 22:31:55,Segmentation,0,1
2026-07-25 22:31:56,Segmentation,0,1
2026-07-25 22:31:57,Segmentation,0,1
2026-07-25 22:31:58,Segmentation,0,1
2026-07-25 22:32:00,Segmentation,0,1
2026-07-25 22:32:02,Segmentation,0,1
2026-07-25 22:32:03,Segmentation,0,1
2026-07-25 22:32:04,Segmentation,0,1
2026-07-25 22:32:05,Segmentation,0,1
2026-07-25 22:32:07,Segmentation,0,1
2026-07-25 22:32:08,Segmentation,0,1
2026-07-25 22:32:09,Segmentation,0,1
2026-07-25 22:32:10,Segmentation,0,1
2026-07-25 22:32:11,Segmentation,0,1
2026-07-25 22:32:12,Segmentation,0,1
2026-07-25 22:32:13,Segmentation,0,1
2026-07-25 22:32:15,Segmentation,0,1
2026-07-25 22:32:16,Segmentation,0,1
2026-07-25 22:32:17,Segmentation,0,1
2026-07-25 22:32:18,Segmentation,0,1
2026-07-25 22:32:20,Segmentation,0,1
2026-07-25 22:32:21,Segmentation,0,1
2026-07-25 22:32:22,Segmentation,0,1
2026-07-25 22:32:23,Segmentation,0,1
2026-07-25 22:32:24,Segmentation,0,1
2026-07-25 22:32:25,Segmentation,0,1
2026-07-25 22:32:26,Segmentation,0,1
2026-07-25 22:32:27,Segmentation,0,1
2026-07-25 22:32:28,Segmentation,0,1
2026-07-25 22:32:29,Segmentation,0,1
2026-07-25 22:32:31,Segmentation,0,1
2026-07-25 22:32:33,Segmentation,0,1
2026-07-25 22:32:34,Segmentation,0,1
2026-07-25 22:32:35,Segmentation,0,1
2026-07-25 22:32:37,Segmentation,0,1
2026-07-25 22:32:38,Segmentation,0,1
2026-07-25 22:32:39,Segmentation,0,1
2026-07-25 22:32:40,Segmentation,0,1
2026-07-25 22:32:41,Segmentation,0,1
2026-07-25 22:32:42,Segmentation,0,1
2026-07-25 22:32:43,Segmentation,0,1
2026-07-25 22:32:44,Segmentation,0,1
2026-07-25 22:32:46,Segmentation,0,1
2026-07-25 22:32:47,Segmentation,0,1
2026-07-25 22:32:48,Segmentation,0,1
2026-07-25 22:32:49,Segmentation,0,1
2026-07-25 22:32:50,Segmentation,0,1
2026-07-25 22:32:51,Segmentation,0,1
2026-07-25 22:32:52,Segmentation,0,1
2026-07-25 22:32:53,Segmentation,0,1
2026-07-25 22:32:54,Segmentation,0,1
2026-07-25 22:32:55,Segmentation,0,1
2026-07-25 22:32:57,Segmentation,0,1
2026-07-25 22:32:58,Segmentation,0,1
2026-07-25 22:32:59,Segmentation,0,1
2026-07-25 22:33:00,Segmentation,0,1
2026-07-25 22:33:01,Segmentation,0,1
2026-07-25 22:33:02,Segmentation,0,1
2026-07-25 22:33:03,Segmentation,0,1
2026-07-25 22:33:04,Segmentation,0,1
2026-07-25 22:33:06,Segmentation,0,1
2026-07-25 22:33:07,Segmentation,0,1
2026-07-25 22:33:08,Segmentation,0,1
2026-07-25 22:33:09,Segmentation,0,1
2026-07-25 22:33:10,Segmentation,0,1
2026-07-25 22:33:11,Segmentation,0,1
2026-07-25 22:33:12,Segmentation,0,1
2026-07-25 22:33:13,Segmentation,0,1
2026-07-25 22:33:15,Segmentation,0,1
2026-07-25 22:33:16,Segmentation,0,1
2026-07-25 22:33:17,Segmentation,0,1
2026-07-25 22:33:18,Segmentation,0,1
2026-07-25 22:33:19,Segmentation,0,1
2026-07-25 22:33:20,Segmentation,0,1
2026-07-25 22:33:21,Segmentation,0,1
2026-07-25 22:33:22,Segmentation,0,1
2026-07-25 22:33:24,Segmentation,0,1
2026-07-25 22:33:25,Segmentation,0,1
2026-07-25 22:33:26,Segmentation,0,1
2026-07-25 22:33:27,Segmentation,0,1
2026-07-25 22:33:28,Segmentation,0,1
2026-07-25 22:33:29,Segmentation,0,1
2026-07-25 22:33:30,Segmentation,0,1
2026-07-25 22:33:32,Segmentation,0,1
2026-07-25 22:33:33,Segmentation,0,1
2026-07-25 22:33:34,Segmentation,0,1
2026-07-25 22:33:35,Segmentation,0,1
2026-07-25 22:33:36,Segmentation,0,1
2026-07-25 22:33:37,Segmentation,0,1
2026-07-25 22:33:38,Detection,0,1
2026-07-25 22:33:39,Detection,0,1
2026-07-25 22:33:40,Detection,0,1
2026-07-25 22:33:41,Tracking,0,1
2026-07-25 22:33:42,Tracking,0,1
2026-07-25 22:33:43,Tracking,0,1
2026-07-25 22:33:45,Pose,0,1
2026-07-25 22:33:46,Pose,0,1
2026-07-25 22:33:47,Pose,0,1
2026-07-25 22:33:48,Pose,0,1
2026-07-25 22:33:49,Pose,0,1
2026-07-25 22:33:50,Pose,0,1
2026-07-25 22:33:51,Pose,0,1
2026-07-25 22:33:52,Pose,0,1
2026-07-25 22:33:53,Pose,0,1
2026-07-25 22:33:55,Pose,0,1
2026-07-25 22:33:56,Pose,0,1
2026-07-25 22:33:57,Pose,0,1
2026-07-25 22:33:58,Pose,0,1
2026-07-25 22:33:59,Segmentation,0,1
2026-07-25 22:34:00,Segmentation,0,1
2026-07-25 22:34:02,Tactical HUD,0,1
2026-07-25 22:34:03,Tactical HUD,0,1
2026-07-25 22:34:04,Tactical HUD,0,1
2026-07-25 22:34:05,Tactical HUD,0,1
2026-07-25 22:34:06,Tactical HUD,0,1
2026-07-25 22:34:07,Tactical HUD,0,1
2026-07-25 22:34:09,Tactical HUD,0,1
2026-07-25 22:34:10,Tactical HUD,0,1
2026-07-25 22:34:11,Tactical HUD,0,1
2026-07-25 22:34:12,Tactical HUD,0,1
2026-07-25 22:34:13,Tactical HUD,0,1
2026-07-25 22:34:14,Tactical HUD,0,1
2026-07-25 22:34:15,Tactical HUD,0,1
2026-07-25 22:34:16,Tactical HUD,0,1
2026-07-25 22:34:17,Tactical HUD,0,1
2026-07-25 22:34:18,Tactical HUD,0,1
2026-07-25 22:34:19,Tactical HUD,0,1
2026-07-25 22:34:20,Tactical HUD,0,1
2026-07-25 22:34:22,Tactical HUD,0,1
2026-07-25 22:34:23,Tactical HUD,0,1
2026-07-25 22:34:24,Segmentation,0,1
2026-07-25 22:34:25,Segmentation,0,1
2026-07-25 22:34:26,Pose,0,1
2026-07-25 22:34:27,Pose,0,1
2026-07-25 22:34:28,Pose,0,1
2026-07-25 22:34:29,Tracking,0,1
2026-07-25 22:34:30,Tracking,0,1
2026-07-25 22:34:31,Tracking,0,1
2026-07-25 22:34:33,Tracking,0,1
2026-07-25 22:34:34,Tracking,0,1
2026-07-25 22:34:35,Tracking,0,1
2026-07-25 22:34:36,Detection,0,1
2026-07-25 22:34:37,Detection,0,1
2026-07-25 22:34:38,Detection,0,1
2026-07-25 22:34:39,Detection,0,1
2026-07-25 22:34:40,Detection,0,1
2026-07-25 22:34:41,Detection,0,1
2026-07-25 22:34:42,Detection,0,1
2026-07-25 22:34:43,Detection,0,1
2026-07-25 22:34:44,Detection,0,1
2026-07-25 22:34:45,Detection,0,1
2026-07-25 22:34:46,Detection,0,1
2026-07-25 22:34:47,Detection,0,1
2026-07-25 22:34:48,Detection,0,1
2026-07-25 22:34:50,Detection,0,1
2026-07-25 22:34:51,Detection,0,1
2026-07-25 22:34:52,Detection,0,1
2026-07-25 22:34:53,Detection,0,1
2026-07-25 22:34:54,Detection,0,1
2026-07-25 22:34:55,Detection,0,1
2026-07-25 22:34:56,Detection,0,1
2026-07-25 22:34:57,Detection,0,1
2026-07-25 22:34:58,Detection,0,1
2026-07-25 22:34:59,Detection,0,1
2026-07-25 22:35:00,Detection,0,1
2026-07-25 22:35:01,Detection,0,1
2026-07-25 22:35:02,Detection,0,1
2026-07-25 22:35:03,Tactical HUD,0,1
2026-07-25 22:35:05,Tactical HUD,0,1
2026-07-25 22:35:06,Tactical HUD,0,1
2026-07-25 22:35:07,Tactical HUD,0,1
2026-07-25 22:35:08,Tactical HUD,0,1
2026-07-25 22:35:09,Tactical HUD,0,1
2026-07-25 22:35:10,Tactical HUD,0,1
2026-07-25 22:35:11,Tactical HUD,0,1
2026-07-25 22:35:12,Tactical HUD,0,1
2026-07-25 22:35:13,Tactical HUD,0,1
2026-07-25 22:35:14,Tactical HUD,0,1
2026-07-25 22:35:15,Tactical HUD,0,1
2026-07-25 22:35:17,Tactical HUD,0,1
2026-07-25 22:35:18,Tactical HUD,0,1
2026-07-25 22:35:19,Tactical HUD,0,1
2026-07-25 22:35:20,Tactical HUD,0,1
2026-07-25 22:35:21,Tactical HUD,0,1
2026-07-25 22:35:22,Tactical HUD,0,1
2026-07-25 22:35:23,Tactical HUD,0,1
2026-07-25 22:35:24,Tactical HUD,0,1
2026-07-25 22:35:25,Tactical HUD,0,1
2026-07-25 22:35:26,Tactical HUD,0,1
2026-07-25 22:35:27,Tactical HUD,0,1
2026-07-25 22:35:28,Tactical HUD,0,1
2026-07-25 22:35:29,Tactical HUD,0,1
2026-07-25 22:35:31,Tactical HUD,0,1
2026-07-25 22:35:32,Tactical HUD,0,1
2026-07-25 22:35:33,Tactical HUD,0,1
2026-07-25 22:35:34,Tactical HUD,0,1
2026-07-25 22:35:35,Tactical HUD,0,1
2026-07-25 22:35:36,Tactical HUD,0,1
2026-07-25 22:35:37,Tactical HUD,0,1
2026-07-25 22:35:38,Tactical HUD,0,1
2026-07-25 22:35:39,Tactical HUD,0,1
2026-07-25 22:35:40,Tactical HUD,0,1
2026-07-25 22:35:41,Tactical HUD,0,1
2026-07-25 22:35:42,Tactical HUD,0,1
2026-07-25 22:35:43,Tactical HUD,0,1
2026-07-25 22:35:44,Tactical HUD,0,1
2026-07-25 22:35:46,Tactical HUD,0,1
2026-07-25 22:35:47,Tactical HUD,0,1
2026-07-25 22:35:48,Tactical HUD,0,1
2026-07-25 22:35:49,Tactical HUD,0,1
2026-07-25 22:35:50,Tactical HUD,0,1
2026-07-25 22:35:51,Tactical HUD,0,1
2026-07-25 22:35:52,Tactical HUD,0,1
2026-07-25 22:35:53,Tactical HUD,0,1
2026-07-25 22:35:54,Tactical HUD,0,1
2026-07-25 22:35:55,Tactical HUD,0,1
2026-07-25 22:35:56,Tactical HUD,0,1
2026-07-25 22:35:57,Tactical HUD,0,1
2026-07-25 22:35:58,Tactical HUD,0,1
2026-07-25 22:36:00,Tactical HUD,0,1
2026-07-25 22:36:01,Tactical HUD,0,1
2026-07-25 22:36:02,Segmentation,0,1
2026-07-25 22:36:03,Segmentation,0,1
2026-07-25 22:36:04,Segmentation,0,1
2026-07-25 22:36:05,Segmentation,0,1
2026-07-25 22:36:06,Segmentation,0,1
2026-07-25 22:36:07,Pose,0,1
2026-07-25 22:36:08,Pose,0,1
2026-07-25 22:36:09,Pose,0,1
2026-07-25 22:36:11,Detection,0,1
2026-07-25 22:36:12,Detection,0,1
2026-07-25 22:36:13,Pose,0,1
2026-07-25 22:36:14,Segmentation,0,1
2026-07-25 22:36:15,Segmentation,0,1
2026-07-25 22:36:16,Segmentation,0,1
2026-07-25 22:36:18,Segmentation,0,1
2026-07-25 22:36:19,Segmentation,0,1
2026-07-25 22:36:20,Segmentation,0,1
2026-07-25 22:36:21,Segmentation,0,1
2026-07-25 22:36:22,Segmentation,0,1
2026-07-25 22:36:23,Segmentation,0,1
2026-07-25 22:36:24,Segmentation,0,1
2026-07-25 22:36:25,Segmentation,0,1
2026-07-25 22:36:26,Segmentation,0,1
2026-07-25 22:36:27,Segmentation,0,1
2026-07-25 22:36:29,Segmentation,0,1
2026-07-25 22:36:30,Segmentation,0,1
2026-07-25 22:36:31,Segmentation,0,1
2026-07-25 22:36:32,Segmentation,0,1
2026-07-25 22:36:33,Segmentation,0,1
2026-07-25 22:36:34,Segmentation,0,1
2026-07-25 22:36:35,Segmentation,0,1
2026-07-25 22:36:37,Segmentation,0,1
2026-07-25 22:36:38,Segmentation,0,1
2026-07-25 22:36:39,Segmentation,0,1
2026-07-25 22:36:40,Segmentation,0,1
2026-07-25 22:36:41,Segmentation,0,1
2026-07-25 22:36:42,Segmentation,0,1
2026-07-25 22:36:43,Segmentation,0,1
2026-07-25 22:36:44,Segmentation,0,1
2026-07-25 22:36:45,Segmentation,0,1
2026-07-25 22:36:46,Segmentation,0,1
2026-07-25 22:36:48,Segmentation,0,1
2026-07-25 22:36:49,Pose,0,1
2026-07-25 22:36:50,Pose,0,1
2026-07-25 22:36:51,Detection,0,2
2026-07-25 22:36:52,Detection,0,1
2026-07-25 22:36:53,Tracking,0,1
2026-07-25 22:36:54,Tactical HUD,0,1
2026-07-25 22:36:55,Tactical HUD,0,1
2026-07-25 22:36:56,Tactical HUD,0,1
2026-07-25 22:36:57,Tactical HUD,0,1
2026-07-25 22:36:58,Tactical HUD,0,1
2026-07-25 22:36:59,Tactical HUD,0,1
2026-07-25 22:37:01,Tactical HUD,0,1
2026-07-25 22:37:02,Tactical HUD,0,1
2026-07-25 22:37:03,Tactical HUD,0,1
2026-07-25 22:37:04,Tactical HUD,0,1
2026-07-25 22:37:05,Tactical HUD,0,1
2026-07-25 22:37:06,Tactical HUD,0,1
2026-07-25 22:37:07,Tactical HUD,0,1
2026-07-25 22:37:08,Tactical HUD,0,1
2026-07-25 22:37:09,Tactical HUD,0,1
2026-07-25 22:37:10,Tactical HUD,0,1
2026-07-25 22:37:11,Tactical HUD,0,1
2026-07-25 22:37:12,Tactical HUD,0,1
2026-07-25 22:37:14,Tactical HUD,0,1
2026-07-25 22:37:15,Tactical HUD,0,1
2026-07-25 22:37:16,Tactical HUD,0,1
2026-07-25 22:37:17,Tactical HUD,0,1
2026-07-25 22:37:18,Tactical HUD,0,1
2026-07-25 22:37:19,Tactical HUD,0,1
2026-07-25 22:37:20,Tactical HUD,0,1
2026-07-25 22:37:21,Tactical HUD,0,1
2026-07-25 22:37:22,Tactical HUD,0,1
2026-07-25 22:37:23,Tactical HUD,0,1
2026-07-25 22:37:24,Tactical HUD,0,1
2026-07-25 22:37:25,Tactical HUD,0,1
2026-07-25 22:37:27,Tactical HUD,0,1
2026-07-25 22:37:28,Tactical HUD,0,1
2026-07-25 22:37:29,Tactical HUD,0,1
2026-07-25 22:37:30,Tactical HUD,0,1
2026-07-25 22:37:31,Tactical HUD,0,1
2026-07-25 22:37:32,Tactical HUD,0,1
2026-07-25 22:37:33,Tactical HUD,0,1
2026-07-25 22:37:34,Tactical HUD,0,1
2026-07-25 22:37:35,Tactical HUD,0,1
2026-07-25 22:37:36,Tactical HUD,0,1
2026-07-25 22:37:37,Tactical HUD,0,1
2026-07-25 22:37:38,Tactical HUD,0,1
2026-07-25 22:37:39,Tactical HUD,0,1
2026-07-25 22:37:41,Tactical HUD,0,1
2026-07-25 22:37:42,Tactical HUD,0,1
2026-07-25 22:37:43,Tactical HUD,0,1
2026-07-25 22:37:44,Tactical HUD,0,1
2026-07-25 22:37:45,Tactical HUD,0,1
2026-07-25 22:37:46,Tactical HUD,0,1
2026-07-25 22:37:47,Tactical HUD,0,1
2026-07-25 22:37:49,Tactical HUD,0,1
2026-07-25 22:37:50,Tactical HUD,0,1
2026-07-25 22:37:51,Tactical HUD,0,1
2026-07-25 22:37:52,Tactical HUD,0,1
2026-07-25 22:37:53,Tactical HUD,0,1
2026-07-25 22:37:54,Tactical HUD,0,1
2026-07-25 22:37:55,Tactical HUD,0,1
2026-07-25 22:37:56,Tactical HUD,0,1
2026-07-25 22:37:57,Tactical HUD,0,1
2026-07-25 22:37:58,Tactical HUD,0,1
2026-07-25 22:37:59,Tactical HUD,0,1
2026-07-25 22:38:00,Tactical HUD,0,1
2026-07-25 22:38:02,Tactical HUD,0,1
2026-07-25 22:38:03,Tactical HUD,0,1
2026-07-25 22:38:04,Tactical HUD,0,1
2026-07-25 22:38:05,Tactical HUD,0,1
2026-07-25 22:38:06,Tactical HUD,0,1
2026-07-25 22:38:07,Tactical HUD,0,1
2026-07-25 22:38:08,Tactical HUD,0,1
2026-07-25 22:38:09,Tactical HUD,0,1
2026-07-25 22:38:10,Tactical HUD,0,1
2026-07-25 22:38:11,Tactical HUD,0,1
2026-07-25 22:38:12,Tactical HUD,0,1
2026-07-25 22:38:13,Tactical HUD,0,1
2026-07-25 22:38:14,Tactical HUD,0,1
2026-07-25 22:38:15,Tactical HUD,0,1
2026-07-25 22:38:16,Tactical HUD,0,1
2026-07-25 22:38:18,Tactical HUD,0,1
2026-07-25 22:38:19,Tactical HUD,0,1
2026-07-25 22:38:20,Tactical HUD,0,1
2026-07-25 22:38:21,Tactical HUD,0,1
2026-07-25 22:38:22,Tactical HUD,0,1
2026-07-25 22:38:23,Tactical HUD,0,1
2026-07-25 22:38:24,Tactical HUD,0,1
2026-07-25 22:38:25,Tactical HUD,0,1
2026-07-25 22:38:26,Tactical HUD,0,1
2026-07-25 22:38:27,Tactical HUD,0,1
2026-07-25 22:38:28,Tactical HUD,0,1
2026-07-25 22:38:30,Tactical HUD,0,1
2026-07-25 22:38:31,Tactical HUD,0,1
2026-07-25 22:38:32,Tactical HUD,0,1
2026-07-25 22:38:33,Tactical HUD,0,1
2026-07-25 22:38:34,Tactical HUD,0,1
2026-07-25 22:38:35,Tactical HUD,0,1
2026-07-25 22:38:36,Tactical HUD,0,1
2026-07-25 22:38:37,Tactical HUD,0,1
2026-07-25 22:38:38,Tactical HUD,0,1
2026-07-25 22:38:39,Tactical HUD,0,1
2026-07-25 22:38:40,Tactical HUD,0,1
2026-07-25 22:38:41,Tactical HUD,0,1
2026-07-25 22:38:42,Tactical HUD,0,1
2026-07-25 22:38:44,Tactical HUD,0,1
2026-07-25 22:38:45,Tactical HUD,0,1
2026-07-25 22:38:46,Tactical HUD,0,1
2026-07-25 22:38:47,Tactical HUD,0,1
2026-07-25 22:38:48,Tactical HUD,0,1
2026-07-25 22:38:49,Tactical HUD,0,1
2026-07-25 22:38:50,Tactical HUD,0,1
2026-07-25 22:38:51,Tactical HUD,0,1
2026-07-25 22:38:52,Tactical HUD,0,1
2026-07-25 22:38:53,Tactical HUD,0,1
2026-07-25 22:38:54,Tactical HUD,0,1
2026-07-25 22:38:55,Tactical HUD,0,1
2026-07-25 22:38:57,Tactical HUD,0,1
2026-07-25 22:38:58,Tactical HUD,0,1
2026-07-25 22:38:59,Tactical HUD,0,1
2026-07-25 22:39:00,Tactical HUD,0,1
2026-07-25 22:39:01,Tactical HUD,0,1
2026-07-25 22:39:02,Tactical HUD,0,1
2026-07-25 22:39:03,Tactical HUD,0,1
2026-07-25 22:39:04,Tactical HUD,0,1
2026-07-25 22:39:05,Tactical HUD,0,1
2026-07-25 22:39:06,Tactical HUD,0,1
2026-07-25 22:39:07,Tactical HUD,0,1
2026-07-25 22:39:09,Tactical HUD,0,1
2026-07-25 22:39:10,Tactical HUD,0,1
2026-07-25 22:39:11,Tactical HUD,0,1
2026-07-25 22:39:12,Tactical HUD,0,1
2026-07-25 22:39:13,Tactical HUD,0,1
2026-07-25 22:39:14,Tactical HUD,0,1
2026-07-25 22:39:15,Tactical HUD,0,1
2026-07-25 22:39:16,Tactical HUD,0,1
2026-07-25 22:39:18,Tactical HUD,0,1
2026-07-25 22:39:19,Tactical HUD,0,1
2026-07-25 22:39:20,Tactical HUD,0,1
2026-07-25 22:39:21,Tactical HUD,0,1
2026-07-25 22:39:22,Tactical HUD,0,1
2026-07-25 22:39:23,Tactical HUD,0,1
2026-07-25 22:39:24,Tactical HUD,0,1
2026-07-25 22:39:25,Tactical HUD,0,1
2026-07-25 22:39:26,Tactical HUD,0,1
2026-07-25 22:39:27,Tactical HUD,0,1
2026-07-25 22:39:28,Tactical HUD,0,1
2026-07-25 22:39:30,Tactical HUD,0,1
2026-07-25 22:39:31,Tactical HUD,0,1
2026-07-25 22:39:32,Tactical HUD,0,1
2026-07-25 22:39:33,Tactical HUD,0,1
2026-07-25 22:39:34,Tactical HUD,0,1
2026-07-25 22:39:35,Tactical HUD,0,1
2026-07-25 22:39:36,Tactical HUD,0,1
2026-07-25 22:39:37,Tactical HUD,0,1
2026-07-25 22:39:38,Tactical HUD,0,1
2026-07-25 22:39:39,Tactical HUD,0,1
2026-07-25 22:39:40,Tactical HUD,0,1
2026-07-25 22:39:41,Tactical HUD,0,1
2026-07-25 22:39:43,Tactical HUD,0,1
2026-07-25 22:39:44,Tactical HUD,0,1
2026-07-25 22:39:45,Tactical HUD,0,1
2026-07-25 22:39:46,Tactical HUD,0,1
2026-07-25 22:39:47,Tactical HUD,0,1
2026-07-25 22:39:48,Tactical HUD,0,1
2026-07-25 22:39:49,Tactical HUD,0,1
2026-07-25 22:39:50,Tactical HUD,0,1
2026-07-25 22:39:52,Tactical HUD,0,1
2026-07-25 22:39:53,Tactical HUD,0,1
2026-07-25 22:39:54,Tactical HUD,0,1
2026-07-25 22:39:55,Tactical HUD,0,1
2026-07-25 22:39:56,Tactical HUD,0,1
2026-07-25 22:39:57,Tactical HUD,0,1
2026-07-25 22:39:58,Tactical HUD,0,1
2026-07-25 22:39:59,Tactical HUD,0,1
2026-07-25 22:40:00,Tactical HUD,0,1
2026-07-25 22:40:01,Tactical HUD,0,1
2026-07-25 22:40:02,Tactical HUD,0,1
2026-07-25 22:40:03,Tactical HUD,0,1
2026-07-25 22:40:04,Tactical HUD,0,1
2026-07-25 22:40:05,Tactical HUD,0,1
2026-07-25 22:40:06,Tactical HUD,0,1
2026-07-25 22:40:08,Tactical HUD,0,1
2026-07-25 22:40:09,Tactical HUD,0,1
2026-07-25 22:40:10,Tactical HUD,0,1
2026-07-25 22:40:11,Tactical HUD,0,1
2026-07-25 22:40:12,Tactical HUD,0,1
2026-07-25 22:40:13,Tactical HUD,0,1
2026-07-25 22:40:14,Tactical HUD,0,1
2026-07-25 22:40:15,Tactical HUD,0,1
2026-07-25 22:40:16,Tactical HUD,0,1
2026-07-25 22:40:17,Tactical HUD,0,1
2026-07-25 22:40:19,Tactical HUD,0,1
2026-07-25 22:40:20,Tactical HUD,0,1
2026-07-25 22:40:21,Tactical HUD,0,1
2026-07-25 22:40:22,Tactical HUD,0,1
2026-07-25 22:40:23,Tactical HUD,0,1
2026-07-25 22:40:24,Tactical HUD,0,1
2026-07-25 22:40:25,Tactical HUD,0,1
2026-07-25 22:40:26,Tactical HUD,0,1
2026-07-25 22:40:27,Tactical HUD,0,1
2026-07-25 22:40:28,Tactical HUD,0,1
2026-07-25 22:40:29,Tactical HUD,0,1
2026-07-25 22:40:31,Tactical HUD,0,1
2026-07-25 22:40:32,Tactical HUD,0,1
2026-07-25 22:40:33,Tactical HUD,0,1
2026-07-25 22:40:34,Tactical HUD,0,1
2026-07-25 22:40:35,Tactical HUD,0,1
2026-07-25 22:40:36,Tactical HUD,0,1
2026-07-25 22:40:37,Tactical HUD,0,1
2026-07-25 22:40:38,Tactical HUD,0,1
2026-07-25 22:40:39,Tactical HUD,0,1
2026-07-25 22:40:40,Tactical HUD,0,1
2026-07-25 22:40:41,Tactical HUD,0,1
2026-07-25 22:40:42,Tactical HUD,0,1
2026-07-25 22:40:44,Tactical HUD,0,1
2026-07-25 22:40:45,Tactical HUD,0,1
2026-07-25 22:40:46,Tactical HUD,0,1
2026-07-25 22:40:47,Tactical HUD,0,1
2026-07-25 22:40:48,Tactical HUD,0,1
2026-07-25 22:40:49,Tactical HUD,0,1
2026-07-25 22:40:50,Tactical HUD,0,1
2026-07-25 22:40:51,Tactical HUD,0,1
2026-07-25 22:40:52,Tactical HUD,0,1
2026-07-25 22:40:53,Tactical HUD,0,1
2026-07-25 22:40:54,Tactical HUD,0,1
2026-07-25 22:40:55,Tactical HUD,0,1
2026-07-25 22:40:57,Tactical HUD,0,1
2026-07-25 22:40:58,Tactical HUD,0,1
2026-07-25 22:40:59,Tactical HUD,0,1
2026-07-25 22:41:00,Tactical HUD,0,1
2026-07-25 22:41:01,Tactical HUD,0,1
2026-07-25 22:41:02,Tactical HUD,0,1
2026-07-25 22:41:03,Tactical HUD,0,1
2026-07-25 22:41:04,Tactical HUD,0,1
2026-07-25 22:41:05,Tactical HUD,0,1
2026-07-25 22:41:07,Tactical HUD,0,1
2026-07-25 22:41:08,Tactical HUD,0,1
2026-07-25 22:41:09,Tactical HUD,0,1
2026-07-25 22:41:10,Tactical HUD,0,1
2026-07-25 22:41:11,Tactical HUD,0,1
2026-07-25 22:41:12,Tactical HUD,0,1
2026-07-25 22:41:13,Tactical HUD,0,1
2026-07-25 22:41:14,Tactical HUD,0,1
2026-07-25 22:41:15,Tactical HUD,0,1
2026-07-25 22:41:17,Tactical HUD,0,1
2026-07-25 22:41:18,Tactical HUD,0,1
2026-07-25 22:41:19,Tactical HUD,0,1
2026-07-25 22:41:20,Tactical HUD,0,1
2026-07-25 22:41:21,Tactical HUD,0,1
2026-07-25 22:41:22,Tactical HUD,0,1
2026-07-25 22:41:23,Tactical HUD,0,1
2026-07-25 22:41:24,Tactical HUD,0,1
2026-07-25 22:41:25,Tactical HUD,0,1
2026-07-25 22:41:26,Tactical HUD,0,1
2026-07-25 22:41:27,Tactical HUD,0,1
2026-07-25 22:41:29,Tactical HUD,0,1
2026-07-25 22:41:30,Tactical HUD,0,1
2026-07-25 22:41:31,Tactical HUD,0,1
2026-07-25 22:41:32,Tactical HUD,0,1
2026-07-25 22:41:33,Tactical HUD,0,1
2026-07-25 22:41:34,Tactical HUD,0,1
2026-07-25 22:41:35,Tactical HUD,0,1
2026-07-25 22:41:36,Tactical HUD,0,1
2026-07-25 22:41:37,Tactical HUD,0,1
2026-07-25 22:41:38,Tactical HUD,0,1
2026-07-25 22:41:39,Tactical HUD,0,1
2026-07-25 22:41:40,Tactical HUD,0,1
2026-07-25 22:41:41,Tactical HUD,0,1
2026-07-25 22:41:42,Tactical HUD,0,1
2026-07-25 22:41:43,Tactical HUD,0,1
2026-07-25 22:41:45,Tactical HUD,0,1
2026-07-25 22:41:46,Tactical HUD,0,1
2026-07-25 22:41:47,Tactical HUD,0,1
2026-07-25 22:41:48,Tactical HUD,0,1
2026-07-25 22:41:49,Tactical HUD,0,1
2026-07-25 22:41:50,Tactical HUD,0,1
2026-07-25 22:41:51,Tactical HUD,0,1
2026-07-25 22:41:52,Tactical HUD,0,1
2026-07-25 22:41:53,Tactical HUD,0,1
2026-07-25 22:41:54,Tactical HUD,0,1
2026-07-25 22:41:55,Tactical HUD,0,1
2026-07-25 22:41:56,Tactical HUD,0,1
2026-07-25 22:41:57,Tactical HUD,0,1
2026-07-25 22:41:59,Tactical HUD,0,1
2026-07-25 22:42:00,Tactical HUD,0,1
2026-07-25 22:42:01,Tactical HUD,0,1
2026-07-25 22:42:02,Tactical HUD,0,1
2026-07-25 22:42:03,Tactical HUD,0,1
2026-07-25 22:42:04,Tactical HUD,0,1
2026-07-25 22:42:06,Tactical HUD,0,1
2026-07-25 22:42:07,Tactical HUD,0,1
2026-07-25 22:42:08,Tactical HUD,0,1
2026-07-25 22:42:09,Tactical HUD,0,1
2026-07-25 22:42:10,Tactical HUD,0,1
2026-07-25 22:42:11,Tactical HUD,0,1
2026-07-25 22:42:12,Tactical HUD,0,1
2026-07-25 22:42:13,Tactical HUD,0,1
2026-07-25 22:42:14,Tactical HUD,0,1
2026-07-25 22:42:15,Tactical HUD,0,1
2026-07-25 22:42:16,Tactical HUD,0,1
2026-07-25 22:42:17,Tactical HUD,0,1
2026-07-25 22:42:18,Tactical HUD,0,1
2026-07-25 22:42:19,Tactical HUD,0,1
2026-07-25 22:42:20,Tactical HUD,0,1
2026-07-25 22:42:22,Tactical HUD,0,1
2026-07-25 22:42:23,Tactical HUD,0,1
2026-07-25 22:42:24,Tactical HUD,0,1
2026-07-25 22:42:25,Tactical HUD,0,1
2026-07-25 22:42:26,Tactical HUD,0,1
2026-07-25 22:42:27,Tactical HUD,0,1
2026-07-25 22:42:28,Tactical HUD,0,1
2026-07-25 22:42:29,Tactical HUD,0,1
2026-07-25 22:42:30,Tactical HUD,0,1
2026-07-25 22:42:31,Tactical HUD,0,1
2026-07-25 22:42:32,Tactical HUD,0,1
2026-07-25 22:42:33,Tactical HUD,0,1
2026-07-25 22:42:34,Tactical HUD,0,1
2026-07-25 22:42:36,Tactical HUD,0,1
2026-07-25 22:42:37,Tactical HUD,0,1
2026-07-25 22:42:38,Tactical HUD,0,1
2026-07-25 22:42:39,Tactical HUD,0,1
2026-07-25 22:42:40,Tactical HUD,0,1
2026-07-25 22:42:41,Tactical HUD,0,1
2026-07-25 22:42:42,Tactical HUD,0,1
2026-07-25 22:42:43,Tactical HUD,0,1
2026-07-25 22:42:44,Tactical HUD,0,1
2026-07-25 22:42:45,Tactical HUD,0,1
2026-07-25 22:42:47,Tactical HUD,0,1
2026-07-25 22:42:48,Tactical HUD,0,1
2026-07-25 22:42:49,Tactical HUD,0,1
2026-07-25 22:42:50,Tactical HUD,0,1
2026-07-25 22:42:51,Tactical HUD,0,1
2026-07-25 22:42:52,Tactical HUD,0,1
2026-07-25 22:42:53,Tactical HUD,0,1
2026-07-25 22:42:54,Tactical HUD,0,1
2026-07-25 22:42:55,Tactical HUD,0,1
2026-07-25 22:42:56,Tactical HUD,0,1
2026-07-25 22:42:57,Tactical HUD,0,1
2026-07-25 22:42:58,Tactical HUD,0,1
2026-07-25 22:43:00,Tactical HUD,0,1
2026-07-25 22:43:01,Tactical HUD,0,1
2026-07-25 22:43:02,Tactical HUD,0,1
2026-07-25 22:43:03,Tactical HUD,0,1
2026-07-25 22:43:04,Tactical HUD,0,1
2026-07-25 22:43:05,Tactical HUD,0,1
2026-07-25 22:43:06,Tactical HUD,0,1
2026-07-25 22:43:07,Tactical HUD,0,1
2026-07-25 22:43:08,Tactical HUD,0,1
2026-07-25 22:43:09,Tactical HUD,0,1
2026-07-25 22:43:10,Tactical HUD,0,1
2026-07-25 22:43:11,Tactical HUD,0,1
2026-07-25 22:43:12,Tactical HUD,0,1
2026-07-25 22:43:13,Tactical HUD,0,1
2026-07-25 22:43:15,Tactical HUD,0,1
2026-07-25 22:43:16,Tactical HUD,0,1
2026-07-25 22:43:17,Tactical HUD,0,1
2026-07-25 22:43:18,Tactical HUD,0,1
2026-07-25 22:43:19,Tactical HUD,0,1
2026-07-25 22:43:21,Tactical HUD,0,1
2026-07-25 22:43:22,Tactical HUD,0,1
2026-07-25 22:43:23,Tactical HUD,0,1
2026-07-25 22:43:24,Tactical HUD,0,1
2026-07-25 22:43:25,Tactical HUD,0,1
2026-07-25 22:43:26,Tactical HUD,0,1
2026-07-25 22:43:27,Tactical HUD,0,1
2026-07-25 22:43:28,Tactical HUD,0,1
2026-07-25 22:43:29,Tactical HUD,0,1
2026-07-25 22:43:30,Tactical HUD,0,1
2026-07-25 22:43:32,Tactical HUD,0,1
2026-07-25 22:43:33,Tactical HUD,0,1
2026-07-25 22:43:34,Tactical HUD,0,1
2026-07-25 22:43:35,Tactical HUD,0,1
2026-07-25 22:43:36,Tactical HUD,0,1
2026-07-25 22:43:37,Tactical HUD,0,1
2026-07-25 22:43:38,Tactical HUD,0,1
2026-07-25 22:43:39,Tactical HUD,0,1
2026-07-25 22:43:41,Tactical HUD,0,1
2026-07-25 22:43:42,Tactical HUD,0,1
2026-07-25 22:43:43,Tactical HUD,0,1
2026-07-25 22:43:44,Tactical HUD,0,1
2026-07-25 22:43:45,Tactical HUD,0,1
2026-07-25 22:43:46,Tactical HUD,0,1
2026-07-25 22:43:47,Tactical HUD,0,1
2026-07-25 22:43:49,Tactical HUD,0,1
2026-07-25 22:43:50,Tactical HUD,0,1
2026-07-25 22:43:51,Tactical HUD,0,1
2026-07-25 22:43:52,Tactical HUD,0,1
2026-07-25 22:43:53,Tactical HUD,0,1
2026-07-25 22:43:54,Tactical HUD,0,1
2026-07-25 22:43:55,Tactical HUD,0,1
2026-07-25 22:43:56,Tactical HUD,0,1
2026-07-25 22:43:57,Tactical HUD,0,1
2026-07-25 22:43:59,Tactical HUD,0,1
2026-07-25 22:44:00,Tactical HUD,0,1
2026-07-25 22:44:01,Tactical HUD,0,1
2026-07-25 22:44:02,Tactical HUD,0,1
2026-07-25 22:44:03,Tactical HUD,0,1
2026-07-25 22:44:04,Tactical HUD,0,1
2026-07-25 22:44:05,Tactical HUD,0,1
2026-07-25 22:44:06,Tactical HUD,0,1
2026-07-25 22:44:08,Tactical HUD,0,1
2026-07-25 22:44:09,Tactical HUD,0,1
2026-07-25 22:44:10,Tactical HUD,0,1
2026-07-25 22:44:11,Tactical HUD,0,1
2026-07-25 22:44:12,Tactical HUD,0,1
2026-07-25 22:44:13,Tactical HUD,0,1
2026-07-25 22:44:14,Tactical HUD,0,1
2026-07-25 22:44:15,Tactical HUD,0,1
2026-07-25 22:44:16,Tactical HUD,0,1
2026-07-25 22:44:17,Tactical HUD,0,1
2026-07-25 22:44:19,Tactical HUD,0,1
2026-07-25 22:44:20,Tactical HUD,0,1
2026-07-25 22:44:21,Tactical HUD,0,1
2026-07-25 22:44:22,Tactical HUD,0,1
2026-07-25 22:44:23,Tactical HUD,0,1
2026-07-25 22:44:24,Tactical HUD,0,1
2026-07-25 22:44:25,Tactical HUD,0,1
2026-07-25 22:44:26,Tactical HUD,0,1
2026-07-25 22:44:28,Tactical HUD,0,1
2026-07-25 22:44:29,Tactical HUD,0,1
2026-07-25 22:44:30,Tactical HUD,0,1
2026-07-25 22:44:31,Tactical HUD,0,1
2026-07-25 22:44:32,Tactical HUD,0,1
2026-07-25 22:44:33,Tactical HUD,0,1
2026-07-25 22:44:34,Tactical HUD,0,1
2026-07-25 22:44:35,Tactical HUD,0,1
2026-07-25 22:44:36,Tactical HUD,0,1
2026-07-25 22:44:38,Tactical HUD,0,1
2026-07-25 22:44:39,Tactical HUD,0,1
2026-07-25 22:44:40,Tactical HUD,0,1
2026-07-25 22:44:41,Tactical HUD,0,1
2026-07-25 22:44:42,Tactical HUD,0,1
2026-07-25 22:44:43,Tactical HUD,0,1
2026-07-25 22:44:44,Tactical HUD,0,1
2026-07-25 22:44:45,Tactical HUD,0,1
2026-07-25 22:44:46,Tactical HUD,0,1
2026-07-25 22:44:47,Tactical HUD,0,1
2026-07-25 22:44:48,Tactical HUD,0,1
2026-07-25 22:44:49,Tactical HUD,0,1
2026-07-25 22:44:50,Tactical HUD,0,1
2026-07-25 22:44:51,Tactical HUD,0,1
2026-07-25 22:44:55,Tactical HUD,0,1
2026-07-25 22:44:58,Tactical HUD,0,1
2026-07-25 22:44:59,Tactical HUD,0,1
2026-07-25 22:45:00,Tactical HUD,0,1
2026-07-25 22:45:01,Tactical HUD,0,1
2026-07-25 22:45:02,Tactical HUD,0,1
2026-07-25 22:45:04,Tactical HUD,0,1
2026-07-25 22:45:05,Tactical HUD,0,1
2026-07-25 22:45:06,Tactical HUD,0,1
2026-07-25 22:45:08,Tactical HUD,0,1
2026-07-25 22:45:09,Tactical HUD,0,1
2026-07-25 22:45:11,Tactical HUD,0,1
2026-07-25 22:45:12,Tactical HUD,0,1
2026-07-25 22:45:13,Tactical HUD,0,1
2026-07-25 22:45:14,Tactical HUD,0,1
2026-07-25 22:45:15,Tactical HUD,0,1
2026-07-25 22:45:16,Tactical HUD,0,1
2026-07-25 22:45:17,Tactical HUD,0,1
2026-07-25 22:45:18,Tactical HUD,0,1
2026-07-25 22:45:19,Tactical HUD,0,1
2026-07-25 22:45:20,Tactical HUD,0,1
2026-07-25 22:45:22,Tactical HUD,0,1
2026-07-25 22:45:23,Tactical HUD,0,1
2026-07-25 22:45:24,Tactical HUD,0,1
2026-07-25 22:45:25,Tactical HUD,0,1
2026-07-25 22:45:26,Tactical HUD,0,1
2026-07-25 22:45:27,Tactical HUD,0,1
2026-07-25 22:45:28,Tactical HUD,0,1
2026-07-25 22:45:29,Tactical HUD,0,1
2026-07-25 22:45:30,Tactical HUD,0,1
2026-07-25 22:45:31,Tactical HUD,0,1
2026-07-25 22:45:32,Tactical HUD,0,1
2026-07-25 22:45:33,Tactical HUD,0,1
2026-07-25 22:45:34,Tactical HUD,0,1
2026-07-25 22:45:35,Tactical HUD,0,1
2026-07-25 22:45:36,Tactical HUD,0,1
2026-07-25 22:45:38,Tactical HUD,0,1
2026-07-25 22:45:39,Tactical HUD,0,1
2026-07-25 22:45:40,Tactical HUD,0,1
2026-07-25 22:45:41,Tactical HUD,0,1
2026-07-25 22:45:42,Tactical HUD,0,1
2026-07-25 22:45:43,Tactical HUD,0,1
2026-07-25 22:45:44,Tactical HUD,0,1
2026-07-25 22:45:45,Tactical HUD,0,1
2026-07-25 22:45:46,Tactical HUD,0,1
2026-07-25 22:45:47,Tactical HUD,0,1
2026-07-25 22:45:48,Tactical HUD,0,1
2026-07-25 22:45:49,Tactical HUD,0,1
2026-07-25 22:45:51,Tactical HUD,0,1
2026-07-25 22:45:52,Tactical HUD,0,1
2026-07-25 22:45:53,Tactical HUD,0,1
2026-07-25 22:45:54,Tactical HUD,0,1
2026-07-25 22:45:55,Tactical HUD,0,1
2026-07-25 22:45:56,Tactical HUD,0,1
2026-07-25 22:45:57,Tactical HUD,0,1
2026-07-25 22:45:58,Tactical HUD,0,1
2026-07-25 22:45:59,Tactical HUD,0,1
2026-07-25 22:46:00,Tactical HUD,0,1
2026-07-25 22:46:01,Tactical HUD,0,1
2026-07-25 22:46:02,Tactical HUD,0,1
2026-07-25 22:46:04,Tactical HUD,0,1
2026-07-25 22:46:05,Tactical HUD,0,1
2026-07-25 22:46:06,Tactical HUD,0,1
2026-07-25 22:46:07,Tactical HUD,0,1
2026-07-25 22:46:08,Tactical HUD,0,1
2026-07-25 22:46:09,Tactical HUD,0,1
2026-07-25 22:46:10,Tactical HUD,0,1
2026-07-25 22:46:11,Tactical HUD,0,1
2026-07-25 22:46:13,Tactical HUD,0,1
2026-07-25 22:46:14,Tactical HUD,0,1
2026-07-25 22:46:15,Tactical HUD,0,1
2026-07-25 22:46:16,Tactical HUD,0,1
2026-07-25 22:46:17,Tactical HUD,0,1
2026-07-25 22:46:18,Tactical HUD,0,1
2026-07-25 22:46:19,Tactical HUD,0,1
2026-07-25 22:46:20,Tactical HUD,0,1
2026-07-25 22:46:21,Tactical HUD,0,1
2026-07-25 22:46:23,Tactical HUD,0,1
2026-07-25 22:46:24,Tactical HUD,0,1
2026-07-25 22:46:25,Tactical HUD,0,1
2026-07-25 22:46:26,Tactical HUD,0,1
2026-07-25 22:46:27,Tactical HUD,0,1
2026-07-25 22:46:28,Tactical HUD,0,1
2026-07-25 22:46:29,Tactical HUD,0,1
2026-07-25 22:46:30,Tactical HUD,0,1
2026-07-25 22:46:31,Tactical HUD,0,1
2026-07-25 22:46:32,Tactical HUD,0,1
2026-07-25 22:46:34,Tactical HUD,0,1
2026-07-25 22:46:35,Tactical HUD,0,1
2026-07-25 22:46:36,Tactical HUD,0,1
2026-07-25 22:46:37,Tactical HUD,0,1
2026-07-25 22:46:38,Tactical HUD,0,1
2026-07-25 22:46:39,Tactical HUD,0,1
2026-07-25 22:46:40,Tactical HUD,0,1
2026-07-25 22:46:41,Tactical HUD,0,1
2026-07-25 22:46:42,Tactical HUD,0,1
2026-07-25 22:46:44,Tactical HUD,0,1
2026-07-25 22:46:45,Tactical HUD,0,1
2026-07-25 22:46:46,Tactical HUD,0,1
2026-07-25 22:46:47,Tactical HUD,0,1
2026-07-25 22:46:48,Tactical HUD,0,1
2026-07-25 22:46:49,Tactical HUD,0,1
2026-07-25 22:46:50,Tactical HUD,0,1
2026-07-25 22:46:51,Tactical HUD,0,1
2026-07-25 22:46:52,Tactical HUD,0,1
2026-07-25 22:46:53,Tactical HUD,0,1
2026-07-25 22:46:54,Tactical HUD,0,1
2026-07-25 22:46:55,Tactical HUD,0,1
2026-07-25 22:46:56,Tactical HUD,0,1
2026-07-25 22:46:58,Tactical HUD,0,1
2026-07-25 22:46:59,Tactical HUD,0,1
2026-07-25 22:47:00,Tactical HUD,0,1
2026-07-25 22:47:01,Tactical HUD,0,1
2026-07-25 22:47:02,Tactical HUD,0,1
2026-07-25 22:47:03,Tactical HUD,0,1
2026-07-25 22:47:04,Tactical HUD,0,1
2026-07-25 22:47:05,Tactical HUD,0,1
2026-07-25 22:47:06,Tactical HUD,0,1
2026-07-25 22:47:07,Tactical HUD,0,1
2026-07-25 22:47:08,Tactical HUD,0,1
2026-07-25 22:47:09,Tactical HUD,0,1
2026-07-25 22:47:10,Tactical HUD,0,1
2026-07-25 22:47:12,Tactical HUD,0,1
2026-07-25 22:47:13,Tactical HUD,0,1
2026-07-25 22:47:14,Tactical HUD,0,1
2026-07-25 22:47:15,Tactical HUD,0,1
2026-07-25 22:47:16,Tactical HUD,0,1
2026-07-25 22:47:17,Tactical HUD,0,1
2026-07-25 22:47:18,Tactical HUD,0,1
2026-07-25 22:47:19,Tactical HUD,0,1
2026-07-25 22:47:20,Tactical HUD,0,1
2026-07-25 22:47:21,Tactical HUD,0,1
2026-07-25 22:47:23,Tactical HUD,0,1
2026-07-25 22:47:24,Tactical HUD,0,1
2026-07-25 22:47:25,Tactical HUD,0,1
2026-07-25 22:47:26,Tactical HUD,0,1
2026-07-25 22:47:27,Tactical HUD,0,1
2026-07-25 22:47:28,Tactical HUD,0,1
2026-07-25 22:47:29,Tactical HUD,0,1
2026-07-25 22:47:30,Tactical HUD,0,1
2026-07-25 22:47:31,Tactical HUD,0,1
2026-07-25 22:47:32,Tactical HUD,0,1
2026-07-25 22:47:33,Tactical HUD,0,1
2026-07-25 22:47:35,Tactical HUD,0,1
2026-07-25 22:47:36,Tactical HUD,0,1
2026-07-25 22:47:37,Tactical HUD,0,1
2026-07-25 22:47:38,Tactical HUD,0,1
2026-07-25 22:47:39,Tactical HUD,0,1
2026-07-25 22:47:40,Tactical HUD,0,1
2026-07-25 22:47:41,Tactical HUD,0,1
2026-07-25 22:47:42,Tactical HUD,0,1
2026-07-25 22:47:43,Tactical HUD,0,1
2026-07-25 22:47:44,Tactical HUD,0,1
2026-07-25 22:47:45,Tactical HUD,0,1
2026-07-25 22:47:46,Tactical HUD,0,1
2026-07-25 22:47:47,Tactical HUD,0,1
2026-07-25 22:47:48,Tactical HUD,0,1
2026-07-25 22:47:49,Tactical HUD,0,1
2026-07-25 22:47:50,Tactical HUD,0,1
2026-07-25 22:47:51,Tactical HUD,0,1
2026-07-25 22:47:52,Tactical HUD,0,1
2026-07-25 22:47:53,Tactical HUD,0,1
2026-07-25 22:47:54,Tactical HUD,0,1
2026-07-25 22:47:55,Tactical HUD,0,1
2026-07-25 22:47:56,Tactical HUD,0,1
2026-07-25 22:47:57,Tactical HUD,0,1
2026-07-25 22:47:59,Tactical HUD,0,1
2026-07-25 22:48:00,Tactical HUD,0,1
2026-07-25 22:48:01,Tactical HUD,0,1
2026-07-25 22:48:02,Tactical HUD,0,1
2026-07-25 22:48:03,Tactical HUD,0,1
2026-07-25 22:48:04,Tactical HUD,0,1
2026-07-25 22:48:05,Tactical HUD,0,1
2026-07-25 22:48:06,Tactical HUD,0,1
2026-07-25 22:48:07,Tactical HUD,0,1
2026-07-25 22:48:08,Tactical HUD,0,1
2026-07-25 22:48:10,Tactical HUD,0,1
2026-07-25 22:48:11,Tactical HUD,0,1
2026-07-25 22:48:12,Tactical HUD,0,1
2026-07-25 22:48:13,Tactical HUD,0,1
2026-07-25 22:48:14,Tactical HUD,0,1
2026-07-25 22:48:15,Tactical HUD,0,1
2026-07-25 22:48:16,Tactical HUD,0,1
2026-07-25 22:48:17,Tactical HUD,0,1
2026-07-25 22:48:19,Tactical HUD,0,1
2026-07-25 22:48:20,Tactical HUD,0,1
2026-07-25 22:48:21,Tactical HUD,0,1
2026-07-25 22:48:22,Tactical HUD,0,1
2026-07-25 22:48:23,Tactical HUD,0,1
2026-07-25 22:48:24,Tactical HUD,0,1
2026-07-25 22:48:25,Tactical HUD,0,1
2026-07-25 22:48:26,Tactical HUD,0,1
2026-07-25 22:48:27,Tactical HUD,0,1
2026-07-25 22:48:28,Tactical HUD,0,1
2026-07-25 22:48:29,Tactical HUD,0,1
2026-07-25 22:48:30,Tactical HUD,0,1
2026-07-25 22:48:31,Tactical HUD,0,1
2026-07-25 22:48:32,Tactical HUD,0,1
2026-07-25 22:48:33,Tactical HUD,0,1
2026-07-25 22:48:34,Tactical HUD,0,1
2026-07-25 22:48:36,Tactical HUD,0,1
2026-07-25 22:48:37,Tactical HUD,0,1
2026-07-25 22:48:38,Tactical HUD,0,1
2026-07-25 22:48:39,Tactical HUD,0,1
2026-07-25 22:48:40,Tactical HUD,0,1
2026-07-25 22:48:41,Tactical HUD,0,1
2026-07-25 22:48:42,Tactical HUD,0,1
2026-07-25 22:48:43,Tactical HUD,0,1
2026-07-25 22:48:44,Tactical HUD,0,1
2026-07-25 22:48:45,Tactical HUD,0,1
2026-07-25 22:48:46,Tactical HUD,0,1
2026-07-25 22:48:47,Tactical HUD,0,1
2026-07-25 22:48:49,Tactical HUD,0,1
2026-07-25 22:48:50,Tactical HUD,0,1
2026-07-25 22:48:51,Tactical HUD,0,1
2026-07-25 22:48:52,Tactical HUD,0,1
2026-07-25 22:48:53,Tactical HUD,0,1
2026-07-25 22:48:54,Tactical HUD,0,1
2026-07-25 22:48:55,Tactical HUD,0,1
2026-07-25 22:48:56,Tactical HUD,0,1
2026-07-25 22:48:57,Tactical HUD,0,1
2026-07-25 22:48:58,Tactical HUD,0,1
2026-07-25 22:48:59,Tactical HUD,0,1
2026-07-25 22:49:00,Tactical HUD,0,1
2026-07-25 22:49:01,Tactical HUD,0,1
2026-07-25 22:49:02,Tactical HUD,0,1
2026-07-25 22:49:03,Tactical HUD,0,1
2026-07-25 22:49:04,Tactical HUD,0,1
2026-07-25 22:49:05,Tactical HUD,0,1
2026-07-25 22:49:06,Tactical HUD,0,1
2026-07-25 22:49:07,Tactical HUD,0,1
2026-07-25 22:49:09,Tactical HUD,0,1
2026-07-25 22:49:10,Tactical HUD,0,1
2026-07-25 22:49:11,Tactical HUD,0,1
2026-07-25 22:49:12,Tactical HUD,0,1
2026-07-25 22:49:13,Tactical HUD,0,1
2026-07-25 22:49:14,Tactical HUD,0,1
2026-07-25 22:49:15,Tactical HUD,0,1
2026-07-25 22:49:16,Tactical HUD,0,1
2026-07-25 22:49:17,Tactical HUD,0,1
2026-07-25 22:49:18,Tactical HUD,0,1
2026-07-25 22:49:19,Tactical HUD,0,1
2026-07-25 22:49:20,Tactical HUD,0,1
2026-07-25 22:49:21,Tactical HUD,0,1
2026-07-25 22:49:22,Tactical HUD,0,1
2026-07-25 22:49:23,Tactical HUD,0,1
2026-07-25 22:49:25,Tactical HUD,0,1
2026-07-25 22:49:26,Tactical HUD,0,1
2026-07-25 22:49:27,Tactical HUD,0,1
2026-07-25 22:49:28,Tactical HUD,0,1
2026-07-25 22:49:29,Tactical HUD,0,1
2026-07-25 22:49:30,Tactical HUD,0,1
2026-07-25 22:49:31,Tactical HUD,0,1
2026-07-25 22:49:32,Tactical HUD,0,1
2026-07-25 22:49:33,Tactical HUD,0,1
2026-07-25 22:49:34,Tactical HUD,0,1
2026-07-25 22:49:35,Tactical HUD,0,1
2026-07-25 22:49:36,Tactical HUD,0,1
2026-07-25 22:49:37,Tactical HUD,0,1
2026-07-25 22:49:38,Tactical HUD,0,1
2026-07-25 22:49:40,Tactical HUD,0,1
2026-07-25 22:49:41,Tactical HUD,0,1
2026-07-25 22:49:42,Tactical HUD,0,1
2026-07-25 22:49:43,Tactical HUD,0,1
2026-07-25 22:49:44,Tactical HUD,0,1
2026-07-25 22:49:45,Tactical HUD,0,1
2026-07-25 22:49:46,Tactical HUD,0,1
2026-07-25 22:49:47,Tactical HUD,0,1
2026-07-25 22:49:48,Tactical HUD,0,1
2026-07-25 22:49:49,Tactical HUD,0,1
2026-07-25 22:49:50,Tactical HUD,0,1
2026-07-25 22:49:51,Tactical HUD,0,1
2026-07-25 22:49:52,Tactical HUD,0,1
2026-07-25 22:49:53,Tactical HUD,0,1
2026-07-25 22:49:54,Tactical HUD,0,1
2026-07-25 22:49:56,Tactical HUD,0,1
2026-07-25 22:49:57,Tactical HUD,0,1
2026-07-25 22:49:58,Tactical HUD,0,1
2026-07-25 22:49:59,Tactical HUD,0,1
2026-07-25 22:50:00,Tactical HUD,0,1
2026-07-25 22:50:01,Tactical HUD,0,1
2026-07-25 22:50:02,Tactical HUD,0,1
2026-07-25 22:50:03,Tactical HUD,0,1
2026-07-25 22:50:04,Tactical HUD,0,1
2026-07-25 22:50:05,Tactical HUD,0,1
2026-07-25 22:50:06,Tactical HUD,0,1
2026-07-25 22:50:07,Tactical HUD,0,1
2026-07-25 22:50:08,Tactical HUD,0,1
2026-07-25 22:50:09,Tactical HUD,0,1
2026-07-25 22:50:10,Tactical HUD,0,1
2026-07-25 22:50:11,Tactical HUD,0,1
2026-07-25 22:50:12,Tactical HUD,0,1
2026-07-25 22:50:14,Tactical HUD,0,1
2026-07-25 22:50:15,Tactical HUD,0,1
2026-07-25 22:50:16,Tactical HUD,0,1
2026-07-25 22:50:17,Tactical HUD,0,1
2026-07-25 22:50:18,Tactical HUD,0,1
2026-07-25 22:50:19,Tactical HUD,0,1
2026-07-25 22:50:20,Tactical HUD,0,1
2026-07-25 22:50:21,Tactical HUD,0,1
2026-07-25 22:50:22,Tactical HUD,0,1
2026-07-25 22:50:23,Tactical HUD,0,1
2026-07-25 22:50:24,Tactical HUD,0,1
2026-07-25 22:50:25,Tactical HUD,0,1
2026-07-25 22:50:26,Tactical HUD,0,1
2026-07-25 22:50:28,Tactical HUD,0,1
2026-07-25 22:50:29,Tactical HUD,0,1
2026-07-25 22:50:30,Tactical HUD,0,1
2026-07-25 22:50:31,Tactical HUD,0,1
2026-07-25 22:50:32,Tactical HUD,0,1
2026-07-25 22:50:33,Tactical HUD,0,1
2026-07-25 22:50:34,Tactical HUD,0,1
2026-07-25 22:50:35,Tactical HUD,0,1
2026-07-25 22:50:36,Tactical HUD,0,1
2026-07-25 22:50:37,Tactical HUD,0,1
2026-07-25 22:50:38,Tactical HUD,0,1
2026-07-25 22:50:39,Tactical HUD,0,1
2026-07-25 22:50:40,Tactical HUD,0,1
2026-07-25 22:50:41,Tactical HUD,0,1
2026-07-25 22:50:42,Tactical HUD,0,1
2026-07-25 22:50:43,Tactical HUD,0,1
2026-07-25 22:50:44,Tactical HUD,0,1
2026-07-25 22:50:45,Tactical HUD,0,1
2026-07-25 22:50:46,Tactical HUD,0,1
2026-07-25 22:50:48,Tactical HUD,0,1
2026-07-25 22:50:49,Tactical HUD,0,1
2026-07-25 22:50:50,Tactical HUD,0,1
2026-07-25 22:50:51,Tactical HUD,0,1
2026-07-25 22:50:52,Tactical HUD,0,1
2026-07-25 22:50:53,Tactical HUD,0,1
2026-07-25 22:50:54,Tactical HUD,0,1
2026-07-25 22:50:55,Tactical HUD,0,1
2026-07-25 22:50:56,Tactical HUD,0,1
2026-07-25 22:50:57,Tactical HUD,0,1
2026-07-25 22:50:58,Tactical HUD,0,1
2026-07-25 22:50:59,Tactical HUD,0,1
2026-07-25 22:51:00,Tactical HUD,0,1
2026-07-25 22:51:01,Tactical HUD,0,1
2026-07-25 22:51:02,Tactical HUD,0,1
2026-07-25 22:51:03,Tactical HUD,0,1
2026-07-25 22:51:04,Tactical HUD,0,1
2026-07-25 22:51:05,Tactical HUD,0,1
2026-07-25 22:51:07,Tactical HUD,0,1
2026-07-25 22:51:08,Tactical HUD,0,1
2026-07-25 22:51:09,Tactical HUD,0,1
2026-07-25 22:51:10,Tactical HUD,0,1
2026-07-25 22:51:11,Tactical HUD,0,1
2026-07-25 22:51:12,Tactical HUD,0,1
2026-07-25 22:51:13,Tactical HUD,0,1
2026-07-25 22:51:14,Tactical HUD,0,1
2026-07-25 22:51:15,Tactical HUD,0,1
2026-07-25 22:51:16,Tactical HUD,0,1
2026-07-25 22:51:17,Tactical HUD,0,1
2026-07-25 22:51:18,Tactical HUD,0,1
2026-07-25 22:51:19,Tactical HUD,0,1
2026-07-25 22:51:20,Tactical HUD,0,1
2026-07-25 22:51:21,Tactical HUD,0,1
2026-07-25 22:51:22,Tactical HUD,0,1
2026-07-25 22:51:23,Tactical HUD,0,1
2026-07-25 22:51:24,Tactical HUD,0,1
2026-07-25 22:51:25,Tactical HUD,0,1
2026-07-25 22:51:26,Tactical HUD,0,1
2026-07-25 22:51:28,Tactical HUD,0,1
2026-07-25 22:51:29,Tactical HUD,0,1
2026-07-25 22:51:30,Tactical HUD,0,1
2026-07-25 22:51:31,Tactical HUD,0,1
2026-07-25 22:51:32,Tactical HUD,0,1
2026-07-25 22:51:33,Tactical HUD,0,1
2026-07-25 22:51:34,Tactical HUD,0,1
2026-07-25 22:51:35,Tactical HUD,0,1
2026-07-25 22:51:36,Tactical HUD,0,1
2026-07-25 22:51:37,Tactical HUD,0,1
2026-07-25 22:51:38,Tactical HUD,0,1
2026-07-25 22:51:39,Tactical HUD,0,1
2026-07-25 22:51:40,Tactical HUD,0,1
2026-07-25 22:51:41,Tactical HUD,0,1
2026-07-25 22:51:42,Tactical HUD,0,1
2026-07-25 22:51:43,Tactical HUD,0,1
2026-07-25 22:51:44,Tactical HUD,0,1
2026-07-25 22:51:45,Tactical HUD,0,1
2026-07-25 22:51:46,Tactical HUD,0,1
2026-07-25 22:51:48,Tactical HUD,0,1
2026-07-25 22:51:49,Tactical HUD,0,1
2026-07-25 22:51:50,Tactical HUD,0,1
2026-07-25 22:51:51,Tactical HUD,0,1
2026-07-25 22:51:52,Tactical HUD,0,1
2026-07-25 22:51:53,Tactical HUD,0,1
2026-07-25 22:51:54,Tactical HUD,0,1
2026-07-25 22:51:55,Tactical HUD,0,1
2026-07-25 22:51:56,Tactical HUD,0,1
2026-07-25 22:51:57,Tactical HUD,0,1
2026-07-25 22:51:58,Tactical HUD,0,1
2026-07-25 22:51:59,Tactical HUD,0,1
2026-07-25 22:52:00,Tactical HUD,0,1
2026-07-25 22:52:01,Tactical HUD,0,1
2026-07-25 22:52:03,Tactical HUD,0,1
2026-07-25 22:52:04,Tactical HUD,0,1
2026-07-25 22:52:05,Tactical HUD,0,1
2026-07-25 22:52:06,Tactical HUD,0,1
2026-07-25 22:52:07,Tactical HUD,0,1
2026-07-25 22:52:08,Tactical HUD,0,1
2026-07-25 22:52:09,Tactical HUD,0,1
2026-07-25 22:52:10,Tactical HUD,0,1
2026-07-25 22:52:11,Tactical HUD,0,1
2026-07-25 22:52:12,Tactical HUD,0,1
2026-07-25 22:52:13,Tactical HUD,0,1
2026-07-25 22:52:14,Tactical HUD,0,1
2026-07-25 22:52:15,Tactical HUD,0,1
2026-07-25 22:52:16,Tactical HUD,0,1
2026-07-25 22:52:17,Tactical HUD,0,1
2026-07-25 22:52:18,Tactical HUD,0,1
2026-07-25 22:52:20,Tactical HUD,0,1
2026-07-25 22:52:21,Tactical HUD,0,1
2026-07-25 22:52:22,Tactical HUD,0,1
2026-07-25 22:52:23,Tactical HUD,0,1
2026-07-25 22:52:24,Tactical HUD,0,1
2026-07-25 22:52:25,Tactical HUD,0,1
2026-07-25 22:52:26,Tactical HUD,0,1
2026-07-25 22:52:27,Tactical HUD,0,1
2026-07-25 22:52:28,Tactical HUD,0,1
2026-07-25 22:52:29,Tactical HUD,0,1
2026-07-25 22:52:30,Tactical HUD,0,1
2026-07-25 22:52:31,Tactical HUD,0,1
2026-07-25 22:52:33,Tactical HUD,0,1
2026-07-25 22:52:34,Tactical HUD,0,1
2026-07-25 22:52:35,Tactical HUD,0,1
2026-07-25 22:52:36,Tactical HUD,0,1
2026-07-25 22:52:37,Tactical HUD,0,1
2026-07-25 22:52:38,Tactical HUD,0,1
2026-07-25 22:52:39,Tactical HUD,0,1
2026-07-25 22:52:40,Tactical HUD,0,1
2026-07-25 22:52:41,Tactical HUD,0,1
2026-07-25 22:52:42,Tactical HUD,0,1
2026-07-25 22:52:43,Tactical HUD,0,1
2026-07-25 22:52:44,Tactical HUD,0,1
2026-07-25 22:52:45,Tactical HUD,0,1
2026-07-25 22:52:46,Tactical HUD,0,1
2026-07-25 22:52:48,Tactical HUD,0,1
2026-07-25 22:52:49,Tactical HUD,0,1
2026-07-25 22:52:50,Tactical HUD,0,1
2026-07-25 22:52:51,Tactical HUD,0,1
2026-07-25 22:52:52,Tactical HUD,0,1
2026-07-25 22:52:53,Tactical HUD,0,1
2026-07-25 22:52:54,Tactical HUD,0,1
2026-07-25 22:52:55,Tactical HUD,0,1
2026-07-25 22:52:56,Tactical HUD,0,1
2026-07-25 22:52:57,Tactical HUD,0,1
2026-07-25 22:52:58,Tactical HUD,0,1
2026-07-25 22:52:59,Tactical HUD,0,1
2026-07-25 22:53:00,Tactical HUD,0,1
2026-07-25 22:53:01,Tactical HUD,0,1
2026-07-25 22:53:02,Tactical HUD,0,1
2026-07-25 22:53:03,Tactical HUD,0,1
2026-07-25 22:53:04,Tactical HUD,0,1
2026-07-25 22:53:05,Tactical HUD,0,1
2026-07-25 22:53:06,Tactical HUD,0,1
2026-07-25 22:53:07,Tactical HUD,0,1
2026-07-25 22:53:09,Tactical HUD,0,1
2026-07-25 22:53:10,Tactical HUD,0,1
2026-07-25 22:53:11,Tactical HUD,0,1
2026-07-25 22:53:12,Tactical HUD,0,1
2026-07-25 22:53:13,Tactical HUD,0,1
2026-07-25 22:53:14,Tactical HUD,0,1
2026-07-25 22:53:15,Tactical HUD,0,1
2026-07-25 22:53:16,Tactical HUD,0,1
2026-07-25 22:53:17,Tactical HUD,0,1
2026-07-25 22:53:18,Tactical HUD,0,1
2026-07-25 22:53:19,Tactical HUD,0,1
2026-07-25 22:53:20,Tactical HUD,0,1
2026-07-25 22:53:21,Tactical HUD,0,1
2026-07-25 22:53:22,Tactical HUD,0,1
2026-07-25 22:53:23,Tactical HUD,0,1
2026-07-25 22:53:24,Tactical HUD,0,1
2026-07-25 22:53:25,Tactical HUD,0,1
2026-07-25 22:53:27,Tactical HUD,0,1
2026-07-25 22:53:28,Tactical HUD,0,1
2026-07-25 22:53:29,Tactical HUD,0,1
2026-07-25 22:53:30,Tactical HUD,0,1
2026-07-25 22:53:31,Tactical HUD,0,1
2026-07-25 22:53:32,Tactical HUD,0,1
2026-07-25 22:53:33,Tactical HUD,0,1
2026-07-25 22:53:34,Tactical HUD,0,1
2026-07-25 22:53:35,Tactical HUD,0,1
2026-07-25 22:53:36,Tactical HUD,0,1
2026-07-25 22:53:37,Tactical HUD,0,1
2026-07-25 22:53:39,Tactical HUD,0,1
2026-07-25 22:53:40,Tactical HUD,0,1
2026-07-25 22:53:41,Tactical HUD,0,1
2026-07-25 22:53:42,Tactical HUD,0,1
2026-07-25 22:53:43,Tactical HUD,0,1
2026-07-25 22:53:44,Tactical HUD,0,1
2026-07-25 22:53:45,Tactical HUD,0,1
2026-07-25 22:53:46,Tactical HUD,0,1
2026-07-25 22:53:47,Tactical HUD,0,1
2026-07-25 22:53:48,Tactical HUD,0,1
2026-07-25 22:53:49,Tactical HUD,0,1
2026-07-25 22:53:50,Tactical HUD,0,1
2026-07-25 22:53:51,Tactical HUD,0,1
2026-07-25 22:53:52,Tactical HUD,0,1
2026-07-25 22:53:54,Tactical HUD,0,1
2026-07-25 22:53:55,Tactical HUD,0,1
2026-07-25 22:53:56,Tactical HUD,0,1
2026-07-25 22:53:57,Tactical HUD,0,1
2026-07-25 22:53:58,Tactical HUD,0,1
2026-07-25 22:53:59,Tactical HUD,0,1
2026-07-25 22:54:00,Tactical HUD,0,1
2026-07-25 22:54:01,Tactical HUD,0,1
2026-07-25 22:54:02,Tactical HUD,0,1
2026-07-25 22:54:03,Tactical HUD,0,1
2026-07-25 22:54:04,Tactical HUD,0,1
2026-07-25 22:54:05,Tactical HUD,0,1
2026-07-25 22:54:06,Tactical HUD,0,1
2026-07-25 22:54:08,Tactical HUD,0,1
2026-07-25 22:54:09,Tactical HUD,0,1
2026-07-25 22:54:10,Tactical HUD,0,1
2026-07-25 22:54:11,Tactical HUD,0,1
2026-07-25 22:54:12,Tactical HUD,0,1
2026-07-25 22:54:13,Tactical HUD,0,1
2026-07-25 22:54:14,Tactical HUD,0,1
2026-07-25 22:54:15,Tactical HUD,0,1
2026-07-25 22:54:16,Tactical HUD,0,1
2026-07-25 22:54:17,Tactical HUD,0,1
2026-07-25 22:54:18,Tactical HUD,0,1
2026-07-25 22:54:19,Tactical HUD,0,1
2026-07-25 22:54:20,Tactical HUD,0,1
2026-07-25 22:54:22,Tactical HUD,0,1
2026-07-25 22:54:23,Tactical HUD,0,1
2026-07-25 22:54:24,Tactical HUD,0,1
2026-07-25 22:54:25,Tactical HUD,0,1
2026-07-25 22:54:26,Tactical HUD,0,1
2026-07-25 22:54:27,Tactical HUD,0,1
2026-07-25 22:54:28,Tactical HUD,0,1
2026-07-25 22:54:29,Tactical HUD,0,1
2026-07-25 22:54:30,Tactical HUD,0,1
2026-07-25 22:54:31,Tactical HUD,0,1
2026-07-25 22:54:32,Tactical HUD,0,1
2026-07-25 22:54:33,Tactical HUD,0,1
2026-07-25 22:54:35,Tactical HUD,0,1
2026-07-25 22:54:36,Tactical HUD,0,1
2026-07-25 22:54:37,Tactical HUD,0,1
2026-07-25 22:54:38,Tactical HUD,0,1
2026-07-25 22:54:39,Tactical HUD,0,1
2026-07-25 22:54:40,Tactical HUD,0,1
2026-07-25 22:54:41,Tactical HUD,0,1
2026-07-25 22:54:42,Tactical HUD,0,1
2026-07-25 22:54:43,Tactical HUD,0,1
2026-07-25 22:54:44,Tactical HUD,0,1
2026-07-25 22:54:45,Tactical HUD,0,1
2026-07-25 22:54:47,Tactical HUD,0,1
2026-07-25 22:54:48,Tactical HUD,0,1
2026-07-25 22:54:49,Tactical HUD,0,1
2026-07-25 22:54:50,Tactical HUD,0,1
2026-07-25 22:54:51,Tactical HUD,0,1
2026-07-25 22:54:52,Tactical HUD,0,1
2026-07-25 22:54:53,Tactical HUD,0,1
2026-07-25 22:54:54,Tactical HUD,0,1
2026-07-25 22:54:55,Tactical HUD,0,1
2026-07-25 22:54:56,Tactical HUD,0,1
2026-07-25 22:54:57,Tactical HUD,0,1
2026-07-25 22:54:58,Tactical HUD,0,1
2026-07-25 22:54:59,Tactical HUD,0,1
2026-07-25 22:55:00,Tactical HUD,0,1
2026-07-25 22:55:01,Tactical HUD,0,1
2026-07-25 22:55:02,Tactical HUD,0,1
2026-07-25 22:55:03,Tactical HUD,0,1
2026-07-25 22:55:04,Tactical HUD,0,1
2026-07-25 22:55:05,Tactical HUD,0,1
2026-07-25 22:55:07,Tactical HUD,0,1
2026-07-25 22:55:08,Tactical HUD,0,1
2026-07-25 22:55:09,Tactical HUD,0,1
2026-07-25 22:55:10,Tactical HUD,0,1
2026-07-25 22:55:11,Tactical HUD,0,1
2026-07-25 22:55:12,Tactical HUD,0,1
2026-07-25 22:55:13,Tactical HUD,0,1
2026-07-25 22:55:14,Tactical HUD,0,1
2026-07-25 22:55:15,Tactical HUD,0,1
2026-07-25 22:55:16,Tactical HUD,0,1
2026-07-25 22:55:17,Tactical HUD,0,1
2026-07-25 22:55:18,Tactical HUD,0,1
2026-07-25 22:55:19,Tactical HUD,0,1
2026-07-25 22:55:20,Tactical HUD,0,1
2026-07-25 22:55:21,Tactical HUD,0,1
2026-07-25 22:55:23,Tactical HUD,0,1
2026-07-25 22:55:24,Tactical HUD,0,1
2026-07-25 22:55:25,Tactical HUD,0,1
2026-07-25 22:55:26,Tactical HUD,0,1
2026-07-25 22:55:27,Tactical HUD,0,1
2026-07-25 22:55:28,Tactical HUD,0,1
2026-07-25 22:55:29,Tactical HUD,0,1
2026-07-25 22:55:30,Tactical HUD,0,1
2026-07-25 22:55:31,Tactical HUD,0,1
2026-07-25 22:55:32,Tactical HUD,0,1
2026-07-25 22:55:33,Tactical HUD,0,1
2026-07-25 22:55:34,Tactical HUD,0,1
2026-07-25 22:55:35,Tactical HUD,0,1
2026-07-25 22:55:36,Tactical HUD,0,1
2026-07-25 22:55:37,Tactical HUD,0,1
2026-07-25 22:55:38,Tactical HUD,0,1
2026-07-25 22:55:39,Tactical HUD,0,1
2026-07-25 22:55:40,Tactical HUD,0,1
2026-07-25 22:55:42,Tactical HUD,0,1
2026-07-25 22:55:43,Tactical HUD,0,1
2026-07-25 22:55:44,Tactical HUD,0,1
2026-07-25 22:55:45,Tactical HUD,0,1
2026-07-25 22:55:46,Tactical HUD,0,1
2026-07-25 22:55:47,Tactical HUD,0,1
2026-07-25 22:55:48,Tactical HUD,0,1
2026-07-25 22:55:49,Tactical HUD,0,1
2026-07-25 22:55:50,Tactical HUD,0,1
2026-07-25 22:55:51,Tactical HUD,0,1
2026-07-25 22:55:52,Tactical HUD,0,1
2026-07-25 22:55:53,Tactical HUD,0,1
2026-07-25 22:55:54,Tactical HUD,0,1
2026-07-25 22:55:55,Tactical HUD,0,1
2026-07-25 22:55:56,Tactical HUD,0,1
2026-07-25 22:55:57,Tactical HUD,0,1
2026-07-25 22:55:58,Tactical HUD,0,1
2026-07-25 22:55:59,Tactical HUD,0,1
2026-07-25 22:56:01,Tactical HUD,0,1
2026-07-25 22:56:02,Tactical HUD,0,1
2026-07-25 22:56:03,Tactical HUD,0,1
2026-07-25 22:56:04,Tactical HUD,0,1
2026-07-25 22:56:05,Tactical HUD,0,1
2026-07-25 22:56:06,Tactical HUD,0,1
2026-07-25 22:56:07,Tactical HUD,0,1
2026-07-25 22:56:08,Tactical HUD,0,1
2026-07-25 22:56:09,Tactical HUD,0,1
2026-07-25 22:56:10,Tactical HUD,0,1
2026-07-25 22:56:11,Tactical HUD,0,1
2026-07-25 22:56:12,Tactical HUD,0,1
2026-07-25 22:56:13,Tactical HUD,0,1
2026-07-25 22:56:14,Tactical HUD,0,1
2026-07-25 22:56:15,Tactical HUD,0,1
2026-07-25 22:56:16,Tactical HUD,0,1
2026-07-25 22:56:17,Tactical HUD,0,1
2026-07-25 22:56:18,Tactical HUD,0,1
2026-07-25 22:56:20,Tactical HUD,0,1
2026-07-25 22:56:21,Tactical HUD,0,1
2026-07-25 22:56:22,Tactical HUD,0,1
2026-07-25 22:56:23,Tactical HUD,0,1
2026-07-25 22:56:24,Tactical HUD,0,1
2026-07-25 22:56:25,Tactical HUD,0,1
2026-07-25 22:56:26,Tactical HUD,0,1
2026-07-25 22:56:27,Tactical HUD,0,1
2026-07-25 22:56:28,Tactical HUD,0,1
2026-07-25 22:56:29,Tactical HUD,0,1
2026-07-25 22:56:30,Tactical HUD,0,1
2026-07-25 22:56:31,Tactical HUD,0,1
2026-07-25 22:56:32,Tactical HUD,0,1
2026-07-25 22:56:33,Tactical HUD,0,1
2026-07-25 22:56:34,Tactical HUD,0,1
2026-07-25 22:56:35,Tactical HUD,0,1
2026-07-25 22:56:36,Tactical HUD,0,1
2026-07-25 22:56:37,Tactical HUD,0,1
2026-07-25 22:56:38,Tactical HUD,0,1
2026-07-25 22:56:39,Tactical HUD,0,1
2026-07-25 22:56:40,Tactical HUD,0,1
2026-07-25 22:56:42,Tactical HUD,0,1
2026-07-25 22:56:43,Tactical HUD,0,1
2026-07-25 22:56:44,Tactical HUD,0,1
2026-07-25 22:56:45,Tactical HUD,0,1
2026-07-25 22:56:46,Tactical HUD,0,1
2026-07-25 22:56:47,Tactical HUD,0,1
2026-07-25 22:56:48,Tactical HUD,0,1
2026-07-25 22:56:49,Tactical HUD,0,1
2026-07-25 22:56:50,Tactical HUD,0,1
2026-07-25 22:56:51,Tactical HUD,0,1
2026-07-25 22:56:52,Tactical HUD,0,1
2026-07-25 22:56:53,Tactical HUD,0,1
2026-07-25 22:56:54,Tactical HUD,0,1
2026-07-25 22:56:55,Tactical HUD,0,1
2026-07-25 22:56:56,Tactical HUD,0,1
2026-07-25 22:56:57,Tactical HUD,0,1
2026-07-25 22:56:58,Tactical HUD,0,1
2026-07-25 22:57:00,Tactical HUD,0,1
2026-07-25 22:57:01,Tactical HUD,0,1
2026-07-25 22:57:02,Tactical HUD,0,1
2026-07-25 22:57:03,Tactical HUD,0,1
2026-07-25 22:57:04,Tactical HUD,0,1
2026-07-25 22:57:05,Tactical HUD,0,1
2026-07-25 22:57:06,Tactical HUD,0,1
2026-07-25 22:57:07,Tactical HUD,0,1
2026-07-25 22:57:08,Tactical HUD,0,1
2026-07-25 22:57:09,Tactical HUD,0,1
2026-07-25 22:57:10,Tactical HUD,0,1
2026-07-25 22:57:11,Tactical HUD,0,1
2026-07-25 22:57:12,Tactical HUD,0,1
2026-07-25 22:57:13,Tactical HUD,0,1
2026-07-25 22:57:14,Tactical HUD,0,1
2026-07-25 22:57:16,Tactical HUD,0,1
2026-07-25 22:57:17,Tactical HUD,0,1
2026-07-25 22:57:18,Tactical HUD,0,1
2026-07-25 22:57:19,Tactical HUD,0,1
2026-07-25 22:57:20,Tactical HUD,0,1
2026-07-25 22:57:21,Tactical HUD,0,1
2026-07-25 22:57:22,Tactical HUD,0,1
2026-07-25 22:57:23,Tactical HUD,0,1
2026-07-25 22:57:24,Tactical HUD,0,1
2026-07-25 22:57:25,Tactical HUD,0,1
2026-07-25 22:57:26,Tactical HUD,0,1
2026-07-25 22:57:27,Tactical HUD,0,1
2026-07-25 22:57:28,Tactical HUD,0,1
2026-07-25 22:57:29,Tactical HUD,0,1
2026-07-25 22:57:30,Tactical HUD,0,1
2026-07-25 22:57:31,Tactical HUD,0,1
2026-07-25 22:57:32,Tactical HUD,0,1
2026-07-25 22:57:33,Tactical HUD,0,1
2026-07-25 22:57:35,Tactical HUD,0,1
2026-07-25 22:57:36,Tactical HUD,0,1
2026-07-25 22:57:37,Tactical HUD,0,1
2026-07-25 22:57:38,Tactical HUD,0,1
2026-07-25 22:57:39,Tactical HUD,0,1
2026-07-25 22:57:40,Tactical HUD,0,1
2026-07-25 22:57:41,Tactical HUD,0,1
2026-07-25 22:57:42,Tactical HUD,0,1
2026-07-25 22:57:43,Tactical HUD,0,1
2026-07-25 22:57:44,Tactical HUD,0,1
2026-07-25 22:57:45,Tactical HUD,0,1
2026-07-25 22:57:46,Tactical HUD,0,1
2026-07-25 22:57:47,Tactical HUD,0,1
2026-07-25 22:57:48,Tactical HUD,0,1
2026-07-25 22:57:49,Tactical HUD,0,1
2026-07-25 22:57:50,Tactical HUD,0,1
2026-07-25 22:57:51,Tactical HUD,0,1
2026-07-25 22:57:52,Tactical HUD,0,1
2026-07-25 22:57:53,Tactical HUD,0,1
2026-07-25 22:57:54,Tactical HUD,0,1
2026-07-25 22:57:55,Tactical HUD,0,1
2026-07-25 22:57:56,Tactical HUD,0,1
2026-07-25 22:57:58,Tactical HUD,0,1
2026-07-25 22:57:59,Tactical HUD,0,1
2026-07-25 22:58:00,Tactical HUD,0,1
2026-07-25 22:58:01,Tactical HUD,0,1
2026-07-25 22:58:02,Tactical HUD,0,1
2026-07-25 22:58:03,Tactical HUD,0,1
2026-07-25 22:58:04,Tactical HUD,0,1
2026-07-25 22:58:05,Tactical HUD,0,1
2026-07-25 22:58:06,Tactical HUD,0,1
2026-07-25 22:58:07,Tactical HUD,0,1
2026-07-25 22:58:08,Tactical HUD,0,1
2026-07-25 22:58:09,Tactical HUD,0,1
2026-07-25 22:58:10,Tactical HUD,0,1
2026-07-25 22:58:11,Tactical HUD,0,1
2026-07-25 22:58:12,Tactical HUD,0,1
2026-07-25 22:58:13,Tactical HUD,0,1
2026-07-25 22:58:14,Tactical HUD,0,1
2026-07-25 22:58:16,Tactical HUD,0,1
2026-07-25 22:58:17,Tactical HUD,0,1
2026-07-25 22:58:18,Tactical HUD,0,1
2026-07-25 22:58:19,Tactical HUD,0,1
2026-07-25 22:58:20,Tactical HUD,0,1
2026-07-25 22:58:21,Tactical HUD,0,1
2026-07-25 22:58:22,Tactical HUD,0,1
2026-07-25 22:58:23,Tactical HUD,0,1
2026-07-25 22:58:24,Tactical HUD,0,1
2026-07-25 22:58:25,Tactical HUD,0,1
2026-07-25 22:58:26,Tactical HUD,0,1
2026-07-25 22:58:27,Tactical HUD,0,1
2026-07-25 22:58:28,Tactical HUD,0,1
2026-07-25 22:58:29,Tactical HUD,0,1
2026-07-25 22:58:30,Tactical HUD,0,1
2026-07-25 22:58:32,Tactical HUD,0,1
2026-07-25 22:58:33,Tactical HUD,0,1
2026-07-25 22:58:34,Tactical HUD,0,1
2026-07-25 22:58:35,Tactical HUD,0,1
2026-07-25 22:58:36,Tactical HUD,0,1
2026-07-25 22:58:37,Tactical HUD,0,1
2026-07-25 22:58:38,Tactical HUD,0,1
2026-07-25 22:58:39,Tactical HUD,0,1
2026-07-25 22:58:40,Tactical HUD,0,1
2026-07-25 22:58:41,Tactical HUD,0,1
2026-07-25 22:58:42,Tactical HUD,0,1
2026-07-25 22:58:43,Tactical HUD,0,1
2026-07-25 22:58:44,Tactical HUD,0,1
2026-07-25 22:58:45,Tactical HUD,0,1
2026-07-25 22:58:46,Tactical HUD,0,1
2026-07-25 22:58:47,Tactical HUD,0,1
2026-07-25 22:58:49,Tactical HUD,0,1
2026-07-25 22:58:50,Tactical HUD,0,1
2026-07-25 22:58:51,Tactical HUD,0,1
2026-07-25 22:58:52,Tactical HUD,0,1
2026-07-25 22:58:53,Tactical HUD,0,1
2026-07-25 22:58:54,Tactical HUD,0,1
2026-07-25 22:58:55,Tactical HUD,0,1
2026-07-25 22:58:56,Tactical HUD,0,1
2026-07-25 22:58:57,Tactical HUD,0,1
2026-07-25 22:58:58,Tactical HUD,0,1
2026-07-25 22:58:59,Tactical HUD,0,1
2026-07-25 22:59:00,Tactical HUD,0,1
2026-07-25 22:59:01,Tactical HUD,0,1
2026-07-25 22:59:02,Tactical HUD,0,1
2026-07-25 22:59:03,Tactical HUD,0,1
2026-07-25 22:59:04,Tactical HUD,0,1
2026-07-25 22:59:05,Tactical HUD,0,1
2026-07-25 22:59:06,Tactical HUD,0,1
2026-07-25 22:59:07,Tactical HUD,0,1
2026-07-25 22:59:09,Tactical HUD,0,1
2026-07-25 22:59:10,Tactical HUD,0,1
2026-07-25 22:59:11,Tactical HUD,0,1
2026-07-25 22:59:12,Tactical HUD,0,1
2026-07-25 22:59:13,Tactical HUD,0,1
2026-07-25 22:59:14,Tactical HUD,0,1
2026-07-25 22:59:15,Tactical HUD,0,1
2026-07-25 22:59:16,Tactical HUD,0,1
2026-07-25 22:59:17,Tactical HUD,0,1
2026-07-25 22:59:18,Tactical HUD,0,1
2026-07-25 22:59:19,Tactical HUD,0,1
2026-07-25 22:59:20,Tactical HUD,0,1
2026-07-25 22:59:21,Tactical HUD,0,1
2026-07-25 22:59:22,Tactical HUD,0,1
2026-07-25 22:59:23,Tactical HUD,0,1
2026-07-25 22:59:24,Tactical HUD,0,1
2026-07-25 22:59:26,Tactical HUD,0,1
2026-07-25 22:59:27,Tactical HUD,0,1
2026-07-25 22:59:28,Tactical HUD,0,1
2026-07-25 22:59:29,Tactical HUD,0,1
2026-07-25 22:59:30,Tactical HUD,0,1
2026-07-25 22:59:31,Tactical HUD,0,1
2026-07-25 22:59:32,Tactical HUD,0,1
2026-07-25 22:59:33,Tactical HUD,0,1
2026-07-25 22:59:34,Tactical HUD,0,1
2026-07-25 22:59:35,Tactical HUD,0,1
2026-07-25 22:59:36,Tactical HUD,0,1
2026-07-25 22:59:37,Tactical HUD,0,1
2026-07-25 22:59:38,Tactical HUD,0,1
2026-07-25 22:59:39,Tactical HUD,0,1
2026-07-25 22:59:41,Tactical HUD,0,1
2026-07-25 22:59:42,Tactical HUD,0,1
2026-07-25 22:59:43,Tactical HUD,0,1
2026-07-25 22:59:44,Tactical HUD,0,1
2026-07-25 22:59:45,Tactical HUD,0,1
2026-07-25 22:59:46,Tactical HUD,0,1
2026-07-25 22:59:47,Tactical HUD,0,1
2026-07-25 22:59:48,Tactical HUD,0,1
2026-07-25 22:59:49,Tactical HUD,0,1
2026-07-25 22:59:50,Tactical HUD,0,1
2026-07-25 22:59:51,Tactical HUD,0,1
2026-07-25 22:59:52,Tactical HUD,0,1
2026-07-25 22:59:54,Tactical HUD,0,1
2026-07-25 22:59:55,Tactical HUD,0,1
2026-07-25 22:59:56,Tactical HUD,0,1
2026-07-25 22:59:57,Tactical HUD,0,1
2026-07-25 22:59:58,Tactical HUD,0,1
2026-07-25 22:59:59,Tactical HUD,0,1
2026-07-25 23:00:00,Tactical HUD,0,1
2026-07-25 23:00:01,Tactical HUD,0,1
2026-07-25 23:00:02,Tactical HUD,0,1
2026-07-25 23:00:03,Tactical HUD,0,1
2026-07-25 23:00:04,Tactical HUD,0,1
2026-07-25 23:00:05,Tactical HUD,0,1
2026-07-25 23:00:06,Tactical HUD,0,1
2026-07-25 23:00:07,Tactical HUD,0,1
2026-07-25 23:00:08,Tactical HUD,0,1
2026-07-25 23:00:09,Tactical HUD,0,1
2026-07-25 23:00:11,Tactical HUD,0,1
2026-07-25 23:00:12,Tactical HUD,0,1
2026-07-25 23:00:13,Tactical HUD,0,1
2026-07-25 23:00:14,Tactical HUD,0,1
2026-07-25 23:00:15,Tactical HUD,0,1
2026-07-25 23:00:16,Tactical HUD,0,1
2026-07-25 23:00:17,Tactical HUD,0,1
2026-07-25 23:00:18,Tactical HUD,0,1
2026-07-25 23:00:19,Tactical HUD,0,1
2026-07-25 23:00:20,Tactical HUD,0,1
2026-07-25 23:00:21,Tactical HUD,0,1
2026-07-25 23:00:22,Tactical HUD,0,1
2026-07-25 23:00:23,Tactical HUD,0,1
2026-07-25 23:00:24,Tactical HUD,0,1
2026-07-25 23:00:25,Tactical HUD,0,1
2026-07-25 23:00:26,Tactical HUD,0,1
2026-07-25 23:00:27,Tactical HUD,0,1
2026-07-25 23:00:28,Tactical HUD,0,1
2026-07-25 23:00:29,Tactical HUD,0,1
2026-07-25 23:00:30,Tactical HUD,0,1
2026-07-25 23:00:32,Tactical HUD,0,1
2026-07-25 23:00:33,Tactical HUD,0,1
2026-07-25 23:00:34,Tactical HUD,0,1
2026-07-25 23:00:35,Tactical HUD,0,1
2026-07-25 23:00:36,Tactical HUD,0,1
2026-07-25 23:00:37,Tactical HUD,0,1
2026-07-25 23:00:38,Tactical HUD,0,1
2026-07-25 23:00:39,Tactical HUD,0,1
2026-07-25 23:00:40,Tactical HUD,0,1
2026-07-25 23:00:41,Tactical HUD,0,1
2026-07-25 23:00:42,Tactical HUD,0,1
2026-07-25 23:00:43,Tactical HUD,0,1
2026-07-25 23:00:44,Tactical HUD,0,1
2026-07-25 23:00:45,Tactical HUD,0,1
2026-07-25 23:00:46,Tactical HUD,0,1
2026-07-25 23:00:47,Tactical HUD,0,1
2026-07-25 23:00:48,Tactical HUD,0,1
2026-07-25 23:00:49,Tactical HUD,0,1
2026-07-25 23:00:50,Tactical HUD,0,1
2026-07-25 23:00:51,Tactical HUD,0,1
2026-07-25 23:00:53,Tactical HUD,0,1
2026-07-25 23:00:54,Tactical HUD,0,1
2026-07-25 23:00:55,Tactical HUD,0,1
2026-07-25 23:00:56,Tactical HUD,0,1
2026-07-25 23:00:57,Tactical HUD,0,1
2026-07-25 23:00:58,Tactical HUD,0,1
2026-07-25 23:00:59,Tactical HUD,0,1
2026-07-25 23:01:00,Tactical HUD,0,1
2026-07-25 23:01:01,Tactical HUD,0,1
2026-07-25 23:01:02,Tactical HUD,0,1
2026-07-25 23:01:03,Tactical HUD,0,1
2026-07-25 23:01:04,Tactical HUD,0,1
2026-07-25 23:01:05,Tactical HUD,0,1
2026-07-25 23:01:06,Tactical HUD,0,1
2026-07-25 23:01:08,Tactical HUD,0,1
2026-07-25 23:01:09,Tactical HUD,0,1
2026-07-25 23:01:10,Tactical HUD,0,1
2026-07-25 23:01:11,Tactical HUD,0,1
2026-07-25 23:01:12,Tactical HUD,0,1
2026-07-25 23:01:13,Tactical HUD,0,1
2026-07-25 23:01:14,Tactical HUD,0,1
2026-07-25 23:01:15,Tactical HUD,0,1
2026-07-25 23:01:16,Tactical HUD,0,1
2026-07-25 23:01:17,Tactical HUD,0,1
2026-07-25 23:01:18,Tactical HUD,0,1
2026-07-25 23:01:19,Tactical HUD,0,1
2026-07-25 23:01:20,Tactical HUD,0,1
2026-07-25 23:01:21,Tactical HUD,0,1
2026-07-25 23:01:23,Tactical HUD,0,1
2026-07-25 23:01:24,Tactical HUD,0,1
2026-07-25 23:01:25,Tactical HUD,0,1
2026-07-25 23:01:26,Tactical HUD,0,1
2026-07-25 23:01:27,Tactical HUD,0,1
2026-07-25 23:01:28,Tactical HUD,0,1
2026-07-25 23:01:29,Tactical HUD,0,1
2026-07-25 23:01:30,Tactical HUD,0,1
2026-07-25 23:01:31,Tactical HUD,0,1
2026-07-25 23:01:32,Tactical HUD,0,1
2026-07-25 23:01:33,Tactical HUD,0,1
2026-07-25 23:01:34,Tactical HUD,0,1
2026-07-25 23:01:35,Tactical HUD,0,1
2026-07-25 23:01:36,Tactical HUD,0,1
2026-07-25 23:01:37,Tactical HUD,0,1
2026-07-25 23:01:38,Tactical HUD,0,1
2026-07-25 23:01:39,Tactical HUD,0,1
2026-07-25 23:01:40,Tactical HUD,0,1
2026-07-25 23:01:41,Tactical HUD,0,1
2026-07-25 23:01:42,Tactical HUD,0,1
2026-07-25 23:01:43,Tactical HUD,0,1
2026-07-25 23:01:45,Tactical HUD,0,1
2026-07-25 23:01:46,Tactical HUD,0,1
2026-07-25 23:01:47,Tactical HUD,0,1
2026-07-25 23:01:48,Tactical HUD,0,1
2026-07-25 23:01:49,Tactical HUD,0,1
2026-07-25 23:01:50,Tactical HUD,0,1
2026-07-25 23:01:51,Tactical HUD,0,1
2026-07-25 23:01:52,Tactical HUD,0,1
2026-07-25 23:01:53,Tactical HUD,0,1
2026-07-25 23:01:54,Tactical HUD,0,1
2026-07-25 23:01:55,Tactical HUD,0,1
2026-07-25 23:01:56,Tactical HUD,0,1
2026-07-25 23:01:57,Tactical HUD,0,1
2026-07-25 23:01:58,Tactical HUD,0,1
2026-07-25 23:01:59,Tactical HUD,0,1
2026-07-25 23:02:00,Tactical HUD,0,1
2026-07-25 23:02:01,Tactical HUD,0,1
2026-07-25 23:02:02,Tactical HUD,0,1
2026-07-25 23:02:03,Tactical HUD,0,1
2026-07-25 23:02:05,Tactical HUD,0,1
2026-07-25 23:02:06,Tactical HUD,0,1
2026-07-25 23:02:07,Tactical HUD,0,1
2026-07-25 23:02:08,Tactical HUD,0,1
2026-07-25 23:02:09,Tactical HUD,0,1
2026-07-25 23:02:10,Tactical HUD,0,1
2026-07-25 23:02:11,Tactical HUD,0,1
2026-07-25 23:02:12,Tactical HUD,0,1
2026-07-25 23:02:13,Tactical HUD,0,1
2026-07-25 23:02:14,Tactical HUD,0,1
2026-07-25 23:02:15,Tactical HUD,0,1
2026-07-25 23:02:17,Tactical HUD,0,1
2026-07-25 23:02:18,Tactical HUD,0,1
2026-07-25 23:02:19,Tactical HUD,0,1
2026-07-25 23:02:20,Tactical HUD,0,1
2026-07-25 23:02:21,Tactical HUD,0,1
2026-07-25 23:02:22,Tactical HUD,0,1
2026-07-25 23:02:23,Tactical HUD,0,1
2026-07-25 23:02:24,Tactical HUD,0,1
2026-07-25 23:02:25,Tactical HUD,0,1
2026-07-25 23:02:26,Tactical HUD,0,1
2026-07-25 23:02:27,Tactical HUD,0,1
2026-07-25 23:02:28,Tactical HUD,0,1
2026-07-25 23:02:29,Tactical HUD,0,1
2026-07-25 23:02:30,Tactical HUD,0,1
2026-07-25 23:02:31,Tactical HUD,0,1
2026-07-25 23:02:33,Tactical HUD,0,1
2026-07-25 23:02:34,Tactical HUD,0,1
2026-07-25 23:02:35,Tactical HUD,0,1
2026-07-25 23:02:36,Tactical HUD,0,1
2026-07-25 23:02:38,Tactical HUD,0,1
2026-07-25 23:02:39,Tactical HUD,0,1
2026-07-25 23:02:40,Tactical HUD,0,1
2026-07-25 23:02:41,Tactical HUD,0,1
2026-07-25 23:02:42,Tactical HUD,0,1
2026-07-25 23:02:43,Tactical HUD,0,1
2026-07-25 23:02:44,Tactical HUD,0,1
2026-07-25 23:02:45,Tactical HUD,0,1
2026-07-25 23:02:57,Detection,0,1
2026-07-25 23:02:59,Tactical HUD,0,1
2026-07-25 23:03:00,Tactical HUD,0,1
2026-07-25 23:03:01,Tactical HUD,0,1
2026-07-25 23:03:02,Tactical HUD,0,1
2026-07-25 23:03:03,Tactical HUD,0,1
2026-07-25 23:03:04,Tactical HUD,0,1
2026-07-25 23:03:05,Tactical HUD,0,1
2026-07-25 23:03:06,Tactical HUD,0,1
2026-07-25 23:03:07,Tactical HUD,0,1
2026-07-25 23:03:09,Tactical HUD,0,1
2026-07-25 23:03:10,Tactical HUD,0,1
2026-07-25 23:03:11,Tactical HUD,0,1
2026-07-25 23:03:12,Tactical HUD,0,1
2026-07-25 23:03:13,Tactical HUD,0,1
2026-07-25 23:03:14,Tactical HUD,0,1
2026-07-25 23:03:15,Tactical HUD,0,1
2026-07-25 23:03:16,Tactical HUD,0,1
2026-07-25 23:03:17,Tactical HUD,0,1
2026-07-25 23:03:18,Tactical HUD,0,2
2026-07-25 23:03:19,Tactical HUD,0,1
2026-07-25 23:03:20,Tactical HUD,0,1
2026-07-25 23:03:21,Tactical HUD,0,1
2026-07-25 23:03:22,Tactical HUD,0,1
2026-07-25 23:03:24,Tactical HUD,0,1
2026-07-25 23:03:25,Tactical HUD,0,1
2026-07-25 23:03:26,Tactical HUD,0,1
2026-07-25 23:03:27,Tactical HUD,0,1
2026-07-25 23:03:28,Tactical HUD,0,1
2026-07-25 23:03:29,Tactical HUD,0,1
2026-07-25 23:03:30,Tactical HUD,0,1
2026-07-25 23:03:31,Tactical HUD,0,1
2026-07-25 23:03:33,Tactical HUD,0,1
2026-07-25 23:03:34,Tactical HUD,0,1
2026-07-25 23:03:35,Detection,0,1
2026-07-25 23:03:36,Detection,0,1
2026-07-25 23:03:37,Detection,0,1
2026-07-25 23:03:38,Detection,0,1
2026-07-25 23:03:39,Pose,0,1
2026-07-25 23:03:40,Segmentation,0,1
2026-07-25 23:03:41,Segmentation,0,1
2026-07-25 23:03:42,Segmentation,0,1
2026-07-25 23:03:43,Segmentation,0,1
2026-07-25 23:03:44,Pose,0,1
2026-07-25 23:03:45,Detection,0,1
2026-07-25 23:03:46,Tactical HUD,0,1
2026-07-25 23:03:48,Tactical HUD,0,1
2026-07-25 23:03:49,Tactical HUD,0,1
2026-07-25 23:03:50,Tactical HUD,0,1
2026-07-25 23:03:51,Tactical HUD,0,1
2026-07-25 23:03:52,Tactical HUD,0,1
2026-07-25 23:03:53,Tactical HUD,0,1
2026-07-25 23:03:54,Tactical HUD,0,1
2026-07-25 23:03:55,Tactical HUD,0,1
2026-07-25 23:03:56,Tactical HUD,0,1
2026-07-25 23:03:57,Tactical HUD,0,1
2026-07-25 23:03:58,Tactical HUD,0,1
2026-07-25 23:04:00,Tactical HUD,0,1
2026-07-25 23:04:01,Tactical HUD,0,1
2026-07-25 23:04:02,Tactical HUD,0,1
2026-07-25 23:04:03,Tactical HUD,0,1
2026-07-25 23:04:04,Tactical HUD,0,1
2026-07-25 23:04:05,Tactical HUD,0,1
2026-07-25 23:04:06,Tactical HUD,0,1
2026-07-25 23:04:07,Tactical HUD,0,1
2026-07-25 23:04:08,Tactical HUD,0,1
2026-07-25 23:04:09,Tactical HUD,0,1
2026-07-25 23:04:10,Tactical HUD,0,1
2026-07-25 23:04:11,Tactical HUD,0,1
2026-07-25 23:04:13,Tactical HUD,0,1
2026-07-25 23:04:14,Tactical HUD,0,1
2026-07-25 23:04:15,Tactical HUD,0,1
2026-07-25 23:04:16,Tactical HUD,0,1
2026-07-25 23:04:17,Tactical HUD,0,1
2026-07-25 23:04:18,Tactical HUD,0,1
2026-07-25 23:04:19,Tactical HUD,0,1
2026-07-25 23:04:20,Tactical HUD,0,1
2026-07-25 23:04:21,Tactical HUD,0,1
2026-07-25 23:04:22,Tactical HUD,0,1
2026-07-25 23:04:23,Tactical HUD,0,1
2026-07-25 23:04:24,Tactical HUD,0,1
2026-07-25 23:04:26,Tactical HUD,0,1
2026-07-25 23:04:27,Tactical HUD,0,1
2026-07-25 23:04:28,Tactical HUD,0,1
2026-07-25 23:04:29,Tactical HUD,0,2
2026-07-25 23:04:30,Tactical HUD,0,2
2026-07-25 23:04:31,Tactical HUD,0,1
2026-07-25 23:04:32,Tactical HUD,0,1
2026-07-25 23:04:33,Tactical HUD,0,1
2026-07-25 23:04:34,Tactical HUD,0,1
2026-07-25 23:04:35,Tactical HUD,0,1
2026-07-25 23:04:36,Tactical HUD,0,1
2026-07-25 23:04:38,Tactical HUD,0,1
2026-07-25 23:04:39,Tactical HUD,0,1
2026-07-25 23:04:40,Tactical HUD,0,1
2026-07-25 23:04:41,Tactical HUD,0,1
2026-07-25 23:04:42,Tactical HUD,0,1
2026-07-25 23:04:43,Tactical HUD,0,1
2026-07-25 23:04:44,Tactical HUD,0,1
2026-07-25 23:04:45,Tactical HUD,0,1
2026-07-25 23:04:46,Tactical HUD,0,1
2026-07-25 23:04:47,Tactical HUD,0,1
2026-07-25 23:04:49,Tactical HUD,0,1
2026-07-25 23:04:50,Tactical HUD,0,1
2026-07-25 23:04:51,Tactical HUD,0,1
2026-07-25 23:04:52,Tactical HUD,0,1
2026-07-25 23:04:53,Tactical HUD,0,1
2026-07-25 23:04:54,Tactical HUD,0,1
2026-07-25 23:04:55,Tactical HUD,0,1
2026-07-25 23:04:56,Tactical HUD,0,1
2026-07-25 23:04:57,Detection,0,1
2026-07-25 23:04:58,Detection,0,1
2026-07-25 23:04:59,Detection,0,1
2026-07-25 23:05:00,Detection,0,0
2026-07-25 23:05:01,Detection,0,0
2026-07-25 23:05:03,Detection,0,0
2026-07-25 23:05:04,Detection,0,0
2026-07-25 23:05:05,Detection,0,1
2026-07-25 23:05:06,Detection,0,1
2026-07-25 23:05:07,Detection,0,1
2026-07-25 23:05:08,Detection,0,1
2026-07-25 23:05:09,Pose,0,1
2026-07-25 23:05:10,Pose,0,1
2026-07-25 23:05:12,Pose,0,1
2026-07-25 23:05:13,Pose,0,1
2026-07-25 23:05:14,Pose,0,1
2026-07-25 23:05:15,Pose,0,1
2026-07-25 23:05:16,Pose,0,1
2026-07-25 23:05:17,Pose,0,1
2026-07-25 23:05:18,Pose,0,1
2026-07-25 23:05:19,Pose,0,1
2026-07-25 23:05:20,Pose,0,1
2026-07-25 23:05:21,Pose,0,1
2026-07-25 23:05:22,Segmentation,0,1
2026-07-25 23:05:23,Segmentation,0,1
2026-07-25 23:05:24,Segmentation,0,1
2026-07-25 23:05:25,Tracking,0,1
2026-07-25 23:05:26,Tracking,0,1
2026-07-25 23:05:27,Detection,0,1
2026-07-25 23:05:29,Detection,0,1
2026-07-25 23:05:30,Pose,0,1
2026-07-25 23:05:31,Pose,0,1
2026-07-25 23:05:32,Pose,0,1
2026-07-25 23:05:33,Pose,0,1
2026-07-25 23:05:34,Pose,0,1
2026-07-25 23:05:35,Pose,0,1
2026-07-25 23:05:36,Pose,0,1
2026-07-25 23:05:37,Pose,0,1
2026-07-25 23:05:38,Tactical HUD,0,1
2026-07-25 23:05:39,Tactical HUD,0,2
2026-07-25 23:05:41,Tactical HUD,0,1
2026-07-25 23:05:42,Tactical HUD,0,1
2026-07-25 23:05:43,Tactical HUD,0,2
2026-07-25 23:05:44,Tactical HUD,0,1
2026-07-25 23:05:45,Tactical HUD,0,1
2026-07-25 23:05:46,Tactical HUD,0,1
2026-07-25 23:05:47,Tactical HUD,0,2
2026-07-25 23:05:48,Tactical HUD,0,1
2026-07-25 23:05:49,Tactical HUD,0,1
2026-07-25 23:05:50,Tactical HUD,0,1
2026-07-25 23:05:51,Tactical HUD,0,1
2026-07-25 23:05:53,Tactical HUD,0,1
2026-07-25 23:05:54,Tactical HUD,0,1
2026-07-25 23:05:55,Tactical HUD,0,1
2026-07-25 23:05:56,Tactical HUD,0,2
2026-07-25 23:05:57,Tactical HUD,0,0
2026-07-25 23:05:58,Tactical HUD,0,0
2026-07-25 23:05:59,Tactical HUD,0,0
2026-07-25 23:06:00,Tactical HUD,0,0
2026-07-25 23:06:01,Tactical HUD,0,0
2026-07-25 23:06:02,Tactical HUD,0,0
2026-07-25 23:06:03,Tactical HUD,0,0
2026-07-25 23:06:05,Tactical HUD,0,0
2026-07-25 23:06:06,Tactical HUD,0,0
2026-07-25 23:06:07,Tactical HUD,0,0
2026-07-25 23:06:08,Tactical HUD,0,0
2026-07-25 23:06:09,Tactical HUD,0,0
2026-07-25 23:06:10,Tactical HUD,0,0
2026-07-25 23:06:11,Tactical HUD,0,0
2026-07-25 23:06:12,Tactical HUD,0,0
2026-07-25 23:06:13,Tactical HUD,0,0
2026-07-25 23:06:14,Tactical HUD,0,0
2026-07-25 23:06:15,Tactical HUD,0,0
2026-07-25 23:06:16,Tactical HUD,0,0
2026-07-25 23:06:17,Tactical HUD,0,1
2026-07-25 23:06:18,Tactical HUD,0,1
2026-07-25 23:06:20,Tactical HUD,0,0
2026-07-25 23:06:21,Tactical HUD,0,1
2026-07-25 23:06:22,Tactical HUD,0,0
2026-07-25 23:06:23,Tactical HUD,0,0
2026-07-25 23:06:24,Tactical HUD,0,0
2026-07-25 23:06:25,Tactical HUD,0,0
2026-07-25 23:06:26,Tactical HUD,0,0
2026-07-25 23:06:27,Tactical HUD,0,0
2026-07-25 23:06:29,Tactical HUD,0,0
2026-07-25 23:06:30,Tactical HUD,0,0
2026-07-25 23:06:31,Tactical HUD,0,0
2026-07-25 23:06:32,Tactical HUD,0,0
2026-07-25 23:06:33,Tactical HUD,0,0
2026-07-25 23:06:34,Tactical HUD,0,0
2026-07-25 23:06:35,Tactical HUD,0,1
2026-07-25 23:06:36,Tactical HUD,0,2
2026-07-25 23:06:37,Tactical HUD,0,1
2026-07-25 23:06:38,Tactical HUD,0,0
2026-07-25 23:06:39,Tactical HUD,0,2
2026-07-25 23:06:41,Tactical HUD,0,1
2026-07-25 23:06:42,Tactical HUD,0,1
2026-07-25 23:06:43,Tactical HUD,0,2
2026-07-25 23:06:44,Tactical HUD,0,1
2026-07-25 23:06:45,Tactical HUD,0,0
2026-07-25 23:06:46,Tactical HUD,0,0
2026-07-25 23:06:47,Tactical HUD,0,0
2026-07-25 23:06:48,Tactical HUD,0,1
2026-07-25 23:06:49,Tactical HUD,0,1
2026-07-25 23:06:50,Tactical HUD,0,1
2026-07-25 23:06:51,Tactical HUD,0,2
2026-07-25 23:06:53,Tactical HUD,0,1
2026-07-25 23:06:54,Tactical HUD,0,1
2026-07-25 23:06:55,Tactical HUD,0,1
2026-07-25 23:06:56,Tactical HUD,0,2
2026-07-25 23:06:57,Tactical HUD,0,2
2026-07-25 23:06:58,Tactical HUD,0,1
2026-07-25 23:06:59,Tactical HUD,0,0
2026-07-25 23:07:00,Tactical HUD,0,1
2026-07-25 23:07:02,Tactical HUD,0,0
2026-07-25 23:07:03,Tactical HUD,0,1
2026-07-25 23:07:04,Tactical HUD,0,1
2026-07-25 23:07:05,Tactical HUD,0,0
2026-07-25 23:07:06,Tactical HUD,0,0
2026-07-25 23:07:07,Tactical HUD,0,0
2026-07-25 23:07:08,Tactical HUD,0,0
2026-07-25 23:07:10,Tactical HUD,0,1
2026-07-25 23:07:11,Tactical HUD,0,2
2026-07-25 23:07:12,Tactical HUD,0,0
2026-07-25 23:07:13,Tactical HUD,0,1
2026-07-25 23:07:15,Tactical HUD,0,1
2026-07-25 23:07:16,Tactical HUD,0,1
2026-07-25 23:07:17,Tactical HUD,0,0
2026-07-25 23:07:18,Tactical HUD,0,0
2026-07-25 23:07:19,Tactical HUD,0,1
2026-07-25 23:07:20,Tactical HUD,0,1
2026-07-25 23:07:21,Tactical HUD,0,1
2026-07-25 23:07:23,Tactical HUD,0,1
2026-07-25 23:07:24,Tactical HUD,0,1
2026-07-25 23:07:25,Tactical HUD,0,1
2026-07-25 23:07:26,Tactical HUD,0,0
2026-07-25 23:07:27,Tactical HUD,0,1
2026-07-25 23:07:28,Tactical HUD,0,1
2026-07-25 23:07:29,Tactical HUD,0,1
2026-07-25 23:07:30,Tactical HUD,0,1
2026-07-25 23:07:31,Tactical HUD,0,1
2026-07-25 23:07:33,Tactical HUD,0,1
2026-07-25 23:07:34,Tactical HUD,0,1
2026-07-25 23:07:35,Tactical HUD,0,1
2026-07-25 23:07:36,Tactical HUD,0,1
2026-07-25 23:07:37,Tactical HUD,0,2
2026-07-25 23:07:38,Tactical HUD,0,2
2026-07-25 23:07:39,Tactical HUD,0,1
2026-07-25 23:07:40,Tactical HUD,0,1
2026-07-25 23:07:41,Tactical HUD,0,0
2026-07-25 23:07:43,Tactical HUD,0,5
2026-07-25 23:07:44,Tactical HUD,0,5
2026-07-25 23:07:45,Tactical HUD,0,1
2026-07-25 23:07:46,Tactical HUD,0,1
2026-07-25 23:07:47,Tactical HUD,0,3
2026-07-25 23:07:48,Tactical HUD,0,4
2026-07-25 23:07:49,Tactical HUD,0,7
2026-07-25 23:07:50,Tactical HUD,0,2
2026-07-25 23:07:51,Tactical HUD,0,2
2026-07-25 23:07:53,Tactical HUD,0,2
2026-07-25 23:07:54,Tactical HUD,0,1
2026-07-25 23:07:55,Tactical HUD,0,2
2026-07-25 23:07:56,Tactical HUD,0,1
2026-07-25 23:07:57,Tactical HUD,0,1
2026-07-25 23:07:58,Tactical HUD,0,2
2026-07-25 23:07:59,Tactical HUD,0,1
2026-07-25 23:08:00,Tactical HUD,0,1
2026-07-25 23:08:01,Tactical HUD,0,1
2026-07-25 23:08:02,Tactical HUD,0,2
2026-07-25 23:08:03,Tactical HUD,0,1
2026-07-25 23:08:04,Tactical HUD,0,1
2026-07-25 23:08:06,Tactical HUD,0,1
2026-07-25 23:08:07,Tactical HUD,0,2
2026-07-25 23:08:08,Tactical HUD,0,2
2026-07-25 23:08:09,Tactical HUD,0,1
2026-07-25 23:08:10,Tactical HUD,0,1
2026-07-25 23:08:11,Tactical HUD,0,1
2026-07-25 23:08:12,Tactical HUD,0,1
2026-07-25 23:08:13,Tactical HUD,0,1
2026-07-25 23:08:14,Tactical HUD,0,1
2026-07-25 23:08:15,Tactical HUD,0,2
2026-07-25 23:08:17,Tactical HUD,0,1
2026-07-25 23:08:18,Tactical HUD,0,1
2026-07-25 23:08:19,Tactical HUD,0,1
2026-07-25 23:08:20,Tactical HUD,0,2
2026-07-25 23:08:21,Tactical HUD,0,1
2026-07-25 23:08:22,Tactical HUD,0,2
2026-07-25 23:08:23,Tactical HUD,0,2
2026-07-25 23:08:24,Tactical HUD,0,1
2026-07-25 23:08:26,Tactical HUD,0,1
2026-07-25 23:08:27,Tactical HUD,0,1
2026-07-25 23:08:28,Tactical HUD,0,3
2026-07-25 23:08:29,Tactical HUD,0,2
2026-07-25 23:08:30,Tactical HUD,0,2
2026-07-25 23:08:31,Tactical HUD,0,2
2026-07-25 23:08:32,Tactical HUD,0,1
2026-07-25 23:08:33,Tactical HUD,0,1
2026-07-25 23:08:34,Tactical HUD,0,1
2026-07-25 23:08:35,Tactical HUD,0,1
2026-07-25 23:08:37,Tactical HUD,0,1
2026-07-25 23:08:38,Tactical HUD,0,1
2026-07-25 23:08:39,Tactical HUD,0,1
2026-07-25 23:08:40,Tactical HUD,0,1
2026-07-25 23:08:41,Tactical HUD,0,1
2026-07-25 23:08:42,Tactical HUD,0,1
2026-07-25 23:08:43,Tactical HUD,0,1
2026-07-25 23:08:44,Tactical HUD,0,2
2026-07-25 23:08:46,Tactical HUD,0,1
2026-07-25 23:08:47,Tactical HUD,0,1
2026-07-25 23:08:48,Tactical HUD,0,2
2026-07-25 23:08:49,Tactical HUD,0,0
2026-07-25 23:08:50,Tactical HUD,0,0
2026-07-25 23:08:51,Tactical HUD,0,0
2026-07-25 23:08:52,Tactical HUD,0,0
2026-07-25 23:08:53,Tactical HUD,0,0
2026-07-25 23:08:54,Tactical HUD,0,0
2026-07-25 23:08:55,Tactical HUD,0,0
2026-07-25 23:08:56,Tactical HUD,0,1
2026-07-25 23:08:58,Tactical HUD,0,0
2026-07-25 23:08:59,Tactical HUD,0,0
2026-07-25 23:09:00,Tactical HUD,0,0
2026-07-25 23:09:01,Tactical HUD,0,0
2026-07-25 23:09:02,Tactical HUD,0,1
2026-07-25 23:09:03,Tactical HUD,0,2
2026-07-25 23:09:04,Tactical HUD,0,2
2026-07-25 23:09:05,Tactical HUD,0,2
2026-07-25 23:09:06,Tactical HUD,0,1
2026-07-25 23:09:07,Tactical HUD,0,2
2026-07-25 23:09:08,Tactical HUD,0,1
2026-07-25 23:09:10,Tactical HUD,0,2
2026-07-25 23:09:11,Tactical HUD,0,1
2026-07-25 23:09:12,Tactical HUD,0,1
2026-07-25 23:09:13,Tactical HUD,0,0
2026-07-25 23:09:14,Tactical HUD,0,0
2026-07-25 23:09:15,Tactical HUD,0,0
2026-07-25 23:09:16,Tactical HUD,0,1
2026-07-25 23:09:17,Tactical HUD,0,1
2026-07-25 23:09:18,Tactical HUD,0,0
2026-07-25 23:09:19,Tactical HUD,0,0
2026-07-25 23:09:21,Tactical HUD,0,0
2026-07-25 23:09:22,Tactical HUD,0,0
2026-07-25 23:09:23,Tactical HUD,0,0
2026-07-25 23:09:24,Tactical HUD,0,0
2026-07-25 23:09:25,Tactical HUD,0,0
2026-07-25 23:09:26,Tactical HUD,0,0
2026-07-25 23:09:27,Tactical HUD,0,0
2026-07-25 23:09:28,Tactical HUD,0,0
2026-07-25 23:09:29,Tactical HUD,0,0
2026-07-25 23:09:31,Tactical HUD,0,0
2026-07-25 23:09:32,Tactical HUD,0,2
2026-07-25 23:09:33,Tactical HUD,0,2
2026-07-25 23:09:34,Tactical HUD,0,1
2026-07-25 23:09:35,Detection,0,1
2026-07-25 23:09:36,Tracking,0,1
2026-07-25 23:09:37,Tracking,0,1
2026-07-25 23:09:38,Pose,0,1
2026-07-25 23:09:39,Pose,0,1
2026-07-25 23:09:40,Pose,0,1
2026-07-25 23:09:41,Pose,0,1
2026-07-25 23:09:42,Pose,0,1
2026-07-25 23:09:43,Pose,0,1
2026-07-25 23:09:45,Pose,0,1
2026-07-25 23:09:46,Pose,0,1
2026-07-25 23:09:47,Pose,0,1
2026-07-25 23:09:48,Pose,0,1
2026-07-25 23:09:49,Pose,0,1
2026-07-25 23:09:50,Pose,0,1
2026-07-25 23:09:51,Pose,0,1
2026-07-25 23:09:52,Pose,0,1
2026-07-25 23:09:53,Pose,0,1
2026-07-25 23:09:54,Pose,0,1
2026-07-25 23:09:56,Pose,0,1
2026-07-25 23:09:57,Pose,0,1
2026-07-25 23:09:58,Pose,0,1
2026-07-25 23:09:59,Pose,0,1
2026-07-25 23:10:00,Pose,0,1
2026-07-25 23:10:01,Pose,0,1
2026-07-25 23:10:02,Pose,0,1
2026-07-25 23:10:03,Pose,0,1
2026-07-25 23:10:04,Pose,0,1
2026-07-25 23:10:06,Pose,0,1
2026-07-25 23:10:07,Pose,0,1
2026-07-25 23:10:08,Pose,0,1
2026-07-25 23:10:09,Pose,0,1
2026-07-25 23:10:10,Pose,0,1
2026-07-25 23:10:11,Pose,0,1
2026-07-25 23:10:12,Pose,0,1
2026-07-25 23:10:13,Pose,0,1
2026-07-25 23:10:14,Pose,0,1
2026-07-25 23:10:15,Pose,0,1
2026-07-25 23:10:16,Pose,0,1
2026-07-25 23:10:17,Pose,0,1
2026-07-25 23:10:18,Pose,0,1
2026-07-25 23:10:20,Pose,0,1
2026-07-25 23:10:21,Pose,0,1
2026-07-25 23:10:22,Pose,0,1
2026-07-25 23:10:23,Pose,0,1
2026-07-25 23:10:24,Pose,0,1
2026-07-25 23:10:25,Pose,0,1
2026-07-25 23:10:26,Pose,0,1
2026-07-25 23:10:27,Pose,0,1
2026-07-25 23:10:28,Pose,0,1
2026-07-25 23:10:29,Pose,0,1
2026-07-25 23:10:31,Pose,0,1
2026-07-25 23:10:32,Pose,0,1
2026-07-25 23:10:33,Pose,0,1
2026-07-25 23:10:34,Pose,0,1
2026-07-25 23:10:35,Pose,0,1
2026-07-25 23:10:36,Pose,0,1
2026-07-25 23:10:37,Pose,0,1
2026-07-25 23:10:38,Pose,0,1
2026-07-25 23:10:39,Pose,0,1
2026-07-25 23:10:40,Pose,0,1
2026-07-25 23:10:41,Pose,0,1
2026-07-25 23:10:42,Pose,0,1
2026-07-25 23:10:43,Pose,0,1
2026-07-25 23:10:44,Pose,0,1
2026-07-25 23:10:45,Pose,0,1
2026-07-25 23:10:46,Pose,0,1
2026-07-25 23:10:48,Pose,0,1
2026-07-25 23:10:49,Pose,0,1
2026-07-25 23:10:50,Pose,0,1
2026-07-25 23:10:51,Pose,0,1
2026-07-25 23:10:52,Pose,0,1
2026-07-25 23:10:53,Pose,0,1
2026-07-25 23:10:54,Pose,0,1
2026-07-25 23:10:55,Pose,0,1
2026-07-25 23:10:56,Pose,0,1
2026-07-25 23:10:57,Tracking,0,1
2026-07-25 23:10:58,Tracking,0,1
2026-07-25 23:11:00,Tracking,0,1
2026-07-25 23:11:01,Tracking,0,1
2026-07-25 23:11:02,Tracking,0,1
2026-07-25 23:11:03,Tracking,0,1
2026-07-25 23:11:04,Tracking,0,1
2026-07-25 23:11:05,Tracking,0,1
2026-07-25 23:11:06,Tracking,0,3
2026-07-25 23:11:07,Tracking,0,1
2026-07-25 23:11:08,Tracking,0,1
2026-07-25 23:11:09,Tracking,0,1
2026-07-25 23:11:10,Segmentation,0,1
2026-07-25 23:11:11,Segmentation,0,1
2026-07-25 23:11:12,Segmentation,0,1
2026-07-25 23:11:13,Segmentation,0,1
2026-07-25 23:11:14,Segmentation,0,1
2026-07-25 23:11:16,Segmentation,0,1
2026-07-25 23:11:17,Segmentation,0,1
2026-07-25 23:11:18,Segmentation,0,1
2026-07-25 23:11:19,Segmentation,0,1
2026-07-25 23:11:20,Segmentation,0,1
2026-07-25 23:11:21,Segmentation,0,1
2026-07-25 23:11:22,Segmentation,0,1
2026-07-25 23:11:23,Segmentation,0,1
2026-07-25 23:11:25,Segmentation,0,1
2026-07-25 23:11:26,Segmentation,0,1
2026-07-25 23:11:27,Segmentation,0,1
2026-07-25 23:11:28,Segmentation,0,1
2026-07-25 23:11:29,Segmentation,0,1
2026-07-25 23:11:31,Segmentation,0,1
2026-07-25 23:11:32,Segmentation,0,1
2026-07-25 23:11:33,Segmentation,0,1
2026-07-25 23:11:34,Segmentation,0,1
2026-07-25 23:11:35,Segmentation,0,1
2026-07-25 23:11:36,Segmentation,0,1
2026-07-25 23:11:37,Segmentation,0,1
2026-07-25 23:11:38,Segmentation,0,1
2026-07-25 23:11:39,Segmentation,0,1
2026-07-25 23:11:41,Segmentation,0,1
2026-07-25 23:11:42,Segmentation,0,1
2026-07-25 23:11:43,Segmentation,0,1
2026-07-25 23:11:44,Segmentation,0,1
2026-07-25 23:11:45,Segmentation,0,1
2026-07-25 23:11:46,Segmentation,0,1
2026-07-25 23:11:47,Segmentation,0,1
2026-07-25 23:11:48,Segmentation,0,1
2026-07-25 23:11:49,Segmentation,0,1
2026-07-25 23:11:50,Segmentation,0,1
2026-07-25 23:11:51,Segmentation,0,1
2026-07-25 23:11:53,Segmentation,0,1
2026-07-25 23:11:54,Segmentation,0,1
2026-07-25 23:11:55,Segmentation,0,1
2026-07-25 23:11:56,Segmentation,0,1
2026-07-25 23:11:57,Segmentation,0,1
2026-07-25 23:11:58,Segmentation,0,1
2026-07-25 23:11:59,Segmentation,0,1
2026-07-25 23:12:01,Segmentation,0,1
2026-07-25 23:12:02,Segmentation,0,1
2026-07-25 23:12:03,Segmentation,0,1
2026-07-25 23:12:04,Segmentation,0,1
2026-07-25 23:12:05,Pose,0,1
2026-07-25 23:12:06,Pose,0,1
2026-07-25 23:12:07,Detection,0,1
2026-07-25 23:12:08,Detection,0,1
2026-07-25 23:12:09,Detection,0,1
2026-07-25 23:12:11,Detection,0,1
2026-07-25 23:12:12,Tracking,0,1
2026-07-25 23:12:13,Tracking,0,2
2026-07-25 23:12:14,Tactical HUD,0,2
2026-07-25 23:12:15,Tactical HUD,0,2
2026-07-25 23:12:16,Tactical HUD,0,2
2026-07-25 23:12:17,Tactical HUD,0,2
2026-07-25 23:12:18,Tactical HUD,0,1
2026-07-25 23:12:19,Tactical HUD,0,1
2026-07-25 23:12:20,Tactical HUD,0,1
2026-07-25 23:12:21,Tactical HUD,0,0
2026-07-25 23:12:23,Tactical HUD,0,1
2026-07-25 23:12:24,Tactical HUD,0,1
2026-07-25 23:12:25,Tactical HUD,0,1
2026-07-25 23:12:26,Tactical HUD,0,1
2026-07-25 23:12:27,Tactical HUD,0,1
2026-07-25 23:12:28,Tactical HUD,0,1
2026-07-25 23:12:29,Tactical HUD,0,4
2026-07-25 23:12:30,Tactical HUD,0,1
2026-07-25 23:12:31,Tactical HUD,0,1
2026-07-25 23:12:32,Tactical HUD,0,1
2026-07-25 23:12:33,Tactical HUD,0,4
2026-07-25 23:12:34,Tactical HUD,0,5
2026-07-25 23:12:35,Tactical HUD,0,4
2026-07-25 23:12:37,Tactical HUD,0,1
2026-07-25 23:12:38,Tactical HUD,0,1
2026-07-25 23:12:39,Tactical HUD,0,1
2026-07-25 23:12:40,Tactical HUD,0,1
2026-07-25 23:12:41,Tactical HUD,0,1
2026-07-25 23:12:42,Tactical HUD,0,1
2026-07-25 23:12:43,Tactical HUD,0,1
2026-07-25 23:12:44,Tactical HUD,0,1
2026-07-25 23:12:45,Tactical HUD,0,0
2026-07-25 23:12:47,Tactical HUD,0,0
2026-07-25 23:12:48,Tactical HUD,0,0
2026-07-25 23:12:49,Tactical HUD,0,0
2026-07-25 23:12:50,Tactical HUD,0,0
2026-07-25 23:12:51,Tactical HUD,0,0
2026-07-25 23:12:52,Tactical HUD,0,1
2026-07-25 23:12:53,Tactical HUD,0,1
2026-07-25 23:12:54,Tactical HUD,0,1
2026-07-25 23:12:56,Tactical HUD,0,1
2026-07-25 23:12:57,Tactical HUD,0,0
2026-07-25 23:12:58,Tactical HUD,0,1
2026-07-25 23:12:59,Tactical HUD,0,0
2026-07-25 23:13:00,Tactical HUD,0,0
2026-07-25 23:13:01,Tactical HUD,0,0
2026-07-25 23:13:02,Tactical HUD,0,2
2026-07-25 23:13:04,Tactical HUD,0,1
2026-07-25 23:13:05,Tactical HUD,0,0
2026-07-25 23:13:06,Tactical HUD,0,0
2026-07-25 23:13:07,Tactical HUD,0,0
2026-07-25 23:13:08,Tactical HUD,0,0
2026-07-25 23:13:09,Tactical HUD,0,0
2026-07-25 23:13:10,Tactical HUD,0,0
2026-07-25 23:13:11,Tactical HUD,0,0
2026-07-25 23:13:12,Tactical HUD,0,0
2026-07-25 23:13:13,Tactical HUD,0,0
2026-07-25 23:13:14,Tactical HUD,0,0
2026-07-25 23:13:15,Tactical HUD,0,0
2026-07-25 23:13:16,Tactical HUD,0,0
2026-07-25 23:13:18,Tactical HUD,0,0
2026-07-25 23:13:19,Tactical HUD,0,0
2026-07-25 23:13:20,Tactical HUD,0,0
2026-07-25 23:13:21,Tactical HUD,0,0
2026-07-25 23:13:22,Tactical HUD,0,0
2026-07-25 23:13:23,Tactical HUD,0,0
2026-07-25 23:13:24,Tactical HUD,0,0
2026-07-25 23:13:25,Tactical HUD,0,0
2026-07-25 23:13:27,Tactical HUD,0,0
2026-07-25 23:13:28,Tactical HUD,0,0
2026-07-25 23:13:29,Tactical HUD,0,2
2026-07-25 23:13:30,Tactical HUD,0,2
2026-07-25 23:13:32,Tactical HUD,0,2
2026-07-25 23:13:33,Tactical HUD,0,2
2026-07-25 23:13:34,Tactical HUD,0,0
2026-07-25 23:13:35,Tactical HUD,0,1
2026-07-25 23:13:36,Tactical HUD,0,1
2026-07-25 23:13:37,Tactical HUD,0,1
2026-07-25 23:13:39,Tactical HUD,0,1
2026-07-25 23:13:40,Tactical HUD,0,1
2026-07-25 23:13:41,Tactical HUD,0,1
2026-07-25 23:13:42,Tactical HUD,0,1
2026-07-25 23:13:43,Tactical HUD,0,1
2026-07-25 23:13:44,Tactical HUD,0,1
2026-07-25 23:13:46,Tactical HUD,0,1
2026-07-25 23:13:47,Tactical HUD,0,1
2026-07-25 23:13:48,Tactical HUD,0,1
2026-07-25 23:13:49,Tactical HUD,0,1
2026-07-25 23:13:50,Tactical HUD,0,1
2026-07-25 23:13:51,Tactical HUD,0,0
2026-07-25 23:13:52,Tactical HUD,0,2
2026-07-25 23:13:53,Tactical HUD,0,0
2026-07-25 23:13:54,Tactical HUD,0,1
2026-07-25 23:13:55,Tactical HUD,0,2
2026-07-25 23:13:57,Tactical HUD,0,0
2026-07-25 23:13:58,Tactical HUD,0,1
2026-07-25 23:13:59,Tactical HUD,0,1
2026-07-25 23:14:00,Tactical HUD,0,1
2026-07-25 23:14:01,Tactical HUD,0,1
2026-07-25 23:14:02,Tactical HUD,0,1
2026-07-25 23:14:04,Tactical HUD,0,1
2026-07-25 23:14:05,Tactical HUD,0,1
2026-07-25 23:14:06,Tactical HUD,0,1
2026-07-25 23:14:07,Tactical HUD,0,1
2026-07-25 23:14:08,Tactical HUD,0,1
2026-07-25 23:14:09,Tactical HUD,0,1
2026-07-25 23:14:10,Tactical HUD,0,1
2026-07-25 23:14:11,Tactical HUD,0,1
2026-07-25 23:14:13,Tactical HUD,0,1
2026-07-25 23:14:14,Tactical HUD,0,1
2026-07-25 23:14:15,Tactical HUD,0,1
2026-07-25 23:14:16,Tactical HUD,0,1
2026-07-25 23:14:17,Tactical HUD,0,1
2026-07-25 23:14:18,Tactical HUD,0,1
2026-07-25 23:14:19,Tactical HUD,0,1
2026-07-25 23:14:20,Tactical HUD,0,1
2026-07-25 23:14:21,Tactical HUD,0,1
2026-07-25 23:14:22,Detection,0,1
2026-07-25 23:14:23,Detection,0,1
2026-07-25 23:14:24,Detection,0,1
2026-07-25 23:14:26,Detection,0,1
2026-07-25 23:14:27,Pose,0,1
2026-07-25 23:14:28,Pose,0,1
2026-07-25 23:14:29,Segmentation,0,1
2026-07-25 23:14:30,Segmentation,0,1
2026-07-25 23:14:31,Segmentation,0,1
2026-07-25 23:14:32,Segmentation,0,1
2026-07-25 23:14:33,Segmentation,0,1
2026-07-25 23:14:34,Segmentation,0,1
2026-07-25 23:14:36,Segmentation,0,1
2026-07-25 23:14:37,Segmentation,0,1
2026-07-25 23:14:38,Segmentation,0,1
2026-07-25 23:14:39,Segmentation,0,1
2026-07-25 23:14:40,Segmentation,0,1
2026-07-25 23:14:41,Segmentation,0,1
2026-07-25 23:14:42,Segmentation,0,1
2026-07-25 23:14:43,Segmentation,0,1
2026-07-25 23:14:44,Segmentation,0,1
2026-07-25 23:14:45,Segmentation,0,1
2026-07-25 23:14:47,Segmentation,0,1
2026-07-25 23:14:48,Segmentation,0,1
2026-07-25 23:14:49,Segmentation,0,1
2026-07-25 23:14:50,Segmentation,0,1
2026-07-25 23:14:51,Segmentation,0,1
2026-07-25 23:14:52,Segmentation,0,1
2026-07-25 23:14:53,Segmentation,0,1
2026-07-25 23:14:54,Segmentation,0,1
2026-07-25 23:14:55,Segmentation,0,1
2026-07-25 23:14:56,Segmentation,0,1
2026-07-25 23:14:57,Segmentation,0,1
2026-07-25 23:14:58,Segmentation,0,1
2026-07-25 23:15:00,Segmentation,0,1
2026-07-25 23:15:01,Segmentation,0,1
2026-07-25 23:15:02,Segmentation,0,1
2026-07-25 23:15:03,Segmentation,0,1
2026-07-25 23:15:04,Segmentation,0,1
2026-07-25 23:15:05,Segmentation,0,1
2026-07-25 23:15:06,Segmentation,0,1
2026-07-25 23:15:07,Segmentation,0,1
2026-07-25 23:15:08,Segmentation,0,1
2026-07-25 23:15:09,Segmentation,0,1
2026-07-25 23:15:11,Segmentation,0,1
2026-07-25 23:15:12,Segmentation,0,1
2026-07-25 23:15:13,Segmentation,0,1
2026-07-25 23:15:14,Segmentation,0,1
2026-07-25 23:15:15,Segmentation,0,1
2026-07-25 23:15:16,Segmentation,0,1
2026-07-25 23:15:17,Segmentation,0,1
2026-07-25 23:15:19,Segmentation,0,1
2026-07-25 23:15:20,Segmentation,0,1
2026-07-25 23:15:21,Segmentation,0,1
2026-07-25 23:15:22,Segmentation,0,1
2026-07-25 23:15:23,Segmentation,0,1
2026-07-25 23:15:24,Segmentation,0,1
2026-07-25 23:15:25,Segmentation,0,1
2026-07-25 23:15:26,Segmentation,0,1
2026-07-25 23:15:27,Segmentation,0,1
2026-07-25 23:15:28,Segmentation,0,1
2026-07-25 23:15:30,Segmentation,0,1
2026-07-25 23:15:31,Segmentation,0,1
2026-07-25 23:15:32,Segmentation,0,1
2026-07-25 23:15:33,Segmentation,0,1
2026-07-25 23:15:34,Segmentation,0,1
2026-07-25 23:15:35,Segmentation,0,1
2026-07-25 23:15:36,Segmentation,0,1
2026-07-25 23:15:37,Segmentation,0,1
2026-07-25 23:15:38,Segmentation,0,1
2026-07-25 23:15:40,Tactical HUD,0,0
2026-07-25 23:15:41,Tactical HUD,0,0
2026-07-25 23:15:42,Tactical HUD,0,0
2026-07-25 23:15:43,Tactical HUD,0,0
2026-07-25 23:15:44,Tactical HUD,0,2
2026-07-25 23:15:45,Tactical HUD,0,2
2026-07-25 23:15:46,Tactical HUD,0,2
2026-07-25 23:15:47,Tactical HUD,0,1
2026-07-25 23:15:48,Tactical HUD,0,2
2026-07-25 23:15:49,Tactical HUD,0,1
2026-07-25 23:15:50,Tactical HUD,0,0
2026-07-25 23:15:51,Tactical HUD,0,1
2026-07-25 23:15:53,Tactical HUD,0,1
2026-07-25 23:15:54,Tactical HUD,0,1
2026-07-25 23:15:55,Tactical HUD,0,2
2026-07-25 23:15:56,Tactical HUD,0,2
2026-07-25 23:15:57,Tactical HUD,0,2
2026-07-25 23:15:58,Tactical HUD,0,2
2026-07-25 23:15:59,Tactical HUD,0,1
2026-07-25 23:16:01,Tactical HUD,0,1
2026-07-25 23:16:02,Tactical HUD,0,1
2026-07-25 23:16:03,Tactical HUD,0,2
2026-07-25 23:16:04,Tactical HUD,0,2
2026-07-25 23:16:05,Tactical HUD,0,2
2026-07-25 23:16:06,Tactical HUD,0,2
2026-07-25 23:16:07,Tactical HUD,0,2
2026-07-25 23:16:08,Tactical HUD,0,2
2026-07-25 23:16:09,Tactical HUD,0,2
2026-07-25 23:16:11,Tactical HUD,0,2
2026-07-25 23:16:12,Tactical HUD,0,3
2026-07-25 23:16:13,Tactical HUD,0,2
2026-07-25 23:16:14,Tactical HUD,0,1
2026-07-25 23:16:15,Tactical HUD,0,1
2026-07-25 23:16:16,Tactical HUD,0,1
2026-07-25 23:16:17,Tactical HUD,0,1
2026-07-25 23:16:19,Tactical HUD,0,2
2026-07-25 23:16:20,Tactical HUD,0,2
2026-07-25 23:16:21,Tactical HUD,0,2
2026-07-25 23:16:22,Tactical HUD,0,2
2026-07-25 23:16:23,Tactical HUD,0,2
2026-07-25 23:16:24,Tactical HUD,0,2
2026-07-25 23:16:25,Tactical HUD,0,2
2026-07-25 23:16:26,Tactical HUD,0,2
2026-07-25 23:16:27,Tactical HUD,0,2
2026-07-25 23:16:28,Tactical HUD,0,2
2026-07-25 23:16:29,Tactical HUD,0,2
2026-07-25 23:16:30,Tactical HUD,0,2
2026-07-25 23:16:31,Tactical HUD,0,2
2026-07-25 23:16:32,Tactical HUD,0,2
2026-07-25 23:16:34,Tactical HUD,0,1
2026-07-25 23:16:35,Tactical HUD,0,2
2026-07-25 23:16:36,Tactical HUD,0,2
2026-07-25 23:16:37,Tactical HUD,0,1
2026-07-25 23:16:38,Tactical HUD,0,1
2026-07-25 23:16:39,Tactical HUD,0,1
2026-07-25 23:16:40,Tactical HUD,0,1
2026-07-25 23:16:41,Tactical HUD,0,1
2026-07-25 23:16:42,Tactical HUD,0,0
2026-07-25 23:16:44,Tactical HUD,0,1
2026-07-25 23:16:45,Tactical HUD,0,2
2026-07-25 23:16:46,Tactical HUD,0,0
2026-07-25 23:16:47,Tactical HUD,0,2
2026-07-25 23:16:48,Tactical HUD,0,2
2026-07-25 23:16:49,Tactical HUD,0,3
2026-07-25 23:16:50,Tactical HUD,0,1
2026-07-25 23:16:51,Tactical HUD,0,1
2026-07-25 23:16:52,Tactical HUD,0,1
2026-07-25 23:16:54,Tactical HUD,0,2
2026-07-25 23:16:55,Tactical HUD,0,1
2026-07-25 23:16:56,Tactical HUD,0,1
2026-07-25 23:16:57,Tactical HUD,0,1
2026-07-25 23:16:58,Tactical HUD,0,1
2026-07-25 23:16:59,Tactical HUD,0,1
2026-07-25 23:17:00,Tactical HUD,0,2
2026-07-25 23:17:02,Tactical HUD,0,1
2026-07-25 23:17:03,Tactical HUD,0,2
2026-07-25 23:17:04,Tactical HUD,0,1
2026-07-25 23:17:05,Tactical HUD,0,1
2026-07-25 23:17:06,Tactical HUD,0,1
2026-07-25 23:17:07,Tactical HUD,0,1
2026-07-25 23:17:08,Tactical HUD,0,1
2026-07-25 23:17:09,Tactical HUD,0,1
2026-07-25 23:17:10,Tactical HUD,0,1
2026-07-25 23:17:11,Tactical HUD,0,1
2026-07-25 23:17:12,Tactical HUD,0,1
2026-07-25 23:17:13,Tactical HUD,0,1
2026-07-25 23:17:14,Tactical HUD,0,1
2026-07-25 23:17:16,Tactical HUD,0,2
2026-07-25 23:17:17,Tactical HUD,0,1
2026-07-25 23:17:18,Tactical HUD,0,1
2026-07-25 23:17:19,Tactical HUD,0,2
2026-07-25 23:17:20,Tactical HUD,0,2
2026-07-25 23:17:21,Tactical HUD,0,1
2026-07-25 23:17:22,Tactical HUD,0,2
2026-07-25 23:17:23,Tactical HUD,0,2
2026-07-25 23:17:25,Tactical HUD,0,2
2026-07-25 23:17:26,Tactical HUD,0,1
2026-07-25 23:17:27,Tactical HUD,0,1
2026-07-25 23:17:28,Tactical HUD,0,1
2026-07-25 23:17:29,Tactical HUD,0,1
2026-07-25 23:17:30,Tactical HUD,0,1
2026-07-25 23:17:31,Tactical HUD,0,1
2026-07-25 23:17:32,Tactical HUD,0,1
2026-07-25 23:17:34,Tactical HUD,0,1
2026-07-25 23:17:35,Tactical HUD,0,1
2026-07-25 23:17:36,Tactical HUD,0,1
2026-07-25 23:17:37,Tactical HUD,0,1
2026-07-25 23:17:38,Tactical HUD,0,1
2026-07-25 23:17:39,Tactical HUD,0,1
2026-07-25 23:17:40,Tactical HUD,0,1
2026-07-25 23:17:41,Tactical HUD,0,1
2026-07-25 23:17:43,Tactical HUD,0,1
2026-07-25 23:17:44,Tactical HUD,0,1
2026-07-25 23:17:45,Tactical HUD,0,1
2026-07-25 23:17:46,Tactical HUD,0,1
2026-07-25 23:17:47,Tactical HUD,0,1
2026-07-25 23:17:48,Tactical HUD,0,1
2026-07-25 23:17:50,Tactical HUD,0,1
2026-07-25 23:17:51,Tactical HUD,0,1
2026-07-25 23:17:52,Tactical HUD,0,1
2026-07-25 23:17:53,Tactical HUD,0,1
2026-07-25 23:17:54,Tactical HUD,0,2
2026-07-25 23:17:55,Tactical HUD,0,2
2026-07-25 23:17:56,Tactical HUD,0,2
2026-07-25 23:17:57,Tactical HUD,0,2
2026-07-25 23:17:58,Tactical HUD,0,2
2026-07-25 23:17:59,Tactical HUD,0,1
2026-07-25 23:18:00,Tactical HUD,0,1
2026-07-25 23:18:01,Tactical HUD,0,1
2026-07-25 23:18:03,Tactical HUD,0,1
2026-07-25 23:18:04,Tactical HUD,0,1
2026-07-25 23:18:05,Tactical HUD,0,1
2026-07-25 23:18:06,Tactical HUD,0,1
2026-07-25 23:18:07,Tactical HUD,0,1
2026-07-25 23:18:08,Tactical HUD,0,1
2026-07-25 23:18:09,Tactical HUD,0,1
2026-07-25 23:18:11,Tactical HUD,0,2
2026-07-25 23:18:12,Tactical HUD,0,2
2026-07-25 23:18:13,Tactical HUD,0,1
2026-07-25 23:18:14,Tactical HUD,0,1
2026-07-25 23:18:15,Tactical HUD,0,1
2026-07-25 23:18:16,Tactical HUD,0,2
2026-07-25 23:18:17,Tactical HUD,0,1
2026-07-25 23:18:18,Tactical HUD,0,2
2026-07-25 23:18:19,Tactical HUD,0,2
2026-07-25 23:18:20,Tactical HUD,0,2
2026-07-25 23:18:22,Tactical HUD,0,1
2026-07-25 23:18:23,Tactical HUD,0,1
2026-07-25 23:18:24,Tactical HUD,0,0
2026-07-25 23:18:25,Tactical HUD,0,0
2026-07-25 23:18:26,Tactical HUD,0,0
2026-07-25 23:18:27,Tactical HUD,0,0
2026-07-25 23:18:28,Tactical HUD,0,0
2026-07-25 23:18:29,Detection,0,0
2026-07-25 23:18:30,Detection,0,0
2026-07-25 23:18:31,Pose,0,0
2026-07-25 23:18:32,Segmentation,0,0
2026-07-25 23:18:33,Tactical HUD,0,0
2026-07-25 23:18:34,Tactical HUD,0,0
2026-07-25 23:18:36,Tactical HUD,0,0
2026-07-25 23:18:37,Tactical HUD,0,0
2026-07-25 23:18:38,Tactical HUD,0,0
2026-07-25 23:18:39,Tactical HUD,0,0
2026-07-25 23:18:40,Tactical HUD,0,0
2026-07-25 23:18:41,Tactical HUD,0,0
2026-07-25 23:18:42,Tactical HUD,0,1
2026-07-25 23:18:43,Tactical HUD,0,1
2026-07-25 23:18:44,Tactical HUD,0,1
2026-07-25 23:18:45,Tactical HUD,0,1
2026-07-25 23:18:46,Tactical HUD,0,0
2026-07-25 23:18:48,Tactical HUD,0,1
2026-07-25 23:18:49,Tactical HUD,0,1
2026-07-25 23:18:50,Tactical HUD,0,1
2026-07-25 23:18:51,Tactical HUD,0,1
2026-07-25 23:18:52,Tactical HUD,0,1
2026-07-25 23:18:53,Detection,0,1
2026-07-25 23:18:54,Pose,0,1
2026-07-25 23:18:55,Pose,0,1
2026-07-25 23:18:56,Segmentation,0,1
2026-07-25 23:18:57,Pose,0,1
2026-07-25 23:18:59,Pose,0,1
2026-07-25 23:19:00,Pose,0,1
2026-07-25 23:19:01,Pose,0,1
2026-07-25 23:19:02,Pose,0,1
2026-07-25 23:19:03,Pose,0,1
2026-07-25 23:19:04,Pose,0,1
2026-07-25 23:19:05,Pose,0,1
2026-07-25 23:19:06,Pose,0,1
2026-07-25 23:19:07,Pose,0,1
2026-07-25 23:19:08,Pose,0,1
2026-07-25 23:19:09,Pose,0,1
2026-07-25 23:19:10,Pose,0,1
2026-07-25 23:19:11,Pose,0,1
2026-07-25 23:19:12,Pose,0,1
2026-07-25 23:19:13,Pose,0,1
2026-07-25 23:19:15,Pose,0,1
2026-07-25 23:19:16,Pose,0,1
2026-07-25 23:19:17,Pose,0,1
2026-07-25 23:19:18,Pose,0,1
2026-07-25 23:19:19,Pose,0,1
2026-07-25 23:19:20,Pose,0,1
2026-07-25 23:19:21,Pose,0,1
2026-07-25 23:19:22,Pose,0,1
2026-07-25 23:19:23,Pose,0,1
2026-07-25 23:19:24,Pose,0,1
2026-07-25 23:19:25,Pose,0,1
2026-07-25 23:19:26,Pose,0,1
2026-07-25 23:19:27,Pose,0,1
2026-07-25 23:19:28,Pose,0,1
2026-07-25 23:19:30,Pose,0,1
2026-07-25 23:19:31,Pose,0,1
2026-07-25 23:19:32,Pose,0,1
2026-07-25 23:19:33,Pose,0,1
2026-07-25 23:19:34,Pose,0,1
2026-07-25 23:19:35,Pose,0,1
2026-07-25 23:19:36,Pose,0,1
2026-07-25 23:19:37,Pose,0,1
2026-07-25 23:19:38,Pose,0,1
2026-07-25 23:19:39,Pose,0,1
2026-07-25 23:19:40,Pose,0,1
2026-07-25 23:19:41,Pose,0,1
2026-07-25 23:19:42,Pose,0,1
2026-07-25 23:19:43,Pose,0,1
2026-07-25 23:19:45,Pose,0,1
2026-07-25 23:19:46,Pose,0,1
2026-07-25 23:19:47,Pose,0,1
2026-07-25 23:19:48,Pose,0,1
2026-07-25 23:19:49,Pose,0,1
2026-07-25 23:19:50,Pose,0,1
2026-07-25 23:19:51,Pose,0,1
2026-07-25 23:19:52,Pose,0,1
2026-07-25 23:19:53,Pose,0,1
2026-07-25 23:19:54,Pose,0,1
2026-07-25 23:19:56,Pose,0,1
2026-07-25 23:19:57,Pose,0,1
2026-07-25 23:19:58,Pose,0,1
2026-07-25 23:19:59,Pose,0,1
2026-07-25 23:20:00,Pose,0,1
2026-07-25 23:20:01,Pose,0,1
2026-07-25 23:20:02,Pose,0,1
2026-07-25 23:20:03,Pose,0,1
2026-07-25 23:20:04,Pose,0,1
2026-07-25 23:20:05,Pose,0,1
2026-07-25 23:20:06,Pose,0,1
2026-07-25 23:20:07,Pose,0,1
2026-07-25 23:20:08,Pose,0,1
2026-07-25 23:20:09,Pose,0,1
2026-07-25 23:20:10,Pose,0,1
2026-07-25 23:20:12,Pose,0,1
2026-07-25 23:20:13,Pose,0,1
2026-07-25 23:20:14,Pose,0,1
2026-07-25 23:20:15,Pose,0,1
2026-07-25 23:20:16,Pose,0,1
2026-07-25 23:20:17,Pose,0,1
2026-07-25 23:20:18,Pose,0,1
2026-07-25 23:20:19,Pose,0,1
2026-07-25 23:20:20,Pose,0,1
2026-07-25 23:20:21,Pose,0,1
2026-07-25 23:20:22,Pose,0,1
2026-07-25 23:20:23,Pose,0,1
2026-07-25 23:20:24,Pose,0,1
2026-07-25 23:20:26,Pose,0,1
2026-07-25 23:20:27,Pose,0,1
2026-07-25 23:20:28,Pose,0,1
2026-07-25 23:20:29,Pose,0,1
2026-07-25 23:20:30,Pose,0,1
2026-07-25 23:20:31,Pose,0,1
2026-07-25 23:20:32,Pose,0,1
2026-07-25 23:20:33,Pose,0,1
2026-07-25 23:20:34,Pose,0,1
2026-07-25 23:20:35,Pose,0,1
2026-07-25 23:20:36,Pose,0,1
2026-07-25 23:20:38,Pose,0,1
2026-07-25 23:20:39,Pose,0,1
2026-07-25 23:20:40,Pose,0,1
2026-07-25 23:20:41,Pose,0,1
2026-07-25 23:20:42,Pose,0,1
2026-07-25 23:20:43,Pose,0,1
2026-07-25 23:20:44,Pose,0,1
2026-07-25 23:20:45,Pose,0,1
2026-07-25 23:20:46,Pose,0,1
2026-07-25 23:20:47,Pose,0,1
2026-07-25 23:20:49,Pose,0,1
2026-07-25 23:20:50,Pose,0,1
2026-07-25 23:20:51,Pose,0,1
2026-07-25 23:20:52,Pose,0,1
2026-07-25 23:20:53,Pose,0,1
2026-07-25 23:20:54,Pose,0,1
2026-07-25 23:20:55,Pose,0,1
2026-07-25 23:20:57,Pose,0,1
2026-07-25 23:20:58,Pose,0,1
2026-07-25 23:20:59,Pose,0,1
2026-07-25 23:21:00,Pose,0,1
2026-07-25 23:21:01,Pose,0,1
2026-07-25 23:21:02,Pose,0,1
2026-07-25 23:21:03,Pose,0,1
2026-07-25 23:21:04,Pose,0,1
2026-07-25 23:21:05,Pose,0,1
2026-07-25 23:21:06,Pose,0,1
2026-07-25 23:21:07,Pose,0,1
2026-07-25 23:21:08,Pose,0,1
2026-07-25 23:21:09,Pose,0,1
2026-07-25 23:21:10,Pose,0,1
2026-07-25 23:21:12,Pose,0,1
2026-07-25 23:21:13,Pose,0,1
2026-07-25 23:21:14,Pose,0,1
2026-07-25 23:21:15,Pose,0,1
2026-07-25 23:21:16,Pose,0,1
2026-07-25 23:21:17,Pose,0,1
2026-07-25 23:21:18,Pose,0,1
2026-07-25 23:21:19,Pose,0,1
2026-07-25 23:21:20,Pose,0,1
2026-07-25 23:21:22,Pose,0,1
2026-07-25 23:21:23,Pose,0,1
2026-07-25 23:21:24,Pose,0,1
2026-07-25 23:21:25,Pose,0,1
2026-07-25 23:21:26,Pose,0,1
2026-07-25 23:21:27,Pose,0,1
2026-07-25 23:21:28,Pose,0,1
2026-07-25 23:21:29,Pose,0,1
2026-07-25 23:21:30,Pose,0,1
2026-07-25 23:21:32,Pose,0,1
2026-07-25 23:21:33,Pose,0,1
2026-07-25 23:21:34,Pose,0,1
2026-07-25 23:21:35,Pose,0,1
2026-07-25 23:21:36,Pose,0,1
2026-07-25 23:21:37,Pose,0,1
2026-07-25 23:21:38,Pose,0,1
2026-07-25 23:21:39,Pose,0,1
2026-07-25 23:21:40,Pose,0,1
2026-07-25 23:21:41,Pose,0,1
2026-07-25 23:21:42,Pose,0,1
2026-07-25 23:21:43,Pose,0,1
2026-07-25 23:21:44,Pose,0,1
2026-07-25 23:21:45,Pose,0,1
2026-07-25 23:21:47,Pose,0,1
2026-07-25 23:21:48,Pose,0,1
2026-07-25 23:21:49,Pose,0,1
2026-07-25 23:21:50,Pose,0,1
2026-07-25 23:21:51,Pose,0,1
2026-07-25 23:21:52,Pose,0,1
2026-07-25 23:21:53,Pose,0,1
2026-07-25 23:21:54,Pose,0,1
2026-07-25 23:21:55,Pose,0,1
2026-07-25 23:21:56,Pose,0,1
2026-07-25 23:21:58,Pose,0,1
2026-07-25 23:21:59,Pose,0,1
2026-07-25 23:22:00,Pose,0,1
2026-07-25 23:22:01,Pose,0,1
2026-07-25 23:22:02,Pose,0,1
2026-07-25 23:22:03,Pose,0,1
2026-07-25 23:22:04,Pose,0,1
2026-07-25 23:22:05,Pose,0,1
2026-07-25 23:22:06,Pose,0,1
2026-07-25 23:22:07,Pose,0,1
2026-07-25 23:22:08,Pose,0,1
2026-07-25 23:22:10,Pose,0,1
2026-07-25 23:22:11,Pose,0,1
2026-07-25 23:22:12,Pose,0,1
2026-07-25 23:22:13,Pose,0,1
2026-07-25 23:22:14,Pose,0,1
2026-07-25 23:22:15,Pose,0,1
2026-07-25 23:22:16,Pose,0,1
2026-07-25 23:22:17,Pose,0,1
2026-07-25 23:22:18,Pose,0,1
2026-07-25 23:22:20,Pose,0,1
2026-07-25 23:22:21,Pose,0,1
2026-07-25 23:22:22,Pose,0,1
2026-07-25 23:22:23,Pose,0,1
2026-07-25 23:22:24,Pose,0,1
2026-07-25 23:22:25,Pose,0,1
2026-07-25 23:22:26,Pose,0,1
2026-07-25 23:22:27,Pose,0,1
2026-07-25 23:22:28,Pose,0,1
2026-07-25 23:22:29,Pose,0,1
2026-07-25 23:22:30,Pose,0,1
2026-07-25 23:22:32,Pose,0,1
2026-07-25 23:22:33,Pose,0,1
2026-07-25 23:22:34,Pose,0,1
2026-07-25 23:22:35,Pose,0,1
2026-07-25 23:22:36,Pose,0,1
2026-07-25 23:22:37,Pose,0,1
2026-07-25 23:22:38,Pose,0,1
2026-07-25 23:22:39,Pose,0,1
2026-07-25 23:22:40,Pose,0,1
2026-07-25 23:22:41,Pose,0,1
2026-07-25 23:22:43,Pose,0,1
2026-07-25 23:22:44,Pose,0,1
2026-07-25 23:22:45,Pose,0,1
2026-07-25 23:22:46,Pose,0,1
2026-07-25 23:22:47,Pose,0,1
2026-07-25 23:22:48,Pose,0,1
2026-07-25 23:22:49,Pose,0,1
2026-07-25 23:22:50,Pose,0,1
2026-07-25 23:22:51,Pose,0,1
2026-07-25 23:22:52,Pose,0,1
2026-07-25 23:22:53,Pose,0,1
2026-07-25 23:22:54,Pose,0,1
2026-07-25 23:22:55,Pose,0,1
2026-07-25 23:22:56,Pose,0,1
2026-07-25 23:22:57,Pose,0,1
2026-07-25 23:22:59,Pose,0,1
2026-07-25 23:23:00,Pose,0,1
2026-07-25 23:23:01,Pose,0,1
2026-07-25 23:23:02,Pose,0,1
2026-07-25 23:23:03,Pose,0,1
2026-07-25 23:23:04,Pose,0,1
2026-07-25 23:23:05,Pose,0,1
2026-07-25 23:23:06,Pose,0,1
2026-07-25 23:23:07,Pose,0,1
2026-07-25 23:23:08,Pose,0,1
2026-07-25 23:23:09,Pose,0,1
2026-07-25 23:23:11,Pose,0,1
2026-07-25 23:23:12,Pose,0,1
2026-07-25 23:23:13,Pose,0,1
2026-07-25 23:23:14,Pose,0,1
2026-07-25 23:23:15,Pose,0,1
2026-07-25 23:23:16,Pose,0,1
2026-07-25 23:23:17,Pose,0,1
2026-07-25 23:23:18,Pose,0,1
2026-07-25 23:23:19,Pose,0,1
2026-07-25 23:23:20,Pose,0,1
2026-07-25 23:23:21,Pose,0,1
2026-07-25 23:23:22,Pose,0,1
2026-07-25 23:23:24,Pose,0,1
2026-07-25 23:23:25,Pose,0,1
2026-07-25 23:23:26,Pose,0,1
2026-07-25 23:23:27,Pose,0,1
2026-07-25 23:23:28,Pose,0,1
2026-07-25 23:23:29,Pose,0,1
2026-07-25 23:23:30,Pose,0,1
2026-07-25 23:23:31,Pose,0,1
2026-07-25 23:23:32,Pose,0,1
2026-07-25 23:23:33,Pose,0,1
2026-07-25 23:23:34,Pose,0,1
2026-07-25 23:23:35,Pose,0,1
2026-07-25 23:23:36,Pose,0,1
2026-07-25 23:23:37,Pose,0,1
2026-07-25 23:23:39,Pose,0,1
2026-07-25 23:23:40,Pose,0,1
2026-07-25 23:23:41,Pose,0,1
2026-07-25 23:23:42,Pose,0,1
2026-07-25 23:23:43,Pose,0,1
2026-07-25 23:23:44,Pose,0,1
2026-07-25 23:23:45,Pose,0,1
2026-07-25 23:23:46,Pose,0,1
2026-07-25 23:23:47,Pose,0,1
2026-07-25 23:23:48,Pose,0,1
2026-07-25 23:23:49,Pose,0,1
2026-07-25 23:23:50,Pose,0,1
2026-07-25 23:23:51,Pose,0,1
2026-07-25 23:23:52,Pose,0,1
2026-07-25 23:23:53,Pose,0,1
2026-07-25 23:23:54,Pose,0,1
2026-07-25 23:23:56,Pose,0,1
2026-07-25 23:23:57,Pose,0,1
2026-07-25 23:23:58,Pose,0,1
2026-07-25 23:23:59,Pose,0,1
2026-07-25 23:24:00,Pose,0,1
2026-07-25 23:24:01,Pose,0,1
2026-07-25 23:24:03,Pose,0,1
2026-07-25 23:24:04,Pose,0,1
2026-07-25 23:24:05,Pose,0,1
2026-07-25 23:24:06,Pose,0,1
2026-07-25 23:24:07,Pose,0,1
2026-07-25 23:24:08,Pose,0,1
2026-07-25 23:24:09,Pose,0,1
2026-07-25 23:24:10,Pose,0,1
2026-07-25 23:24:11,Pose,0,1
2026-07-25 23:24:12,Pose,0,1
2026-07-25 23:24:13,Pose,0,1
2026-07-25 23:24:14,Pose,0,1
2026-07-25 23:24:16,Pose,0,1
2026-07-25 23:24:17,Pose,0,1
2026-07-25 23:24:18,Pose,0,1
2026-07-25 23:24:19,Pose,0,1
2026-07-25 23:24:20,Pose,0,1
2026-07-25 23:24:21,Pose,0,1
2026-07-25 23:24:22,Pose,0,1
2026-07-25 23:24:23,Pose,0,1
2026-07-25 23:24:24,Pose,0,1
2026-07-25 23:24:25,Pose,0,1
2026-07-25 23:24:26,Pose,0,1
2026-07-25 23:24:28,Pose,0,1
2026-07-25 23:24:29,Pose,0,1
2026-07-25 23:24:30,Pose,0,1
2026-07-25 23:24:31,Pose,0,1
2026-07-25 23:24:32,Pose,0,1
2026-07-25 23:24:33,Pose,0,1
2026-07-25 23:24:34,Pose,0,1
2026-07-25 23:24:35,Pose,0,1
2026-07-25 23:24:36,Pose,0,1
2026-07-25 23:24:37,Pose,0,1
2026-07-25 23:24:38,Pose,0,1
2026-07-25 23:24:39,Pose,0,1
2026-07-25 23:24:40,Pose,0,1
2026-07-25 23:24:42,Pose,0,1
2026-07-25 23:24:43,Pose,0,1
2026-07-25 23:24:44,Pose,0,1
2026-07-25 23:24:45,Pose,0,1
2026-07-25 23:24:46,Pose,0,1
2026-07-25 23:24:47,Pose,0,1
2026-07-25 23:24:48,Pose,0,1
2026-07-25 23:24:49,Pose,0,1
2026-07-25 23:24:50,Pose,0,1
2026-07-25 23:24:51,Pose,0,1
2026-07-25 23:24:52,Pose,0,1
2026-07-25 23:24:54,Pose,0,1
2026-07-25 23:24:55,Pose,0,1
2026-07-25 23:24:56,Pose,0,1
2026-07-25 23:24:57,Pose,0,1
2026-07-25 23:24:58,Pose,0,1
2026-07-25 23:24:59,Pose,0,1
2026-07-25 23:25:00,Pose,0,1
2026-07-25 23:25:01,Pose,0,1
2026-07-25 23:25:02,Pose,0,1
2026-07-25 23:25:03,Pose,0,1
2026-07-25 23:25:04,Pose,0,1
2026-07-25 23:25:05,Pose,0,1
2026-07-25 23:25:07,Pose,0,1
2026-07-25 23:25:08,Pose,0,1
2026-07-25 23:25:09,Pose,0,1
2026-07-25 23:25:10,Pose,0,1
2026-07-25 23:25:11,Pose,0,1
2026-07-25 23:25:12,Pose,0,1
2026-07-25 23:25:13,Pose,0,1
2026-07-25 23:25:14,Pose,0,1
2026-07-25 23:25:15,Pose,0,1
2026-07-25 23:25:16,Pose,0,1
2026-07-25 23:25:17,Pose,0,1
2026-07-25 23:25:18,Pose,0,1
2026-07-25 23:25:19,Pose,0,1
2026-07-25 23:25:20,Pose,0,1
2026-07-25 23:25:21,Pose,0,1
2026-07-25 23:25:22,Pose,0,1
2026-07-25 23:25:24,Pose,0,1
2026-07-25 23:25:25,Pose,0,1
2026-07-25 23:25:26,Pose,0,1
2026-07-25 23:25:27,Pose,0,1
2026-07-25 23:25:28,Pose,0,1
2026-07-25 23:25:29,Pose,0,1
2026-07-25 23:25:30,Pose,0,1
2026-07-25 23:25:31,Pose,0,1
2026-07-25 23:25:32,Pose,0,1
2026-07-25 23:25:34,Pose,0,1
2026-07-25 23:25:35,Pose,0,1
2026-07-25 23:25:36,Pose,0,1
2026-07-25 23:25:37,Pose,0,1
2026-07-25 23:25:38,Pose,0,1
2026-07-25 23:25:39,Pose,0,1
2026-07-25 23:25:40,Pose,0,1
2026-07-25 23:25:41,Pose,0,1
2026-07-25 23:25:42,Pose,0,1
2026-07-25 23:25:43,Pose,0,1
2026-07-25 23:25:44,Pose,0,1
2026-07-25 23:25:46,Pose,0,1
2026-07-25 23:25:47,Pose,0,1
2026-07-25 23:25:48,Pose,0,1
2026-07-25 23:25:49,Pose,0,1
2026-07-25 23:25:50,Pose,0,1
2026-07-25 23:25:51,Pose,0,1
2026-07-25 23:25:52,Pose,0,1
2026-07-25 23:25:53,Pose,0,1
2026-07-25 23:25:54,Pose,0,1
2026-07-25 23:25:55,Pose,0,1
2026-07-25 23:25:56,Pose,0,1
2026-07-25 23:25:57,Pose,0,1
2026-07-25 23:25:59,Pose,0,1
2026-07-25 23:26:00,Pose,0,1
2026-07-25 23:26:01,Pose,0,1
2026-07-25 23:26:02,Pose,0,1
2026-07-25 23:26:03,Pose,0,1
2026-07-25 23:26:04,Pose,0,1
2026-07-25 23:26:06,Pose,0,1
2026-07-25 23:26:07,Pose,0,1
2026-07-25 23:26:08,Pose,0,1
2026-07-25 23:26:09,Pose,0,1
2026-07-25 23:26:10,Pose,0,1
2026-07-25 23:26:11,Pose,0,1
2026-07-25 23:26:12,Pose,0,1
2026-07-25 23:26:13,Pose,0,1
2026-07-25 23:26:14,Pose,0,1
2026-07-25 23:26:15,Pose,0,1
2026-07-25 23:26:17,Pose,0,1
2026-07-25 23:26:18,Pose,0,1
2026-07-25 23:26:19,Pose,0,1
2026-07-25 23:26:20,Pose,0,1
2026-07-25 23:26:21,Pose,0,1
2026-07-25 23:26:22,Pose,0,1
2026-07-25 23:26:23,Pose,0,1
2026-07-25 23:26:24,Pose,0,1
2026-07-25 23:26:25,Pose,0,1
2026-07-25 23:26:26,Pose,0,1
2026-07-25 23:26:27,Pose,0,1
2026-07-25 23:26:28,Pose,0,1
2026-07-25 23:26:29,Pose,0,1
2026-07-25 23:26:30,Pose,0,1
2026-07-25 23:26:31,Pose,0,1
2026-07-25 23:26:32,Pose,0,1
2026-07-25 23:26:33,Pose,0,1
2026-07-25 23:26:34,Pose,0,1
2026-07-25 23:26:35,Pose,0,1
2026-07-25 23:26:37,Pose,0,1
2026-07-25 23:26:38,Pose,0,1
2026-07-25 23:26:39,Pose,0,1
2026-07-25 23:26:40,Pose,0,1
2026-07-25 23:26:41,Pose,0,1
2026-07-25 23:26:42,Pose,0,1
2026-07-25 23:26:43,Pose,0,1
2026-07-25 23:26:44,Pose,0,1
2026-07-25 23:26:45,Pose,0,1
2026-07-25 23:26:46,Pose,0,1
2026-07-25 23:26:47,Pose,0,1
2026-07-25 23:26:49,Pose,0,1
2026-07-25 23:26:50,Pose,0,1
2026-07-25 23:26:51,Pose,0,1
2026-07-25 23:26:52,Pose,0,1
2026-07-25 23:26:53,Pose,0,1
2026-07-25 23:26:54,Pose,0,1
2026-07-25 23:26:55,Pose,0,1
2026-07-25 23:26:56,Pose,0,1
2026-07-25 23:26:57,Pose,0,1
2026-07-25 23:26:58,Pose,0,1
2026-07-25 23:26:59,Pose,0,1
2026-07-25 23:27:00,Pose,0,1
2026-07-25 23:27:01,Pose,0,1
2026-07-25 23:27:02,Pose,0,1
2026-07-25 23:27:03,Pose,0,1
2026-07-25 23:27:04,Pose,0,1
2026-07-25 23:27:06,Pose,0,1
2026-07-25 23:27:07,Pose,0,1
2026-07-25 23:27:08,Pose,0,1
2026-07-25 23:27:09,Pose,0,1
2026-07-25 23:27:10,Pose,0,1
2026-07-25 23:27:11,Pose,0,1
2026-07-25 23:27:12,Pose,0,1
2026-07-25 23:27:13,Pose,0,1
2026-07-25 23:27:14,Pose,0,1
2026-07-25 23:27:15,Pose,0,1
2026-07-25 23:27:16,Pose,0,1
2026-07-25 23:27:17,Pose,0,1
2026-07-25 23:27:18,Pose,0,1
2026-07-25 23:27:19,Pose,0,1
2026-07-25 23:27:20,Pose,0,1
2026-07-25 23:27:21,Pose,0,1
2026-07-25 23:27:22,Pose,0,1
2026-07-25 23:27:24,Pose,0,1
2026-07-25 23:27:25,Pose,0,1
2026-07-25 23:27:26,Pose,0,1
2026-07-25 23:27:27,Pose,0,1
2026-07-25 23:27:28,Pose,0,1
2026-07-25 23:27:29,Pose,0,1
2026-07-25 23:27:30,Pose,0,1
2026-07-25 23:27:31,Pose,0,1
2026-07-25 23:27:32,Pose,0,1
2026-07-25 23:27:33,Pose,0,1
2026-07-25 23:27:34,Pose,0,1
2026-07-25 23:27:35,Pose,0,1
2026-07-25 23:27:36,Pose,0,1
2026-07-25 23:27:38,Pose,0,1
2026-07-25 23:27:39,Pose,0,1
2026-07-25 23:27:40,Pose,0,1
2026-07-25 23:27:41,Pose,0,1
2026-07-25 23:27:42,Pose,0,1
2026-07-25 23:27:43,Pose,0,1
2026-07-25 23:27:44,Pose,0,1
2026-07-25 23:27:45,Pose,0,1
2026-07-25 23:27:46,Pose,0,1
2026-07-25 23:27:47,Pose,0,1
2026-07-25 23:27:48,Pose,0,1
2026-07-25 23:27:49,Pose,0,1
2026-07-25 23:27:50,Pose,0,1
2026-07-25 23:27:51,Pose,0,1
2026-07-25 23:27:52,Pose,0,1
2026-07-25 23:27:54,Pose,0,1
2026-07-25 23:27:55,Pose,0,1
2026-07-25 23:27:56,Pose,0,1
2026-07-25 23:27:57,Pose,0,1
2026-07-25 23:27:58,Pose,0,1
2026-07-25 23:27:59,Pose,0,1
2026-07-25 23:28:00,Pose,0,1
2026-07-25 23:28:01,Pose,0,1
2026-07-25 23:28:02,Pose,0,1
2026-07-25 23:28:03,Pose,0,1
2026-07-25 23:28:04,Pose,0,1
2026-07-25 23:28:05,Pose,0,1
2026-07-25 23:28:06,Pose,0,1
2026-07-25 23:28:07,Pose,0,1
2026-07-25 23:28:08,Pose,0,1
2026-07-25 23:28:09,Pose,0,1
2026-07-25 23:28:11,Pose,0,1
2026-07-25 23:28:12,Pose,0,1
2026-07-25 23:28:13,Pose,0,1
2026-07-25 23:28:14,Pose,0,1
2026-07-25 23:28:15,Pose,0,1
2026-07-25 23:28:16,Pose,0,1
2026-07-25 23:28:17,Pose,0,1
2026-07-25 23:28:18,Pose,0,1
2026-07-25 23:28:19,Pose,0,1
2026-07-25 23:28:21,Pose,0,1
2026-07-25 23:28:22,Pose,0,1
2026-07-25 23:28:23,Pose,0,1
2026-07-25 23:28:24,Pose,0,1
2026-07-25 23:28:25,Pose,0,1
2026-07-25 23:28:26,Pose,0,1
2026-07-25 23:28:27,Pose,0,1
2026-07-25 23:28:28,Pose,0,1
2026-07-25 23:28:29,Pose,0,1
2026-07-25 23:28:30,Pose,0,1
2026-07-25 23:28:31,Pose,0,1
2026-07-25 23:28:32,Pose,0,1
2026-07-25 23:28:33,Pose,0,1
2026-07-25 23:28:34,Pose,0,1
2026-07-25 23:28:36,Pose,0,1
2026-07-25 23:28:37,Pose,0,1
2026-07-25 23:28:38,Pose,0,1
2026-07-25 23:28:39,Pose,0,1
2026-07-25 23:28:40,Pose,0,1
2026-07-25 23:28:41,Pose,0,1
2026-07-25 23:28:42,Pose,0,1
2026-07-25 23:28:44,Pose,0,1
2026-07-25 23:28:45,Pose,0,1
2026-07-25 23:28:46,Pose,0,1
2026-07-25 23:28:47,Pose,0,1
2026-07-25 23:28:48,Pose,0,1
2026-07-25 23:28:49,Pose,0,1
2026-07-25 23:28:50,Pose,0,1
2026-07-25 23:28:51,Pose,0,1
2026-07-25 23:28:52,Pose,0,1
2026-07-25 23:28:53,Pose,0,1
2026-07-25 23:28:54,Pose,0,1
2026-07-25 23:28:55,Pose,0,1
2026-07-25 23:28:56,Pose,0,1
2026-07-25 23:28:57,Pose,0,1
2026-07-25 23:28:58,Pose,0,1
2026-07-25 23:29:00,Pose,0,1
2026-07-25 23:29:01,Pose,0,1
2026-07-25 23:29:02,Pose,0,1
2026-07-25 23:29:03,Pose,0,1
2026-07-25 23:29:04,Pose,0,1
2026-07-25 23:29:05,Pose,0,1
2026-07-25 23:29:06,Pose,0,1
2026-07-25 23:29:07,Pose,0,1
2026-07-25 23:29:08,Pose,0,1
2026-07-25 23:29:09,Pose,0,1
2026-07-25 23:29:10,Pose,0,1
2026-07-25 23:29:11,Pose,0,1
2026-07-26 00:10:36,Pose,0,1
2026-07-26 00:10:38,Pose,0,1
2026-07-26 00:10:39,Pose,0,1
2026-07-26 00:10:40,Pose,0,1
2026-07-26 00:10:41,Pose,0,1
2026-07-26 00:10:42,Pose,0,1
2026-07-26 00:10:43,Pose,0,1
2026-07-26 00:10:44,Pose,0,1
2026-07-26 00:10:45,Pose,0,1
2026-07-26 00:10:46,Pose,0,1
2026-07-26 00:10:47,Pose,0,1
2026-07-26 00:10:48,Pose,0,1
2026-07-26 00:10:49,Pose,0,1
2026-07-26 00:10:51,Pose,0,1
2026-07-26 00:10:52,Pose,0,1
2026-07-26 00:10:53,Pose,0,1
2026-07-26 00:10:54,Pose,0,1
2026-07-26 00:10:55,Pose,0,1
2026-07-26 00:10:56,Pose,0,1
2026-07-26 00:10:57,Pose,0,1
2026-07-26 00:10:59,Pose,0,1
2026-07-26 00:11:00,Pose,0,1
2026-07-26 00:11:01,Pose,0,1
2026-07-26 00:11:02,Pose,0,1
2026-07-26 00:11:03,Pose,0,1
2026-07-26 00:11:04,Pose,0,1
2026-07-26 00:11:05,Pose,0,1
2026-07-26 00:11:06,Pose,0,1
2026-07-26 00:11:07,Pose,0,1
2026-07-26 00:11:08,Pose,0,1
2026-07-26 00:11:09,Pose,0,1
2026-07-26 00:11:10,Pose,0,1
2026-07-26 00:11:11,Pose,0,1
2026-07-26 00:11:12,Pose,0,1
2026-07-26 00:11:14,Pose,0,1
2026-07-26 00:11:15,Pose,0,1
2026-07-26 00:11:16,Pose,0,1
2026-07-26 00:11:17,Pose,0,1
2026-07-26 00:11:18,Pose,0,1
2026-07-26 00:11:19,Pose,0,1
2026-07-26 00:11:20,Pose,0,1
2026-07-26 00:11:21,Pose,0,1
2026-07-26 00:11:22,Pose,0,1
2026-07-26 00:11:23,Pose,0,1
2026-07-26 00:11:24,Pose,0,1
2026-07-26 00:11:25,Pose,0,1
2026-07-26 00:11:26,Pose,0,1
2026-07-26 00:11:27,Pose,0,1
2026-07-26 00:11:28,Pose,0,1
2026-07-26 00:11:29,Pose,0,1
2026-07-26 00:11:31,Pose,0,1
2026-07-26 00:11:32,Pose,0,1
2026-07-26 00:11:33,Pose,0,1
2026-07-26 00:11:34,Pose,0,1
2026-07-26 00:11:35,Pose,0,1
2026-07-26 00:11:36,Pose,0,1
2026-07-26 00:11:37,Pose,0,1
2026-07-26 00:11:38,Pose,0,1
2026-07-26 00:11:39,Pose,0,1
2026-07-26 00:11:40,Pose,0,1
2026-07-26 00:11:41,Pose,0,1
2026-07-26 00:11:42,Pose,0,1
2026-07-26 00:11:43,Pose,0,1
2026-07-26 00:11:44,Pose,0,1
2026-07-26 00:11:45,Pose,0,1
2026-07-26 00:11:46,Pose,0,1
2026-07-26 00:11:47,Pose,0,1
2026-07-26 00:11:49,Pose,0,1
2026-07-26 00:11:50,Pose,0,1
2026-07-26 00:11:51,Pose,0,1
2026-07-26 00:11:52,Pose,0,1
2026-07-26 00:11:53,Pose,0,1
2026-07-26 00:11:54,Pose,0,1
2026-07-26 00:11:55,Pose,0,1
2026-07-26 00:11:56,Pose,0,1
2026-07-26 00:11:57,Pose,0,1
2026-07-26 00:11:58,Pose,0,1
2026-07-26 00:11:59,Pose,0,1
2026-07-26 00:12:00,Pose,0,1
2026-07-26 00:12:01,Pose,0,1
2026-07-26 00:12:02,Pose,0,1
2026-07-26 00:12:03,Pose,0,1
2026-07-26 00:12:04,Pose,0,1
2026-07-26 00:12:05,Pose,0,1
2026-07-26 00:12:06,Pose,0,1
2026-07-26 00:12:07,Pose,0,1
2026-07-26 00:12:08,Pose,0,1
2026-07-26 00:12:09,Pose,0,1
2026-07-26 00:12:10,Pose,0,1
2026-07-26 00:12:12,Pose,0,1
2026-07-26 00:12:13,Pose,0,1
2026-07-26 00:12:14,Pose,0,1
2026-07-26 00:12:15,Pose,0,1
2026-07-26 00:12:16,Pose,0,1
2026-07-26 00:12:17,Pose,0,1
2026-07-26 00:12:18,Pose,0,1
2026-07-26 00:12:19,Pose,0,1
2026-07-26 00:12:20,Pose,0,1
2026-07-26 00:12:21,Pose,0,1
2026-07-26 00:12:22,Pose,0,1
2026-07-26 00:12:23,Pose,0,1
2026-07-26 00:12:24,Pose,0,1
2026-07-26 00:12:25,Pose,0,1
2026-07-26 00:12:26,Pose,0,1
2026-07-26 00:12:27,Pose,0,1
2026-07-26 00:12:28,Pose,0,1
2026-07-26 00:12:29,Pose,0,1
2026-07-26 00:12:30,Pose,0,1
2026-07-26 00:12:31,Pose,0,1
2026-07-26 00:12:32,Pose,0,1
2026-07-26 00:12:34,Pose,0,1
2026-07-26 00:12:35,Pose,0,1
2026-07-26 00:12:36,Pose,0,1
2026-07-26 00:12:37,Pose,0,1
2026-07-26 00:12:38,Pose,0,1
2026-07-26 00:12:39,Pose,0,1
2026-07-26 00:12:40,Pose,0,1
2026-07-26 00:12:41,Pose,0,1
2026-07-26 00:12:42,Pose,0,1
2026-07-26 00:12:43,Pose,0,1
2026-07-26 00:12:44,Pose,0,1
2026-07-26 00:12:45,Pose,0,1
2026-07-26 00:12:46,Pose,0,1
2026-07-26 00:12:47,Pose,0,1
2026-07-26 00:12:48,Pose,0,1
2026-07-26 00:12:49,Pose,0,1
2026-07-26 00:12:50,Pose,0,1
2026-07-26 00:12:52,Pose,0,1
2026-07-26 00:12:53,Pose,0,1
2026-07-26 00:12:54,Pose,0,1
2026-07-26 00:12:55,Pose,0,1
2026-07-26 00:12:56,Pose,0,1
2026-07-26 00:12:57,Pose,0,1
2026-07-26 00:12:58,Pose,0,1
2026-07-26 00:12:59,Pose,0,1
2026-07-26 00:13:00,Pose,0,1
2026-07-26 00:13:01,Pose,0,1
2026-07-26 00:13:02,Pose,0,1
2026-07-26 00:13:03,Pose,0,1
2026-07-26 00:13:04,Pose,0,1
2026-07-26 00:13:05,Pose,0,1
2026-07-26 00:13:06,Pose,0,1
2026-07-26 00:13:07,Pose,0,1
2026-07-26 00:13:08,Pose,0,1
2026-07-26 00:13:09,Pose,0,1
2026-07-26 00:13:11,Pose,0,1
2026-07-26 00:13:12,Pose,0,1
2026-07-26 00:13:13,Pose,0,1
2026-07-26 00:13:14,Pose,0,1
2026-07-26 00:13:15,Pose,0,1
2026-07-26 00:13:16,Pose,0,1
2026-07-26 00:13:17,Pose,0,1
2026-07-26 00:13:18,Pose,0,1
2026-07-26 00:13:19,Pose,0,1
2026-07-26 00:13:20,Pose,0,1
2026-07-26 00:13:21,Pose,0,1
2026-07-26 00:13:22,Pose,0,1
2026-07-26 00:13:23,Pose,0,1
2026-07-26 00:13:24,Pose,0,1
2026-07-26 00:13:25,Pose,0,1
2026-07-26 00:13:26,Pose,0,1
2026-07-26 00:13:27,Pose,0,1
2026-07-26 00:13:28,Pose,0,1
2026-07-26 00:13:29,Pose,0,1
2026-07-26 00:13:31,Pose,0,1
2026-07-26 00:13:32,Pose,0,1
2026-07-26 00:13:33,Pose,0,1
2026-07-26 00:13:34,Pose,0,1
2026-07-26 00:13:35,Pose,0,1
2026-07-26 00:13:36,Pose,0,1
2026-07-26 00:13:37,Pose,0,1
2026-07-26 00:13:38,Pose,0,1
2026-07-26 00:13:39,Pose,0,1
2026-07-26 00:13:40,Pose,0,1
2026-07-26 00:13:41,Pose,0,1
2026-07-26 00:13:42,Pose,0,1
2026-07-26 00:13:43,Pose,0,1
2026-07-26 00:13:44,Pose,0,1
2026-07-26 00:13:45,Pose,0,1
2026-07-26 00:13:46,Pose,0,1
2026-07-26 00:13:47,Pose,0,1
2026-07-26 00:13:48,Pose,0,1
2026-07-26 00:13:49,Pose,0,1
2026-07-26 00:13:51,Pose,0,1
2026-07-26 00:13:52,Pose,0,1
2026-07-26 00:13:53,Pose,0,1
2026-07-26 00:13:54,Pose,0,1
2026-07-26 00:13:55,Pose,0,1
2026-07-26 00:13:56,Pose,0,1
2026-07-26 00:13:57,Pose,0,1
2026-07-26 00:13:58,Pose,0,1
2026-07-26 00:13:59,Pose,0,1
2026-07-26 00:14:00,Pose,0,1
2026-07-26 00:14:01,Pose,0,1
2026-07-26 00:14:02,Pose,0,1
2026-07-26 00:14:03,Pose,0,1
2026-07-26 00:14:04,Pose,0,1
2026-07-26 00:14:05,Pose,0,1
2026-07-26 00:14:06,Pose,0,1
2026-07-26 00:14:07,Pose,0,1
2026-07-26 00:14:08,Pose,0,1
2026-07-26 00:14:09,Pose,0,1
2026-07-26 00:14:11,Pose,0,1
2026-07-26 00:14:12,Pose,0,1
2026-07-26 00:14:13,Pose,0,1
2026-07-26 00:14:14,Pose,0,1
2026-07-26 00:14:15,Pose,0,1
2026-07-26 00:14:16,Pose,0,1
2026-07-26 00:14:17,Pose,0,1
2026-07-26 00:14:18,Pose,0,1
2026-07-26 00:14:19,Pose,0,1
2026-07-26 00:14:20,Pose,0,1
2026-07-26 00:14:21,Pose,0,1
2026-07-26 00:14:22,Pose,0,1
2026-07-26 00:14:23,Pose,0,1
2026-07-26 00:14:24,Pose,0,1
2026-07-26 00:14:25,Pose,0,1
2026-07-26 00:14:26,Pose,0,1
2026-07-26 00:14:27,Pose,0,1
2026-07-26 00:14:28,Pose,0,1
2026-07-26 00:14:30,Pose,0,1
2026-07-26 00:14:31,Pose,0,1
2026-07-26 00:14:32,Pose,0,1
2026-07-26 00:14:33,Pose,0,1
2026-07-26 00:14:34,Pose,0,1
2026-07-26 00:14:35,Pose,0,1
2026-07-26 00:14:36,Pose,0,1
2026-07-26 00:14:37,Pose,0,1
2026-07-26 00:14:38,Pose,0,1
2026-07-26 00:14:39,Pose,0,1
2026-07-26 00:14:40,Pose,0,1
2026-07-26 00:14:41,Pose,0,1
2026-07-26 00:14:42,Pose,0,1
2026-07-26 00:14:43,Pose,0,1
2026-07-26 00:14:44,Pose,0,1
2026-07-26 00:14:45,Pose,0,1
2026-07-26 00:14:46,Pose,0,1
2026-07-26 00:14:47,Pose,0,1
2026-07-26 00:14:48,Pose,0,1
2026-07-26 00:14:49,Pose,0,1
2026-07-26 00:14:51,Pose,0,1
2026-07-26 00:14:52,Pose,0,1
2026-07-26 00:14:53,Pose,0,1
2026-07-26 00:14:54,Pose,0,1
2026-07-26 00:14:55,Pose,0,1
2026-07-26 00:14:56,Pose,0,1
2026-07-26 00:14:57,Pose,0,1
2026-07-26 00:14:58,Pose,0,1
2026-07-26 00:14:59,Pose,0,1
2026-07-26 00:15:00,Pose,0,1
2026-07-26 00:15:01,Pose,0,1
2026-07-26 00:15:02,Pose,0,1
2026-07-26 00:15:03,Pose,0,1
2026-07-26 00:15:04,Pose,0,1
2026-07-26 00:15:05,Pose,0,1
2026-07-26 00:15:06,Pose,0,1
2026-07-26 00:15:07,Pose,0,1
2026-07-26 00:15:08,Pose,0,1
2026-07-26 00:15:09,Pose,0,1
2026-07-26 00:15:10,Pose,0,1
2026-07-26 00:15:11,Pose,0,1
2026-07-26 00:15:12,Pose,0,1
2026-07-26 00:15:14,Pose,0,1
2026-07-26 00:15:15,Pose,0,1
2026-07-26 00:15:16,Pose,0,1
2026-07-26 00:15:17,Pose,0,1
2026-07-26 00:15:18,Pose,0,1
2026-07-26 00:15:19,Pose,0,1
2026-07-26 00:15:20,Pose,0,1
2026-07-26 00:15:21,Pose,0,1
2026-07-26 00:15:22,Pose,0,1
2026-07-26 00:15:23,Pose,0,1
2026-07-26 00:15:24,Pose,0,1
2026-07-26 00:15:25,Pose,0,1
2026-07-26 00:15:26,Pose,0,1
2026-07-26 00:15:27,Pose,0,1
2026-07-26 00:15:28,Pose,0,1
2026-07-26 00:15:29,Pose,0,1
2026-07-26 00:15:30,Pose,0,1
2026-07-26 00:15:31,Pose,0,1
2026-07-26 00:15:32,Pose,0,1
2026-07-26 00:15:34,Pose,0,1
2026-07-26 00:15:35,Pose,0,1
2026-07-26 00:15:36,Pose,0,1
2026-07-26 00:15:37,Pose,0,1
2026-07-26 00:15:38,Pose,0,1
2026-07-26 00:15:39,Pose,0,1
2026-07-26 00:15:40,Pose,0,1
2026-07-26 00:15:41,Pose,0,1
2026-07-26 00:15:42,Pose,0,1
2026-07-26 00:15:43,Pose,0,1
2026-07-26 00:15:44,Pose,0,1
2026-07-26 00:15:45,Pose,0,1
2026-07-26 00:15:46,Pose,0,1
2026-07-26 00:15:47,Pose,0,1
2026-07-26 00:15:48,Pose,0,1
2026-07-26 00:15:49,Pose,0,1
2026-07-26 00:15:50,Pose,0,1
2026-07-26 00:15:51,Pose,0,1
2026-07-26 00:15:52,Pose,0,1
2026-07-26 00:15:53,Pose,0,1
2026-07-26 00:15:54,Pose,0,1
2026-07-26 00:15:56,Pose,0,1
2026-07-26 00:15:57,Pose,0,1
2026-07-26 00:15:58,Pose,0,1
2026-07-26 00:15:59,Pose,0,1
2026-07-26 00:16:00,Pose,0,1
2026-07-26 00:16:01,Pose,0,1
2026-07-26 00:16:02,Pose,0,1
2026-07-26 00:16:03,Pose,0,1
2026-07-26 00:16:04,Pose,0,1
2026-07-26 00:16:05,Pose,0,1
2026-07-26 00:16:06,Pose,0,1
2026-07-26 00:16:07,Pose,0,1
2026-07-26 00:16:08,Pose,0,1
2026-07-26 00:16:09,Pose,0,1
2026-07-26 00:16:10,Pose,0,1
2026-07-26 00:16:11,Pose,0,1
2026-07-26 00:16:12,Pose,0,1
2026-07-26 00:16:13,Pose,0,1
2026-07-26 00:16:14,Pose,0,1
2026-07-26 00:16:16,Pose,0,1
2026-07-26 00:16:17,Pose,0,1
2026-07-26 00:16:18,Pose,0,1
2026-07-26 00:16:19,Pose,0,1
2026-07-26 00:16:20,Pose,0,1
2026-07-26 00:16:21,Pose,0,1
2026-07-26 00:16:22,Pose,0,1
2026-07-26 00:16:23,Pose,0,1
2026-07-26 00:16:24,Pose,0,1
2026-07-26 00:16:25,Pose,0,1
2026-07-26 00:16:26,Pose,0,1
2026-07-26 00:16:27,Pose,0,1
2026-07-26 00:16:28,Pose,0,1
2026-07-26 00:16:29,Pose,0,1
2026-07-26 00:16:30,Pose,0,1
2026-07-26 00:16:31,Pose,0,1
2026-07-26 00:16:32,Pose,0,1
2026-07-26 00:16:33,Pose,0,1
2026-07-26 00:16:34,Pose,0,1
2026-07-26 00:16:35,Pose,0,1
2026-07-26 00:16:36,Pose,0,1
2026-07-26 00:16:37,Pose,0,1
2026-07-26 00:16:38,Pose,0,1
2026-07-26 00:16:39,Pose,0,1
2026-07-26 00:16:40,Pose,0,1
2026-07-26 00:16:41,Pose,0,1
2026-07-26 00:16:42,Pose,0,1
2026-07-26 00:16:44,Pose,0,1
2026-07-26 00:16:45,Pose,0,1
2026-07-26 00:16:46,Pose,0,1
2026-07-26 00:16:47,Pose,0,1
2026-07-26 00:16:48,Pose,0,1
2026-07-26 00:16:49,Pose,0,1
2026-07-26 00:16:50,Pose,0,1
2026-07-26 00:16:51,Pose,0,1
2026-07-26 00:16:52,Pose,0,1
2026-07-26 00:16:53,Pose,0,1
2026-07-26 00:16:54,Pose,0,1
2026-07-26 00:16:55,Pose,0,1
2026-07-26 00:16:56,Pose,0,1
2026-07-26 00:16:57,Pose,0,1
2026-07-26 00:16:58,Pose,0,1
2026-07-26 00:16:59,Pose,0,1
2026-07-26 00:17:00,Pose,0,1
2026-07-26 00:17:01,Pose,0,1
2026-07-26 00:17:02,Pose,0,1
2026-07-26 00:17:03,Pose,0,1
2026-07-26 00:17:04,Pose,0,1
2026-07-26 00:17:05,Pose,0,1
2026-07-26 00:17:07,Pose,0,1
2026-07-26 00:17:08,Pose,0,1
2026-07-26 00:17:09,Pose,0,1
2026-07-26 00:17:10,Pose,0,1
2026-07-26 00:17:11,Pose,0,1
2026-07-26 00:17:12,Pose,0,1
2026-07-26 00:17:13,Pose,0,1
2026-07-26 00:17:14,Pose,0,1
2026-07-26 00:17:15,Pose,0,1
2026-07-26 00:17:16,Pose,0,1
2026-07-26 00:17:17,Pose,0,1
2026-07-26 00:17:18,Pose,0,1
2026-07-26 00:17:19,Pose,0,1
2026-07-26 00:17:20,Pose,0,1
2026-07-26 00:17:21,Pose,0,1
2026-07-26 00:17:22,Pose,0,1
2026-07-26 00:17:23,Pose,0,1
2026-07-26 00:17:25,Pose,0,1
2026-07-26 00:17:26,Pose,0,1
2026-07-26 00:17:27,Pose,0,1
2026-07-26 00:17:28,Pose,0,1
2026-07-26 00:17:29,Pose,0,1
2026-07-26 00:17:30,Pose,0,1
2026-07-26 00:17:31,Pose,0,1
2026-07-26 00:17:32,Pose,0,1
2026-07-26 00:17:33,Pose,0,1
2026-07-26 00:17:34,Pose,0,1
2026-07-26 00:17:35,Pose,0,1
2026-07-26 00:17:36,Pose,0,1
2026-07-26 00:17:37,Pose,0,1
2026-07-26 00:17:38,Pose,0,1
2026-07-26 00:17:39,Pose,0,1
2026-07-26 00:17:40,Pose,0,1
2026-07-26 00:17:41,Pose,0,1
2026-07-26 00:17:42,Pose,0,1
2026-07-26 00:17:43,Pose,0,1
2026-07-26 00:17:44,Pose,0,1
2026-07-26 00:17:45,Pose,0,1
2026-07-26 00:17:46,Pose,0,1
2026-07-26 00:17:47,Pose,0,1
2026-07-26 00:17:49,Pose,0,1
2026-07-26 00:17:50,Pose,0,1
2026-07-26 00:17:51,Pose,0,1
2026-07-26 00:17:52,Pose,0,1
2026-07-26 00:17:53,Pose,0,1
2026-07-26 00:17:54,Pose,0,1
2026-07-26 00:17:55,Pose,0,1
2026-07-26 00:17:56,Pose,0,1
2026-07-26 00:17:57,Pose,0,1
2026-07-26 00:17:58,Pose,0,1
2026-07-26 00:17:59,Pose,0,1
2026-07-26 00:18:00,Pose,0,1
2026-07-26 00:18:01,Pose,0,1
2026-07-26 00:18:02,Pose,0,1
2026-07-26 00:18:03,Pose,0,1
2026-07-26 00:18:04,Pose,0,1
2026-07-26 00:18:05,Pose,0,1
2026-07-26 00:18:06,Pose,0,1
2026-07-26 00:18:08,Pose,0,1
2026-07-26 00:18:09,Pose,0,1
2026-07-26 00:18:10,Pose,0,1
2026-07-26 00:18:11,Pose,0,1
2026-07-26 00:18:12,Pose,0,1
2026-07-26 00:18:13,Pose,0,1
2026-07-26 00:18:14,Pose,0,1
2026-07-26 00:18:15,Pose,0,1
2026-07-26 00:18:16,Pose,0,1
2026-07-26 00:18:17,Pose,0,1
2026-07-26 00:18:18,Pose,0,1
2026-07-26 00:18:19,Pose,0,1
2026-07-26 00:18:20,Pose,0,1
2026-07-26 00:18:21,Pose,0,1
2026-07-26 00:18:22,Pose,0,1
2026-07-26 00:18:23,Pose,0,1
2026-07-26 00:18:24,Pose,0,1
2026-07-26 00:18:25,Pose,0,1
2026-07-26 00:18:26,Pose,0,1
2026-07-26 00:18:27,Pose,0,1
2026-07-26 00:18:29,Pose,0,1
2026-07-26 00:18:30,Pose,0,1
2026-07-26 00:18:31,Pose,0,1
2026-07-26 00:18:32,Pose,0,1
2026-07-26 00:18:33,Pose,0,1
2026-07-26 00:18:34,Pose,0,1
2026-07-26 00:18:35,Pose,0,1
2026-07-26 00:18:36,Pose,0,1
2026-07-26 00:18:37,Pose,0,1
2026-07-26 00:18:38,Pose,0,1
2026-07-26 00:18:39,Pose,0,1
2026-07-26 00:18:40,Pose,0,1
2026-07-26 00:18:41,Pose,0,1
2026-07-26 00:18:42,Pose,0,1
2026-07-26 00:18:43,Pose,0,1
2026-07-26 00:18:44,Pose,0,1
2026-07-26 00:18:45,Pose,0,1
2026-07-26 00:18:46,Pose,0,1
2026-07-26 00:18:47,Pose,0,1
2026-07-26 00:18:48,Pose,0,1
2026-07-26 00:18:49,Pose,0,1
2026-07-26 00:18:51,Pose,0,1
2026-07-26 00:18:52,Pose,0,1
2026-07-26 00:18:53,Pose,0,1
2026-07-26 00:18:54,Pose,0,1
2026-07-26 00:18:55,Pose,0,1
2026-07-26 00:18:56,Pose,0,1
2026-07-26 00:18:57,Pose,0,1
2026-07-26 00:18:58,Pose,0,1
2026-07-26 00:18:59,Pose,0,1
2026-07-26 00:19:00,Pose,0,1
2026-07-26 00:19:01,Pose,0,1
2026-07-26 00:19:02,Pose,0,1
2026-07-26 00:19:03,Pose,0,1
2026-07-26 00:19:04,Pose,0,1
2026-07-26 00:19:05,Pose,0,1
2026-07-26 00:19:06,Pose,0,1
2026-07-26 00:19:07,Pose,0,1
2026-07-26 00:19:08,Pose,0,1
2026-07-26 00:19:10,Pose,0,1
2026-07-26 00:19:11,Pose,0,1
2026-07-26 00:19:12,Pose,0,1
2026-07-26 00:19:13,Pose,0,1
2026-07-26 00:19:14,Pose,0,1
2026-07-26 00:19:15,Pose,0,1
2026-07-26 00:19:16,Pose,0,1
2026-07-26 00:19:17,Pose,0,1
2026-07-26 00:19:18,Pose,0,1
2026-07-26 00:19:19,Pose,0,1
2026-07-26 00:19:20,Pose,0,1
2026-07-26 00:19:21,Pose,0,1
2026-07-26 00:19:22,Pose,0,1
2026-07-26 00:19:23,Pose,0,1
2026-07-26 00:19:25,Pose,0,1
2026-07-26 00:19:26,Pose,0,1
2026-07-26 00:19:27,Pose,0,1
2026-07-26 00:19:28,Pose,0,1
2026-07-26 00:19:29,Pose,0,1
2026-07-26 00:19:30,Pose,0,1
2026-07-26 00:19:31,Pose,0,1
2026-07-26 00:19:32,Pose,0,1
2026-07-26 00:19:33,Pose,0,1
2026-07-26 00:19:34,Pose,0,1
2026-07-26 00:19:35,Pose,0,1
2026-07-26 00:19:36,Pose,0,1
2026-07-26 00:19:37,Pose,0,1
2026-07-26 00:19:38,Pose,0,1
2026-07-26 00:19:39,Pose,0,1
2026-07-26 00:19:40,Pose,0,1
2026-07-26 00:19:41,Pose,0,1
2026-07-26 00:19:43,Pose,0,1
2026-07-26 00:19:44,Pose,0,1
2026-07-26 00:19:45,Pose,0,1
2026-07-26 00:19:46,Pose,0,1
2026-07-26 00:19:47,Pose,0,1
2026-07-26 00:19:48,Pose,0,1
2026-07-26 00:19:49,Pose,0,1
2026-07-26 00:19:50,Pose,0,1
2026-07-26 00:19:51,Pose,0,1
2026-07-26 00:19:52,Pose,0,1
2026-07-26 00:23:52,Pose,0,1
2026-07-26 00:23:53,Pose,0,1
2026-07-26 00:23:54,Pose,0,1
2026-07-26 00:23:55,Pose,0,1
2026-07-26 00:23:57,Pose,0,1
2026-07-26 00:23:58,Pose,0,1
2026-07-26 00:23:59,Pose,0,1
2026-07-26 00:24:00,Pose,0,1
2026-07-26 00:24:01,Pose,0,1
2026-07-26 00:24:02,Pose,0,1
2026-07-26 00:24:03,Pose,0,1
2026-07-26 00:24:04,Pose,0,1
2026-07-26 00:24:05,Pose,0,1
2026-07-26 00:24:06,Pose,0,1
2026-07-26 00:24:07,Pose,0,1
2026-07-26 00:24:08,Pose,0,1
2026-07-26 00:24:09,Pose,0,1
2026-07-26 00:24:10,Pose,0,1
2026-07-26 00:24:11,Pose,0,1
2026-07-26 00:24:12,Pose,0,1
2026-07-26 00:24:13,Pose,0,1
2026-07-26 00:24:15,Pose,0,1
2026-07-26 00:24:16,Pose,0,1
2026-07-26 00:24:17,Pose,0,1
2026-07-26 00:24:18,Pose,0,1
2026-07-26 00:24:19,Pose,0,1
2026-07-26 00:24:20,Pose,0,1
2026-07-26 00:24:21,Pose,0,1
2026-07-26 00:24:22,Pose,0,1
2026-07-26 00:24:23,Pose,0,1
2026-07-26 00:24:24,Pose,0,1
2026-07-26 00:24:25,Pose,0,1
2026-07-26 00:24:26,Pose,0,1
2026-07-26 00:24:27,Pose,0,1
2026-07-26 00:24:28,Pose,0,1
2026-07-26 00:24:29,Pose,0,1
2026-07-26 00:24:30,Pose,0,1
2026-07-26 00:24:31,Pose,0,1
2026-07-26 00:24:32,Pose,0,1
2026-07-26 00:24:33,Pose,0,1
2026-07-26 00:24:34,Pose,0,1
2026-07-26 00:24:35,Pose,0,1
2026-07-26 00:24:36,Pose,0,1
2026-07-26 00:24:37,Pose,0,1
2026-07-26 00:24:38,Pose,0,1
2026-07-26 00:24:39,Pose,0,1
2026-07-26 00:24:41,Pose,0,1
2026-07-26 00:24:42,Pose,0,1
2026-07-26 00:24:43,Pose,0,1
2026-07-26 00:24:44,Pose,0,1
2026-07-26 00:24:45,Pose,0,1
2026-07-26 00:24:46,Pose,0,1
2026-07-26 00:24:47,Pose,0,1
2026-07-26 00:24:48,Pose,0,1
2026-07-26 00:24:49,Pose,0,1
2026-07-26 00:24:50,Pose,0,1
2026-07-26 00:24:51,Pose,0,1
2026-07-26 00:24:52,Pose,0,1
2026-07-26 00:24:53,Pose,0,1
2026-07-26 00:24:54,Pose,0,1
2026-07-26 00:24:55,Pose,0,1
2026-07-26 00:24:56,Pose,0,1
2026-07-26 00:24:58,Pose,0,1
2026-07-26 00:24:59,Pose,0,1
2026-07-26 00:25:00,Pose,0,1
2026-07-26 00:25:01,Pose,0,1
2026-07-26 00:25:02,Pose,0,1
2026-07-26 00:25:03,Pose,0,1
2026-07-26 00:25:04,Pose,0,1
2026-07-26 00:25:05,Pose,0,1
2026-07-26 00:25:06,Pose,0,1
2026-07-26 00:25:07,Pose,0,1
2026-07-26 00:25:08,Pose,0,1
2026-07-26 00:25:09,Pose,0,1
2026-07-26 00:25:10,Pose,0,1
2026-07-26 00:25:11,Pose,0,1
2026-07-26 00:25:12,Pose,0,1
2026-07-26 00:25:13,Pose,0,1
2026-07-26 00:25:14,Pose,0,1
2026-07-26 00:25:15,Pose,0,1
2026-07-26 00:25:16,Pose,0,1
2026-07-26 00:25:17,Pose,0,1
2026-07-26 00:25:19,Pose,0,1
2026-07-26 00:25:20,Pose,0,1
2026-07-26 00:25:21,Pose,0,1
2026-07-26 00:25:22,Pose,0,1
2026-07-26 00:25:23,Pose,0,1
2026-07-26 00:25:24,Pose,0,1
2026-07-26 00:25:25,Pose,0,1
2026-07-26 00:25:26,Pose,0,1
2026-07-26 00:25:27,Pose,0,1
2026-07-26 00:25:28,Pose,0,1
2026-07-26 00:25:29,Pose,0,1
2026-07-26 00:25:30,Pose,0,1
2026-07-26 00:25:31,Pose,0,1
2026-07-26 00:25:32,Pose,0,1
2026-07-26 00:25:33,Pose,0,1
2026-07-26 00:25:34,Pose,0,1
2026-07-26 00:25:35,Pose,0,1
2026-07-26 00:25:36,Pose,0,1
2026-07-26 00:25:38,Pose,0,1
2026-07-26 00:25:39,Pose,0,1
2026-07-26 00:25:40,Pose,0,1
2026-07-26 00:25:41,Pose,0,1
2026-07-26 00:25:42,Pose,0,1
2026-07-26 00:25:43,Pose,0,1
2026-07-26 00:25:44,Pose,0,1
2026-07-26 00:25:45,Pose,0,1
2026-07-26 00:25:46,Pose,0,1
2026-07-26 00:25:47,Pose,0,1
2026-07-26 00:25:48,Pose,0,1
2026-07-26 00:25:49,Pose,0,1
2026-07-26 00:25:50,Pose,0,1
2026-07-26 00:25:51,Pose,0,1
2026-07-26 00:25:52,Pose,0,1
2026-07-26 00:25:53,Pose,0,1
2026-07-26 00:25:55,Pose,0,1
2026-07-26 00:25:56,Pose,0,1
2026-07-26 00:25:57,Pose,0,1
2026-07-26 00:25:58,Pose,0,1
2026-07-26 00:25:59,Pose,0,1
2026-07-26 00:26:00,Pose,0,1
2026-07-26 00:26:01,Pose,0,1
2026-07-26 00:26:02,Pose,0,1
2026-07-26 00:26:03,Pose,0,1
2026-07-26 00:26:04,Pose,0,1
2026-07-26 00:26:05,Pose,0,1
2026-07-26 00:26:06,Pose,0,1
2026-07-26 00:26:07,Pose,0,1
2026-07-26 00:26:08,Pose,0,1
2026-07-26 00:26:09,Pose,0,1
2026-07-26 00:26:10,Pose,0,1
2026-07-26 00:26:12,Pose,0,1
2026-07-26 00:26:13,Pose,0,1
2026-07-26 00:26:14,Pose,0,1
2026-07-26 00:26:15,Pose,0,1
2026-07-26 00:26:16,Pose,0,1
2026-07-26 00:26:17,Pose,0,1
2026-07-26 00:26:18,Pose,0,1
2026-07-26 00:26:19,Pose,0,1
2026-07-26 00:26:20,Pose,0,1
2026-07-26 00:26:21,Pose,0,1
2026-07-26 00:26:22,Pose,0,1
2026-07-26 00:26:23,Pose,0,1
2026-07-26 00:26:24,Pose,0,1
2026-07-26 00:26:25,Pose,0,1
2026-07-26 00:26:26,Pose,0,1
2026-07-26 00:26:28,Pose,0,1
2026-07-26 00:26:29,Pose,0,1
2026-07-26 00:26:30,Pose,0,1
2026-07-26 00:26:31,Pose,0,1
2026-07-26 00:26:32,Pose,0,1
2026-07-26 00:26:33,Pose,0,1
2026-07-26 00:26:34,Pose,0,1
2026-07-26 00:26:35,Pose,0,1
2026-07-26 00:26:36,Pose,0,1
2026-07-26 00:26:37,Pose,0,1
2026-07-26 00:26:38,Pose,0,1
2026-07-26 00:26:39,Pose,0,1
2026-07-26 00:26:40,Pose,0,1
2026-07-26 00:26:41,Pose,0,1
2026-07-26 00:26:42,Pose,0,1
2026-07-26 00:26:43,Pose,0,1
2026-07-26 00:26:44,Pose,0,1
2026-07-26 00:26:46,Pose,0,1
2026-07-26 00:26:47,Pose,0,1
2026-07-26 00:26:48,Pose,0,1
2026-07-26 00:26:49,Pose,0,1
2026-07-26 00:26:50,Pose,0,1
2026-07-26 00:26:51,Pose,0,1
2026-07-26 00:26:52,Pose,0,1
2026-07-26 00:26:53,Pose,0,1
2026-07-26 00:26:54,Pose,0,1
2026-07-26 00:26:55,Pose,0,1
2026-07-26 00:26:56,Pose,0,1
2026-07-26 00:26:57,Pose,0,1
2026-07-26 00:26:58,Pose,0,1
2026-07-26 00:26:59,Pose,0,1
2026-07-26 00:27:00,Pose,0,1
2026-07-26 00:27:01,Pose,0,1
2026-07-26 00:27:02,Pose,0,1
2026-07-26 00:27:03,Pose,0,1
2026-07-26 00:27:04,Pose,0,1
2026-07-26 00:27:05,Pose,0,1
2026-07-27 10:04:45,Detection,0,2
2026-07-27 10:04:46,Detection,0,3
2026-07-27 10:04:47,Detection,0,3
2026-07-27 10:04:48,Detection,0,3
2026-07-27 10:04:49,Detection,0,3
2026-07-27 10:04:50,Detection,0,3
2026-07-27 10:04:51,Detection,0,3
2026-07-27 10:04:52,Detection,0,3
2026-07-27 10:04:53,Detection,0,3
2026-07-27 10:04:54,Detection,0,3
2026-07-27 10:04:55,Detection,0,3
2026-07-27 10:04:57,Detection,0,3
2026-07-27 10:04:58,Detection,0,3
2026-07-27 10:04:59,Detection,0,1
2026-07-27 10:05:00,Detection,0,1
2026-07-27 10:05:01,Detection,0,2
2026-07-27 10:05:02,Detection,0,3
2026-07-27 10:05:03,Detection,0,2
2026-07-27 10:05:04,Detection,0,2
2026-07-27 10:05:05,Detection,0,2
2026-07-27 10:05:06,Detection,0,2
2026-07-27 10:05:07,Detection,0,2
2026-07-27 10:05:08,Detection,0,2
2026-07-27 10:05:09,Detection,0,2
2026-07-27 10:05:10,Detection,0,3
2026-07-27 10:05:11,Detection,0,1
2026-07-27 10:05:12,Detection,0,1
2026-07-27 10:05:14,Detection,0,2
2026-07-27 10:05:15,Detection,0,1
2026-07-27 10:05:16,Detection,0,1
2026-07-27 10:05:17,Detection,0,1
2026-07-27 10:05:18,Detection,0,1
2026-07-27 10:05:19,Detection,0,1
2026-07-27 10:05:20,Detection,0,1
2026-07-27 10:05:21,Detection,0,1
2026-07-27 10:05:22,Detection,0,1
2026-07-27 10:05:23,Detection,0,1
2026-07-27 10:05:24,Detection,0,1
2026-07-27 10:05:25,Detection,0,1
2026-07-27 10:05:26,Detection,0,1
2026-07-27 10:05:28,Detection,0,1
2026-07-27 10:05:29,Detection,0,1
2026-07-27 10:05:30,Detection,0,1
2026-07-27 10:05:31,Detection,0,1
2026-07-27 10:05:32,Detection,0,1
2026-07-27 10:05:33,Detection,0,1
2026-07-27 10:05:34,Detection,0,1
2026-07-27 10:05:35,Detection,0,1
2026-07-27 10:05:36,Detection,0,1
2026-07-27 10:05:37,Detection,0,1
2026-07-27 10:05:38,Detection,0,1
2026-07-27 10:05:39,Detection,0,1
2026-07-27 10:05:40,Detection,0,1
2026-07-27 10:05:41,Detection,0,1
2026-07-27 10:05:42,Detection,0,1
2026-07-27 10:05:43,Detection,0,1
2026-07-27 10:05:44,Detection,0,1
2026-07-27 10:05:45,Detection,0,1
2026-07-27 10:05:46,Detection,0,1
2026-07-27 10:05:47,Detection,0,1
2026-07-27 10:05:48,Detection,0,1
2026-07-27 10:05:49,Detection,0,1
2026-07-27 10:05:50,Detection,0,1
2026-07-27 10:05:51,Detection,0,1
2026-07-27 10:05:52,Detection,0,1
2026-07-27 10:05:53,Detection,0,1
2026-07-27 10:05:54,Detection,0,1
2026-07-27 10:05:55,Detection,0,1
2026-07-27 10:05:56,Detection,0,1
2026-07-27 10:05:58,Detection,0,1
2026-07-27 10:05:59,Detection,0,1
2026-07-27 10:06:00,Detection,0,1
2026-07-27 10:06:01,Detection,0,1
2026-07-27 10:06:02,Detection,0,1
2026-07-27 10:06:03,Detection,0,1
2026-07-27 10:06:04,Detection,0,1
2026-07-27 10:06:05,Detection,0,1
2026-07-27 10:06:06,Detection,0,2
2026-07-27 10:06:07,Detection,0,2
2026-07-27 10:06:08,Detection,0,2
2026-07-27 10:06:09,Detection,0,3
2026-07-27 10:06:10,Detection,0,2
2026-07-27 10:06:11,Detection,0,2
2026-07-27 10:06:12,Detection,0,2
2026-07-27 10:06:13,Detection,0,2
2026-07-27 10:06:14,Detection,0,2
2026-07-27 10:06:15,Detection,0,3
2026-07-27 10:06:16,Detection,0,3
2026-07-27 10:06:18,Detection,0,3
2026-07-27 10:06:19,Detection,0,3
2026-07-27 10:06:20,Detection,0,3
2026-07-27 10:06:21,Detection,0,3
2026-07-27 10:06:22,Detection,0,3
2026-07-27 10:06:23,Detection,0,4
2026-07-27 10:06:24,Detection,0,3
2026-07-27 10:06:25,Detection,0,3
2026-07-27 10:06:26,Detection,0,4
2026-07-27 10:06:27,Detection,0,4
2026-07-27 10:06:28,Detection,0,3
2026-07-27 10:06:29,Detection,0,4
2026-07-27 10:06:30,Detection,0,3
2026-07-27 10:06:31,Detection,0,2
2026-07-27 10:06:32,Detection,0,2
2026-07-27 10:06:33,Detection,0,2
2026-07-27 10:06:35,Detection,0,2
2026-07-27 10:06:36,Detection,0,2
2026-07-27 10:06:37,Detection,0,3
2026-07-27 10:06:38,Detection,0,3
2026-07-27 10:06:39,Detection,0,3
2026-07-27 10:06:40,Detection,0,3
2026-07-27 10:06:41,Detection,0,3
2026-07-27 10:06:42,Detection,0,3
2026-07-27 10:06:43,Detection,0,3
2026-07-27 10:06:44,Detection,0,4
2026-07-27 10:06:45,Detection,0,3
2026-07-27 10:06:46,Detection,0,3
2026-07-27 10:06:47,Detection,0,2
2026-07-27 10:06:48,Detection,0,3
2026-07-27 10:06:49,Detection,0,2
2026-07-27 10:06:50,Detection,0,2
2026-07-27 10:06:51,Detection,0,2
2026-07-27 10:06:52,Detection,0,2
2026-07-27 10:06:54,Detection,0,2
2026-07-27 10:06:55,Detection,0,3
2026-07-27 10:06:56,Detection,0,3
2026-07-27 10:06:57,Detection,0,4
2026-07-27 10:06:58,Detection,0,4
2026-07-27 10:06:59,Detection,0,3
2026-07-27 10:07:00,Detection,0,1
2026-07-27 10:07:01,Detection,0,5
2026-07-27 10:07:02,Detection,0,2
2026-07-27 10:07:03,Detection,0,3
2026-07-27 10:07:04,Detection,0,3
2026-07-27 10:07:05,Detection,0,2
2026-07-27 10:07:06,Detection,0,3
2026-07-27 10:07:07,Detection,0,2
2026-07-27 10:07:08,Detection,0,2
2026-07-27 10:07:09,Detection,0,4
2026-07-27 10:07:10,Detection,0,2
2026-07-27 10:07:11,Detection,0,2
2026-07-27 10:07:13,Detection,0,3
2026-07-27 10:07:14,Detection,0,4
2026-07-27 10:07:15,Detection,0,2
2026-07-27 10:07:16,Detection,0,3
2026-07-27 10:07:17,Detection,0,3
2026-07-27 10:07:18,Detection,0,2
2026-07-27 10:07:19,Detection,0,2
2026-07-27 10:07:20,Detection,0,2
2026-07-27 10:07:21,Detection,0,2
2026-07-27 10:07:22,Detection,0,2
2026-07-27 10:07:23,Detection,0,2
2026-07-27 10:07:24,Detection,0,2
2026-07-27 10:07:25,Detection,0,2
2026-07-27 10:07:26,Detection,0,2
2026-07-27 10:07:27,Detection,0,2
2026-07-27 10:07:28,Detection,0,4
2026-07-27 10:07:29,Detection,0,2
2026-07-27 10:07:30,Detection,0,2
2026-07-27 10:07:32,Detection,0,2
2026-07-27 10:07:33,Detection,0,2
2026-07-27 10:07:34,Tactical HUD,0,2
2026-07-27 10:07:35,Detection,0,5
2026-07-27 10:07:36,Segmentation,0,2
2026-07-27 10:07:37,Detection,0,2
2026-07-27 10:07:39,Tactical HUD,0,4
2026-07-27 10:07:40,Tactical HUD,0,4
2026-07-27 10:07:41,Tactical HUD,0,4
2026-07-27 10:07:42,Tactical HUD,0,4
2026-07-27 10:07:43,Tactical HUD,0,4
2026-07-27 10:07:44,Tactical HUD,0,4
2026-07-27 10:07:45,Tactical HUD,0,3
2026-07-27 10:07:46,Tactical HUD,0,3
2026-07-27 10:07:48,Tactical HUD,0,3
2026-07-27 10:07:49,Tactical HUD,0,3
2026-07-27 10:07:50,Tactical HUD,0,3
2026-07-27 10:07:51,Tactical HUD,0,3
2026-07-27 10:07:52,Tactical HUD,0,3
2026-07-27 10:07:53,Tactical HUD,0,4
2026-07-27 10:07:54,Tactical HUD,0,3
2026-07-27 10:07:55,Tactical HUD,0,3
2026-07-27 10:07:56,Tactical HUD,0,3
2026-07-27 10:07:58,Tactical HUD,0,2
2026-07-27 10:07:59,Tactical HUD,0,3
2026-07-27 10:08:00,Tactical HUD,0,3
2026-07-27 10:08:01,Tactical HUD,0,3
2026-07-27 10:08:02,Tactical HUD,0,2
2026-07-27 10:08:03,Tactical HUD,0,3
2026-07-27 10:08:04,Tactical HUD,0,3
2026-07-27 10:08:05,Tactical HUD,0,3
2026-07-27 10:08:06,Tactical HUD,0,3
2026-07-27 10:08:07,Tactical HUD,0,1
2026-07-27 10:08:09,Tactical HUD,0,3
2026-07-27 10:08:10,Tactical HUD,0,4
2026-07-27 10:08:11,Tactical HUD,0,2
2026-07-27 10:08:12,Tactical HUD,0,2
2026-07-27 10:08:13,Tactical HUD,0,4
2026-07-27 10:08:14,Tactical HUD,0,2
2026-07-27 10:08:15,Tactical HUD,0,2
2026-07-27 10:08:16,Tactical HUD,0,2
2026-07-27 10:08:17,Tactical HUD,0,2
2026-07-27 10:08:19,Tactical HUD,0,2
2026-07-27 10:08:20,Tactical HUD,0,2
2026-07-27 10:08:21,Tactical HUD,0,2
2026-07-27 10:08:22,Tactical HUD,0,4
2026-07-27 10:08:23,Tactical HUD,0,3
2026-07-27 10:08:24,Tactical HUD,0,2
2026-07-27 10:08:25,Detection,0,2
2026-07-27 10:08:26,Detection,0,2
2026-07-27 10:08:27,Detection,0,2
2026-07-27 10:08:28,Detection,0,2
2026-07-27 10:08:29,Detection,0,3
2026-07-27 10:08:30,Detection,0,2
2026-07-27 10:08:31,Detection,0,2
2026-07-27 10:08:33,Pose,0,2
2026-07-27 10:08:34,Pose,0,2
2026-07-27 10:08:35,Pose,0,2
2026-07-27 10:08:36,Pose,0,2
2026-07-27 10:08:37,Pose,0,2
2026-07-27 10:08:38,Pose,0,2
2026-07-27 10:08:39,Pose,0,2
2026-07-27 10:08:40,Pose,0,2
2026-07-27 10:08:41,Pose,0,2
2026-07-27 10:08:42,Pose,0,2
2026-07-27 10:08:43,Pose,0,2
2026-07-27 10:08:44,Pose,0,2
2026-07-27 10:08:45,Pose,0,2
2026-07-27 10:08:46,Pose,0,2
2026-07-27 10:08:47,Pose,0,2
2026-07-27 10:08:48,Pose,0,2
2026-07-27 10:08:49,Pose,0,2
2026-07-27 10:08:50,Pose,0,2
2026-07-27 10:08:52,Segmentation,0,2
2026-07-27 10:08:53,Segmentation,0,2
2026-07-27 10:08:54,Segmentation,0,2
2026-07-27 10:08:55,Segmentation,0,2
2026-07-27 10:08:56,Segmentation,0,2
2026-07-27 10:08:57,Segmentation,0,2
2026-07-27 10:08:58,Segmentation,0,2
2026-07-27 10:08:59,Segmentation,0,2
2026-07-27 10:09:00,Segmentation,0,2
2026-07-27 10:09:01,Segmentation,0,2
2026-07-27 10:09:02,Segmentation,0,2
2026-07-27 10:09:04,Segmentation,0,2
2026-07-27 10:09:05,Segmentation,0,2
2026-07-27 10:09:06,Segmentation,0,2
2026-07-27 10:09:07,Segmentation,0,2
2026-07-27 10:09:08,Segmentation,0,2
2026-07-27 10:09:09,Segmentation,0,2
2026-07-27 10:09:10,Segmentation,0,2
2026-07-27 10:09:11,Segmentation,0,2
2026-07-27 10:09:12,Segmentation,0,2
2026-07-27 10:09:13,Segmentation,0,2
2026-07-27 10:09:15,Segmentation,0,2
2026-07-27 10:09:16,Segmentation,0,2
2026-07-27 10:09:17,Segmentation,0,2
2026-07-27 10:09:18,Segmentation,0,2
2026-07-27 10:09:19,Segmentation,0,2
2026-07-27 10:09:20,Segmentation,0,2
2026-07-27 10:09:21,Segmentation,0,2
2026-07-27 10:09:22,Segmentation,0,2
2026-07-27 10:09:23,Segmentation,0,2
2026-07-27 10:09:24,Segmentation,0,2
2026-07-27 10:09:26,Segmentation,0,2
2026-07-27 10:09:27,Segmentation,0,2
2026-07-27 10:09:28,Segmentation,0,2
2026-07-27 10:09:29,Segmentation,0,2
2026-07-27 10:09:30,Segmentation,0,2
2026-07-27 10:09:31,Segmentation,0,2
2026-07-27 10:09:32,Segmentation,0,2
2026-07-27 10:09:33,Segmentation,0,2
2026-07-27 10:09:35,Segmentation,0,2
2026-07-27 10:09:36,Segmentation,0,2
2026-07-27 10:09:37,Segmentation,0,2
2026-07-27 10:09:38,Segmentation,0,2
2026-07-27 10:09:39,Segmentation,0,2
2026-07-27 10:09:40,Segmentation,0,2
2026-07-27 10:09:41,Pose,0,2
2026-07-27 10:09:42,Pose,0,2
2026-07-27 10:09:44,Pose,0,2
2026-07-27 10:09:45,Pose,0,2
2026-07-27 10:09:46,Pose,0,2
2026-07-27 10:09:47,Pose,0,2
2026-07-27 10:09:48,Pose,0,2
2026-07-27 10:09:49,Pose,0,2
2026-07-27 10:09:50,Pose,0,2
2026-07-27 10:09:51,Pose,0,2
2026-07-27 10:09:52,Pose,0,2
2026-07-27 10:09:53,Pose,0,2
2026-07-27 10:09:54,Pose,0,2
2026-07-27 10:09:55,Pose,0,2
2026-07-27 10:09:56,Pose,0,2
2026-07-27 10:09:57,Pose,0,2
2026-07-27 10:09:58,Pose,0,2
2026-07-27 10:09:59,Pose,0,2
2026-07-27 10:10:00,Pose,0,2
2026-07-27 10:10:02,Pose,0,2
2026-07-27 10:10:03,Pose,0,2
2026-07-27 10:10:04,Pose,0,2
2026-07-27 10:10:05,Pose,0,2
2026-07-27 10:10:06,Pose,0,2
2026-07-27 10:10:07,Pose,0,2
2026-07-27 10:10:08,Pose,0,2
2026-07-27 10:10:09,Pose,0,2
2026-07-27 10:10:10,Pose,0,2
2026-07-27 10:10:11,Pose,0,2
2026-07-27 10:10:12,Pose,0,2
2026-07-27 10:10:13,Pose,0,2
2026-07-27 10:10:14,Pose,0,2
2026-07-27 10:10:15,Pose,0,2
2026-07-27 10:10:16,Pose,0,2
2026-07-27 10:10:17,Pose,0,2
2026-07-27 10:10:19,Pose,0,2
2026-07-27 10:10:20,Pose,0,2
2026-07-27 10:10:21,Pose,0,2
2026-07-27 10:10:22,Pose,0,2
2026-07-27 10:10:23,Pose,0,2
2026-07-27 10:10:24,Pose,0,2
2026-07-27 10:10:25,Pose,0,2
2026-07-27 10:10:26,Pose,0,2
2026-07-27 10:10:27,Pose,0,2
2026-07-27 10:10:28,Pose,0,2
2026-07-27 10:10:29,Pose,0,2
2026-07-27 10:10:30,Pose,0,2
2026-07-27 10:10:31,Pose,0,2
2026-07-27 10:10:32,Pose,0,2
2026-07-27 10:10:33,Pose,0,2
2026-07-27 10:10:34,Pose,0,2
2026-07-27 10:10:35,Pose,0,2
2026-07-27 10:10:36,Pose,0,2
2026-07-27 10:10:38,Pose,0,2
2026-07-27 10:10:39,Pose,0,2
2026-07-27 10:10:40,Pose,0,2
2026-07-27 10:10:41,Pose,0,2
2026-07-27 10:10:42,Pose,0,2
2026-07-27 10:10:43,Pose,0,2
2026-07-27 10:10:44,Segmentation,0,2
2026-07-27 10:10:45,Segmentation,0,2
2026-07-27 10:10:46,Segmentation,0,2
2026-07-27 10:10:47,Segmentation,0,2
2026-07-27 10:10:48,Segmentation,0,2
2026-07-27 10:10:49,Segmentation,0,2
2026-07-27 10:10:50,Segmentation,0,2
2026-07-27 10:10:51,Segmentation,0,2
2026-07-27 10:10:52,Segmentation,0,2
2026-07-27 10:10:53,Segmentation,0,2
2026-07-27 10:10:54,Segmentation,0,2
2026-07-27 10:10:56,Segmentation,0,2
2026-07-27 10:10:57,Segmentation,0,2
2026-07-27 10:10:58,Segmentation,0,2
2026-07-27 10:10:59,Segmentation,0,2
2026-07-27 10:11:00,Segmentation,0,2
2026-07-27 10:11:01,Segmentation,0,2
2026-07-27 10:11:02,Segmentation,0,2
2026-07-27 10:11:03,Segmentation,0,2
2026-07-27 10:11:04,Segmentation,0,2
2026-07-27 10:11:05,Segmentation,0,2
2026-07-27 10:11:06,Segmentation,0,2
2026-07-27 10:11:08,Segmentation,0,2
2026-07-27 10:11:09,Segmentation,0,2
2026-07-27 10:11:10,Segmentation,0,2
2026-07-27 10:11:11,Segmentation,0,2
2026-07-27 10:11:12,Segmentation,0,2
2026-07-27 10:11:13,Segmentation,0,2
2026-07-27 10:11:14,Segmentation,0,2
2026-07-27 10:11:15,Segmentation,0,2
2026-07-27 10:11:16,Detection,0,1
2026-07-27 10:11:18,Detection,0,1
2026-07-27 10:11:19,Tactical HUD,0,3
2026-07-27 10:11:20,Tactical HUD,0,3
2026-07-27 10:11:21,Tactical HUD,0,1
2026-07-27 10:11:22,Tactical HUD,0,2
2026-07-27 10:11:23,Tactical HUD,0,2
2026-07-27 10:11:24,Tactical HUD,0,1
2026-07-27 10:11:25,Tactical HUD,0,2
2026-07-27 10:11:26,Tactical HUD,0,2
2026-07-27 10:11:27,Tactical HUD,0,2
2026-07-27 10:11:28,Tactical HUD,0,0
2026-07-27 10:11:29,Tactical HUD,0,0
2026-07-27 10:11:30,Tactical HUD,0,0
2026-07-27 10:11:32,Tactical HUD,0,0
2026-07-27 10:11:33,Tactical HUD,0,0
2026-07-27 10:11:34,Tactical HUD,0,0
2026-07-27 10:11:35,Tactical HUD,0,0
2026-07-27 10:11:36,Tactical HUD,0,1
2026-07-27 10:11:37,Tactical HUD,0,1
2026-07-27 10:11:38,Tactical HUD,0,1
2026-07-27 10:11:39,Tactical HUD,0,3
2026-07-27 10:11:40,Tactical HUD,0,2
2026-07-27 10:11:41,Tactical HUD,0,2
2026-07-27 10:11:43,Tactical HUD,0,1
2026-07-27 10:11:44,Tactical HUD,0,1
2026-07-27 10:11:45,Tactical HUD,0,2
2026-07-27 10:11:46,Tactical HUD,0,3
2026-07-27 10:11:47,Tactical HUD,0,3
2026-07-27 10:11:48,Tactical HUD,0,4
2026-07-27 10:11:49,Tactical HUD,0,1
2026-07-27 10:11:50,Tactical HUD,0,2
2026-07-27 10:11:51,Tactical HUD,0,2
2026-07-27 10:11:52,Tactical HUD,0,2
2026-07-27 10:11:53,Tactical HUD,0,3
2026-07-27 10:11:55,Tactical HUD,0,3
2026-07-27 10:11:56,Tactical HUD,0,2
2026-07-27 10:11:57,Tactical HUD,0,2
2026-07-27 10:11:58,Tactical HUD,0,3
2026-07-27 10:11:59,Tactical HUD,0,2
2026-07-27 10:12:00,Tactical HUD,0,2
2026-07-27 10:12:01,Tactical HUD,0,2
2026-07-27 10:12:02,Tactical HUD,0,2
2026-07-27 10:12:03,Tactical HUD,0,2
2026-07-27 10:12:05,Tactical HUD,0,3
2026-07-27 10:12:06,Tactical HUD,0,2
2026-07-27 10:12:07,Tactical HUD,0,3
2026-07-27 10:12:08,Tactical HUD,0,5
2026-07-27 10:12:09,Tactical HUD,0,2
2026-07-27 10:12:10,Tactical HUD,0,3
2026-07-27 10:12:11,Tactical HUD,0,1
2026-07-27 10:12:12,Tactical HUD,0,2
2026-07-27 10:12:13,Tactical HUD,0,1
2026-07-27 10:12:14,Tactical HUD,0,1
2026-07-27 10:12:16,Tactical HUD,0,1
2026-07-27 10:12:17,Detection,0,1
2026-07-27 10:12:18,Detection,0,1
2026-07-27 10:12:19,Detection,0,2
2026-07-27 10:12:20,Detection,0,2
2026-07-27 10:12:21,Tracking,0,1
2026-07-27 10:12:22,Tracking,0,1
2026-07-27 10:12:23,Tracking,0,1
2026-07-27 10:12:24,Detection,0,1
2026-07-27 10:12:25,Detection,0,2
2026-07-27 10:12:26,Detection,0,2
2026-07-27 10:12:27,Pose,0,1
2026-07-27 10:12:28,Pose,0,1
2026-07-27 10:12:29,Pose,0,1
2026-07-27 10:12:30,Pose,0,1
2026-07-27 10:12:31,Pose,0,1
2026-07-27 10:12:32,Pose,0,1
2026-07-27 10:12:33,Pose,0,1
2026-07-27 10:12:34,Pose,0,1
2026-07-27 10:12:35,Pose,0,1
2026-07-27 10:12:36,Pose,0,1
2026-07-27 10:12:37,Pose,0,1
2026-07-27 10:12:38,Pose,0,1
2026-07-27 10:12:39,Pose,0,1
2026-07-27 10:12:41,Pose,0,1
2026-07-27 10:12:42,Pose,0,1
2026-07-27 10:12:43,Pose,0,1
2026-07-27 10:12:44,Pose,0,1
2026-07-27 10:12:45,Pose,0,1
2026-07-27 10:12:46,Pose,0,1
2026-07-27 10:12:47,Pose,0,1
2026-07-27 10:12:48,Pose,0,1
2026-07-27 10:12:49,Pose,0,1
2026-07-27 10:12:50,Pose,0,1
2026-07-27 10:12:51,Pose,0,1
2026-07-27 10:12:52,Pose,0,1
2026-07-27 10:12:53,Pose,0,1
2026-07-27 10:12:54,Pose,0,1
2026-07-27 10:12:55,Pose,0,1
2026-07-27 10:12:56,Pose,0,1
2026-07-27 10:12:57,Pose,0,1
2026-07-27 10:12:59,Pose,0,1
2026-07-27 10:13:00,Pose,0,1
2026-07-27 10:13:01,Pose,0,1
2026-07-27 10:13:02,Pose,0,1
2026-07-27 10:13:03,Pose,0,1
2026-07-27 10:13:04,Pose,0,1
2026-07-27 10:13:05,Pose,0,1
2026-07-27 10:13:06,Pose,0,1
2026-07-27 10:13:07,Pose,0,1
2026-07-27 10:13:08,Pose,0,1
2026-07-27 10:13:09,Pose,0,1
2026-07-27 10:13:10,Pose,0,1
2026-07-27 10:13:11,Pose,0,1
2026-07-27 10:13:12,Pose,0,1
2026-07-27 10:13:13,Pose,0,1
2026-07-27 10:13:14,Pose,0,1
2026-07-27 10:13:15,Pose,0,1
2026-07-27 10:13:16,Pose,0,1
2026-07-27 10:13:17,Pose,0,1
2026-07-27 10:13:18,Pose,0,1
2026-07-27 10:13:20,Pose,0,1
2026-07-27 10:13:21,Pose,0,1
2026-07-27 10:13:22,Pose,0,1
2026-07-27 10:13:23,Pose,0,1
2026-07-27 10:13:24,Pose,0,1
2026-07-27 10:13:25,Pose,0,1
2026-07-27 10:13:26,Pose,0,1
2026-07-27 10:13:27,Pose,0,1
2026-07-27 10:13:28,Pose,0,1
2026-07-27 10:13:29,Pose,0,1
2026-07-27 10:13:30,Pose,0,1
2026-07-27 10:13:31,Pose,0,1
2026-07-27 10:13:32,Pose,0,1
2026-07-27 10:13:33,Pose,0,1
2026-07-27 10:13:34,Pose,0,1
2026-07-27 10:13:35,Pose,0,1
2026-07-27 10:13:36,Pose,0,1
2026-07-27 10:13:38,Pose,0,1
2026-07-27 10:13:39,Pose,0,1
2026-07-27 10:13:40,Pose,0,1
2026-07-27 10:13:41,Pose,0,1
2026-07-27 10:13:42,Pose,0,1
2026-07-27 10:13:43,Pose,0,1
2026-07-27 10:13:44,Detection,0,2
2026-07-27 10:13:45,Detection,0,2
2026-07-27 10:13:46,Detection,0,3
2026-07-27 10:13:47,Detection,0,3
2026-07-27 10:13:48,Detection,0,3
2026-07-27 10:13:49,Detection,0,3
2026-07-27 10:13:50,Detection,0,2
2026-07-27 10:13:51,Detection,0,3
2026-07-27 10:13:52,Segmentation,0,3
2026-07-27 10:13:53,Segmentation,0,3
2026-07-27 10:13:55,Segmentation,0,3
2026-07-27 10:13:56,Segmentation,0,3
2026-07-27 10:13:57,Segmentation,0,3
2026-07-27 10:13:58,Segmentation,0,3
2026-07-27 10:13:59,Segmentation,0,3
2026-07-27 10:14:00,Segmentation,0,3
2026-07-27 10:14:01,Segmentation,0,3
2026-07-27 10:14:02,Tactical HUD,0,3
2026-07-27 10:14:04,Tactical HUD,0,2
2026-07-27 10:14:05,Tactical HUD,0,2
2026-07-27 10:14:06,Tactical HUD,0,2
2026-07-27 10:14:07,Tactical HUD,0,2
2026-07-27 10:14:08,Tactical HUD,0,2
2026-07-27 10:14:09,Tactical HUD,0,2
2026-07-27 10:14:10,Tactical HUD,0,2
2026-07-27 10:14:12,Tactical HUD,0,3
2026-07-27 10:14:13,Tactical HUD,0,2
2026-07-27 10:14:14,Tactical HUD,0,2
2026-07-27 10:14:15,Tactical HUD,0,3
2026-07-27 10:14:16,Tactical HUD,0,2
2026-07-27 10:14:17,Tactical HUD,0,2
2026-07-27 10:14:18,Tactical HUD,0,2
2026-07-27 10:14:19,Tactical HUD,0,2
2026-07-27 10:14:20,Tactical HUD,0,2
2026-07-27 10:14:21,Tactical HUD,0,3
2026-07-27 10:14:22,Tactical HUD,0,3
2026-07-27 10:14:24,Tactical HUD,0,2
2026-07-27 10:14:25,Tactical HUD,0,3
2026-07-27 10:14:26,Tactical HUD,0,0
2026-07-27 10:14:27,Tactical HUD,0,2
2026-07-27 10:14:28,Tactical HUD,0,2
2026-07-27 10:14:29,Tactical HUD,0,2
2026-07-27 10:14:30,Tactical HUD,0,2
2026-07-27 10:14:31,Tactical HUD,0,3
2026-07-27 10:14:32,Tactical HUD,0,4
2026-07-27 10:14:33,Tactical HUD,0,2
2026-07-27 10:14:35,Tactical HUD,0,4
2026-07-27 10:14:36,Tactical HUD,0,2
2026-07-27 10:14:37,Tactical HUD,0,2
2026-07-27 10:14:38,Tactical HUD,0,2
2026-07-27 10:14:39,Tactical HUD,0,1
2026-07-27 10:14:40,Tactical HUD,0,1
2026-07-27 10:14:41,Tactical HUD,0,1
2026-07-27 10:14:42,Tactical HUD,0,1
2026-07-27 10:14:43,Tactical HUD,0,1
2026-07-27 10:14:44,Tactical HUD,0,1
2026-07-27 10:14:45,Tactical HUD,0,1
2026-07-27 10:14:46,Tactical HUD,0,1
2026-07-27 10:14:47,Tactical HUD,0,1
2026-07-27 10:14:48,Tactical HUD,0,2
2026-07-27 10:14:49,Tactical HUD,0,2
2026-07-27 10:14:50,Tactical HUD,0,3
2026-07-27 10:14:52,Tactical HUD,0,2
2026-07-27 10:14:53,Tactical HUD,0,2
2026-07-27 10:14:54,Tactical HUD,0,2
2026-07-27 10:14:55,Tactical HUD,0,2
2026-07-27 10:14:56,Detection,0,2
2026-07-27 10:14:57,Detection,0,2
2026-07-27 10:14:58,Tracking,0,2
2026-07-27 10:14:59,Tracking,0,2
2026-07-27 10:15:00,Pose,0,2
2026-07-27 10:15:01,Pose,0,2
2026-07-27 10:15:02,Pose,0,2
2026-07-27 10:15:03,Pose,0,2
2026-07-27 10:15:04,Pose,0,2
2026-07-27 10:15:05,Pose,0,2
2026-07-27 10:15:06,Pose,0,2
2026-07-27 10:15:07,Pose,0,2
2026-07-27 10:15:08,Pose,0,2
2026-07-27 10:15:09,Pose,0,2
2026-07-27 10:15:10,Pose,0,2
2026-07-27 10:15:12,Pose,0,2
2026-07-27 10:15:13,Pose,0,2
2026-07-27 10:15:14,Pose,0,2
2026-07-27 10:15:15,Pose,0,2
2026-07-27 10:15:16,Pose,0,2
2026-07-27 10:15:17,Pose,0,2
2026-07-27 10:15:18,Pose,0,2
2026-07-27 10:15:19,Pose,0,2
2026-07-27 10:15:20,Pose,0,2
2026-07-27 10:15:21,Pose,0,2
2026-07-27 10:15:22,Detection,0,2
2026-07-27 10:15:23,Detection,0,2
2026-07-27 10:15:24,Detection,0,2
2026-07-27 10:15:25,Detection,0,2
2026-07-27 10:15:26,Segmentation,0,2
2026-07-27 10:15:28,Segmentation,0,2
2026-07-27 10:15:29,Segmentation,0,2
2026-07-27 10:15:30,Segmentation,0,2
2026-07-27 10:15:31,Segmentation,0,2
2026-07-27 10:15:32,Tactical HUD,0,2
2026-07-27 10:15:33,Tactical HUD,0,2
2026-07-27 10:15:34,Tactical HUD,0,2
2026-07-27 10:15:35,Tactical HUD,0,2
2026-07-27 10:15:36,Tactical HUD,0,2
2026-07-27 10:15:37,Tactical HUD,0,2
2026-07-27 10:15:38,Tactical HUD,0,2
2026-07-27 10:15:40,Tactical HUD,0,2
2026-07-27 10:15:41,Tactical HUD,0,1
2026-07-27 10:15:42,Tactical HUD,0,2
2026-07-27 10:15:43,Tactical HUD,0,2
2026-07-27 10:15:44,Tactical HUD,0,2
2026-07-27 10:15:45,Tactical HUD,0,2
2026-07-27 10:15:46,Tactical HUD,0,2
2026-07-27 10:15:47,Tactical HUD,0,2
2026-07-27 10:15:48,Tactical HUD,0,2
2026-07-27 10:15:50,Tactical HUD,0,3
2026-07-27 10:15:51,Tactical HUD,0,3
2026-07-27 10:15:52,Tactical HUD,0,3
2026-07-27 10:15:53,Tactical HUD,0,3
2026-07-27 10:15:54,Tactical HUD,0,3
2026-07-27 10:15:55,Tactical HUD,0,4
2026-07-27 10:15:56,Tactical HUD,0,3
2026-07-27 10:15:57,Tactical HUD,0,3
2026-07-27 10:15:58,Tactical HUD,0,2
2026-07-27 10:15:59,Tactical HUD,0,1
2026-07-27 10:16:01,Tactical HUD,0,1
2026-07-27 10:16:02,Tactical HUD,0,1
2026-07-27 10:16:03,Tactical HUD,0,2
2026-07-27 10:16:04,Tactical HUD,0,1
2026-07-27 10:16:05,Tactical HUD,0,1
2026-07-27 10:16:06,Tactical HUD,0,1
2026-07-27 10:16:07,Tactical HUD,0,1
2026-07-27 10:16:08,Tactical HUD,0,1
2026-07-27 10:16:09,Tactical HUD,0,1
2026-07-27 10:16:10,Tactical HUD,0,1
2026-07-27 10:16:12,Tactical HUD,0,1
2026-07-27 10:16:13,Tactical HUD,0,1
2026-07-27 10:16:14,Tactical HUD,0,1
2026-07-27 10:16:15,Tactical HUD,0,1
2026-07-27 10:16:16,Tactical HUD,0,1
2026-07-27 10:16:17,Tactical HUD,0,1
2026-07-27 10:16:18,Tactical HUD,0,1
2026-07-27 10:16:19,Tactical HUD,0,1
2026-07-27 10:16:20,Tactical HUD,0,1
2026-07-27 10:16:22,Tactical HUD,0,1
2026-07-27 10:16:23,Tactical HUD,0,1
2026-07-27 10:16:24,Tactical HUD,0,1
2026-07-27 10:16:25,Tactical HUD,0,1
2026-07-27 10:16:26,Tactical HUD,0,1
2026-07-27 10:16:27,Tactical HUD,0,1
2026-07-27 10:16:28,Tactical HUD,0,1
2026-07-27 10:16:30,Tactical HUD,0,1
2026-07-27 10:16:31,Tactical HUD,0,1
2026-07-27 10:16:32,Tactical HUD,0,1
2026-07-27 10:16:33,Tactical HUD,0,1
2026-07-27 10:16:34,Tactical HUD,0,1
2026-07-27 10:16:35,Tactical HUD,0,1
2026-07-27 10:16:36,Tactical HUD,0,1
2026-07-27 10:16:38,Tactical HUD,0,1
2026-07-27 10:16:39,Tactical HUD,0,1
2026-07-27 10:16:40,Tactical HUD,0,1
2026-07-27 10:16:41,Tactical HUD,0,1
2026-07-27 10:16:42,Tactical HUD,0,1
2026-07-27 10:16:43,Tactical HUD,0,1
2026-07-27 10:16:44,Tactical HUD,0,1
2026-07-27 10:16:45,Tactical HUD,0,1
2026-07-27 10:16:47,Tactical HUD,0,1
2026-07-27 10:16:48,Tactical HUD,0,1
2026-07-27 10:16:49,Tactical HUD,0,1
2026-07-27 10:16:50,Tactical HUD,0,1
2026-07-27 10:16:51,Tactical HUD,0,1
2026-07-27 10:16:52,Tactical HUD,0,1
2026-07-27 10:16:54,Tactical HUD,0,1
2026-07-27 10:16:55,Tactical HUD,0,1
2026-07-27 10:16:56,Tactical HUD,0,1
2026-07-27 10:16:57,Tactical HUD,0,2
2026-07-27 10:16:58,Tactical HUD,0,1
2026-07-27 10:16:59,Tactical HUD,0,2
2026-07-27 10:17:00,Tactical HUD,0,1
2026-07-27 10:17:01,Tactical HUD,0,1
2026-07-27 10:17:03,Tactical HUD,0,1
2026-07-27 10:17:04,Tactical HUD,0,1
2026-07-27 10:17:05,Tactical HUD,0,1
2026-07-27 10:17:06,Tactical HUD,0,1
2026-07-27 10:17:07,Tactical HUD,0,1
2026-07-27 10:17:08,Tactical HUD,0,2
2026-07-27 10:17:09,Tactical HUD,0,1
2026-07-27 10:17:10,Tactical HUD,0,1
2026-07-27 10:17:11,Tactical HUD,0,1
2026-07-27 10:17:12,Tactical HUD,0,1
2026-07-27 10:17:14,Tactical HUD,0,1
2026-07-27 10:17:15,Tactical HUD,0,1
2026-07-27 10:17:16,Tactical HUD,0,1
2026-07-27 10:17:17,Tactical HUD,0,1
2026-07-27 10:17:18,Tactical HUD,0,2
2026-07-27 10:17:20,Tactical HUD,0,1
2026-07-27 10:17:21,Tactical HUD,0,1
2026-07-27 10:17:22,Tactical HUD,0,1
2026-07-27 10:17:23,Tactical HUD,0,1
2026-07-27 10:17:24,Tactical HUD,0,1
2026-07-27 10:17:25,Tactical HUD,0,1
2026-07-27 10:17:26,Tactical HUD,0,1
2026-07-27 10:17:28,Tactical HUD,0,1
2026-07-27 10:17:29,Tactical HUD,0,1
2026-07-27 10:17:30,Tactical HUD,0,1
2026-07-27 10:17:31,Tactical HUD,0,1
2026-07-27 10:17:32,Tactical HUD,0,1
2026-07-27 10:17:34,Tactical HUD,0,1
2026-07-27 10:17:35,Tactical HUD,0,1
2026-07-27 10:17:36,Tactical HUD,0,1
2026-07-27 10:17:37,Tactical HUD,0,2
2026-07-27 10:17:38,Tactical HUD,0,2
2026-07-27 10:17:39,Tactical HUD,0,2
2026-07-27 10:17:40,Tactical HUD,0,1
2026-07-27 10:17:41,Tactical HUD,0,1
2026-07-27 10:17:42,Tactical HUD,0,1
2026-07-27 10:17:43,Tactical HUD,0,1
2026-07-27 10:17:45,Tactical HUD,0,1
2026-07-27 10:17:46,Tactical HUD,0,1
2026-07-27 10:17:47,Tactical HUD,0,1
2026-07-27 10:17:48,Tactical HUD,0,1
2026-07-27 10:17:49,Tactical HUD,0,1
2026-07-27 10:17:50,Tactical HUD,0,1
2026-07-27 10:17:51,Tactical HUD,0,1
2026-07-27 10:17:53,Tactical HUD,0,1
2026-07-27 10:17:54,Tactical HUD,0,1
2026-07-27 10:17:55,Tactical HUD,0,1
2026-07-27 10:17:56,Tactical HUD,0,1
2026-07-27 10:17:57,Tactical HUD,0,1
2026-07-27 10:17:58,Tactical HUD,0,2
2026-07-27 10:17:59,Tactical HUD,0,1
2026-07-27 10:18:00,Tactical HUD,0,1
2026-07-27 10:18:02,Tactical HUD,0,1
2026-07-27 10:18:03,Tactical HUD,0,1
2026-07-27 10:18:04,Tactical HUD,0,1
2026-07-27 10:18:05,Tactical HUD,0,1
2026-07-27 10:18:06,Tactical HUD,0,1
2026-07-27 10:18:07,Tactical HUD,0,1
2026-07-27 10:18:08,Tactical HUD,0,1
2026-07-27 10:18:09,Tactical HUD,0,1
2026-07-27 10:18:11,Tactical HUD,0,1
2026-07-27 10:18:12,Tactical HUD,0,1
2026-07-27 10:18:13,Tactical HUD,0,1
2026-07-27 10:18:14,Tactical HUD,0,1
2026-07-27 10:18:15,Tactical HUD,0,1
2026-07-27 10:18:16,Tactical HUD,0,1
2026-07-27 10:18:17,Tactical HUD,0,1
2026-07-27 10:18:18,Tactical HUD,0,1
2026-07-27 10:18:20,Tactical HUD,0,1
2026-07-27 10:18:21,Tactical HUD,0,1
2026-07-27 10:18:22,Tactical HUD,0,2
2026-07-27 10:18:23,Tactical HUD,0,1
2026-07-27 10:18:24,Tactical HUD,0,2
2026-07-27 10:18:25,Tactical HUD,0,2
2026-07-27 10:18:26,Tactical HUD,0,2
2026-07-27 10:18:27,Tactical HUD,0,3
2026-07-27 10:18:28,Tactical HUD,0,3
2026-07-27 10:18:30,Tactical HUD,0,3
2026-07-27 10:18:31,Tactical HUD,0,2
2026-07-27 10:18:32,Tactical HUD,0,2
2026-07-27 10:18:33,Tactical HUD,0,2
2026-07-27 10:18:34,Tactical HUD,0,2
2026-07-27 10:18:35,Tactical HUD,0,2
2026-07-27 10:18:36,Tactical HUD,0,2
2026-07-27 10:18:37,Tactical HUD,0,2
2026-07-27 10:18:38,Tactical HUD,0,2
2026-07-27 10:18:39,Tactical HUD,0,2
2026-07-27 10:18:40,Tactical HUD,0,2
2026-07-27 10:18:42,Tactical HUD,0,2
2026-07-27 10:18:43,Tactical HUD,0,3
2026-07-27 10:18:44,Tactical HUD,0,3
2026-07-27 10:18:45,Tactical HUD,0,3
2026-07-27 10:18:46,Tactical HUD,0,3
2026-07-27 10:18:47,Tactical HUD,0,2
2026-07-27 10:18:48,Tactical HUD,0,2
2026-07-27 10:18:49,Tactical HUD,0,2
2026-07-27 10:18:50,Tactical HUD,0,2
2026-07-27 10:18:51,Tactical HUD,0,2
2026-07-27 10:18:52,Tactical HUD,0,2
2026-07-27 10:18:54,Tactical HUD,0,2
2026-07-27 10:18:55,Tactical HUD,0,2
2026-07-27 10:18:56,Tactical HUD,0,2
2026-07-27 10:18:57,Tactical HUD,0,3
2026-07-27 10:18:58,Tactical HUD,0,3
2026-07-27 10:18:59,Tactical HUD,0,2
2026-07-27 10:19:00,Tactical HUD,0,2
2026-07-27 10:19:01,Tactical HUD,0,3
2026-07-27 10:19:02,Tactical HUD,0,3
2026-07-27 10:19:03,Tactical HUD,0,3
2026-07-27 10:19:04,Tactical HUD,0,2
2026-07-27 10:19:05,Tactical HUD,0,3
2026-07-27 10:19:07,Detection,0,2
2026-07-27 10:19:08,Detection,0,2
2026-07-27 10:19:09,Detection,0,3
2026-07-27 10:19:10,Detection,0,2
2026-07-27 10:19:11,Detection,0,2
2026-07-27 10:19:12,Detection,0,2
2026-07-27 10:19:13,Detection,0,2
2026-07-27 10:19:14,Detection,0,2
2026-07-27 10:19:15,Detection,0,2
2026-07-27 10:19:16,Detection,0,2
2026-07-27 10:19:17,Detection,0,2
2026-07-27 10:19:18,Detection,0,2
2026-07-27 10:19:20,Detection,0,2
2026-07-27 10:19:21,Detection,0,2
2026-07-27 10:19:22,Tracking,0,2
2026-07-27 10:19:23,Tracking,0,2
2026-07-27 10:19:24,Tracking,0,2
2026-07-27 10:19:25,Tracking,0,2
2026-07-27 10:19:26,Tracking,0,2
2026-07-27 10:19:27,Tracking,0,2
2026-07-27 10:19:28,Pose,0,2
2026-07-27 10:19:29,Pose,0,2
2026-07-27 10:19:30,Pose,0,2
2026-07-27 10:19:31,Pose,0,2
2026-07-27 10:19:32,Pose,0,2
2026-07-27 10:19:33,Segmentation,0,2
2026-07-27 10:19:35,Segmentation,0,2
2026-07-27 10:19:36,Segmentation,0,2
2026-07-27 10:19:37,Segmentation,0,2
2026-07-27 10:19:38,Segmentation,0,2
2026-07-27 10:19:39,Segmentation,0,2
2026-07-27 10:19:40,Segmentation,0,2
2026-07-27 10:19:41,Segmentation,0,2
2026-07-27 10:19:42,Segmentation,0,2
2026-07-27 10:19:43,Segmentation,0,2
2026-07-27 10:19:45,Segmentation,0,2
2026-07-27 10:19:46,Segmentation,0,2
2026-07-27 10:19:47,Segmentation,0,2
2026-07-27 10:19:48,Segmentation,0,2
2026-07-27 10:19:49,Pose,0,2
2026-07-27 10:19:50,Pose,0,2
2026-07-27 10:19:51,Pose,0,2
2026-07-27 10:19:52,Pose,0,2
2026-07-27 10:19:53,Pose,0,2
2026-07-27 10:19:54,Pose,0,2
2026-07-27 10:19:55,Pose,0,2
2026-07-27 10:19:57,Tracking,0,2
2026-07-27 10:19:58,Tracking,0,2
2026-07-27 10:19:59,Tracking,0,2
2026-07-27 10:20:00,Detection,0,2
2026-07-27 10:20:01,Detection,0,2
2026-07-27 10:20:02,Detection,0,2
2026-07-27 10:20:03,Detection,0,2
2026-07-27 10:20:04,Detection,0,2
2026-07-27 10:20:05,Detection,0,2
2026-07-27 10:20:06,Detection,0,2
2026-07-27 10:20:07,Detection,0,2
2026-07-27 10:20:08,Detection,0,2
2026-07-27 10:20:09,Tactical HUD,0,2
2026-07-27 10:20:10,Tactical HUD,0,2
2026-07-27 10:20:11,Tactical HUD,0,2
2026-07-27 10:20:12,Tactical HUD,0,2
2026-07-27 10:20:14,Tactical HUD,0,2
2026-07-27 10:20:15,Tactical HUD,0,2
2026-07-27 10:20:16,Tactical HUD,0,3
2026-07-27 10:20:17,Tactical HUD,0,2
2026-07-27 10:20:18,Tactical HUD,0,3
2026-07-27 10:20:19,Tactical HUD,0,3
2026-07-27 10:20:20,Tactical HUD,0,2
2026-07-27 10:20:21,Tactical HUD,0,3
2026-07-27 10:20:23,Tactical HUD,0,2
2026-07-27 10:20:24,Tactical HUD,0,2
2026-07-27 10:20:25,Tactical HUD,0,2
2026-07-27 10:20:26,Tactical HUD,0,2
2026-07-27 10:20:27,Tactical HUD,0,2
2026-07-27 10:20:28,Tactical HUD,0,1
2026-07-27 10:20:29,Tactical HUD,0,1
2026-07-27 10:20:30,Tactical HUD,0,1
2026-07-27 10:20:31,Tactical HUD,0,1
2026-07-27 10:20:33,Tactical HUD,0,1
2026-07-27 10:20:34,Tactical HUD,0,1
2026-07-27 10:20:35,Tactical HUD,0,2
2026-07-27 10:20:36,Tactical HUD,0,2
2026-07-27 10:20:37,Detection,0,2
2026-07-27 10:20:38,Detection,0,2
2026-07-27 10:20:39,Detection,0,2
2026-07-27 10:20:40,Tracking,0,2
2026-07-27 10:20:41,Tracking,0,2
2026-07-27 10:20:43,Pose,0,2
2026-07-27 10:20:44,Pose,0,2
2026-07-27 10:20:45,Pose,0,2
2026-07-27 10:20:46,Pose,0,2
2026-07-27 10:20:47,Pose,0,2
2026-07-27 10:20:48,Pose,0,2
2026-07-27 10:20:49,Pose,0,2
2026-07-27 10:20:50,Pose,0,2
2026-07-27 10:20:51,Pose,0,2
2026-07-27 10:20:53,Pose,0,2
2026-07-27 10:20:54,Pose,0,2
2026-07-27 10:20:55,Pose,0,2
2026-07-27 10:20:56,Pose,0,2
2026-07-27 10:20:57,Pose,0,2
2026-07-27 10:20:58,Pose,0,2
2026-07-27 10:20:59,Pose,0,2
2026-07-27 10:21:00,Pose,0,2
2026-07-27 10:21:01,Pose,0,2
2026-07-27 10:21:02,Pose,0,2
2026-07-27 10:21:03,Pose,0,2
2026-07-27 10:21:04,Pose,0,2
2026-07-27 10:21:06,Pose,0,2
2026-07-27 10:21:07,Pose,0,2
2026-07-27 10:21:08,Pose,0,2
2026-07-27 10:21:09,Pose,0,2
2026-07-27 10:21:10,Pose,0,2
2026-07-27 10:21:11,Pose,0,2
2026-07-27 10:21:12,Pose,0,2
2026-07-27 10:21:13,Pose,0,2
2026-07-27 10:21:14,Pose,0,2
2026-07-27 10:21:15,Pose,0,2
2026-07-27 10:21:16,Pose,0,2
2026-07-27 10:21:17,Pose,0,2
2026-07-27 10:21:19,Pose,0,2
2026-07-27 10:21:20,Pose,0,2
2026-07-27 10:21:21,Pose,0,2
2026-07-27 10:21:22,Pose,0,2
2026-07-27 10:21:23,Pose,0,2
2026-07-27 10:21:24,Pose,0,2
2026-07-27 10:21:25,Pose,0,2
2026-07-27 10:21:26,Pose,0,2
2026-07-27 10:21:27,Pose,0,2
2026-07-27 10:21:28,Pose,0,2
2026-07-27 10:21:29,Pose,0,2
2026-07-27 10:21:30,Pose,0,2
2026-07-27 10:21:31,Pose,0,2
2026-07-27 10:21:32,Pose,0,2
2026-07-27 10:21:34,Pose,0,2
2026-07-27 10:21:35,Pose,0,2
2026-07-27 10:21:36,Pose,0,2
2026-07-27 10:21:37,Pose,0,2
2026-07-27 10:21:38,Pose,0,2
2026-07-27 10:21:39,Pose,0,2
2026-07-27 10:21:40,Pose,0,2
2026-07-27 10:21:41,Pose,0,2
2026-07-27 10:21:42,Pose,0,2
2026-07-27 10:21:44,Pose,0,2
2026-07-27 10:21:45,Pose,0,2
2026-07-27 10:21:46,Pose,0,2
2026-07-27 10:21:47,Pose,0,2
2026-07-27 10:21:48,Pose,0,2
2026-07-27 10:21:49,Pose,0,2
2026-07-27 10:21:50,Pose,0,2
2026-07-27 10:21:51,Pose,0,2
2026-07-27 10:21:52,Pose,0,2
2026-07-27 10:21:54,Detection,0,1
2026-07-27 10:21:55,Detection,0,1
2026-07-27 10:21:56,Detection,0,1
2026-07-27 10:21:57,Detection,0,1
2026-07-27 10:21:58,Detection,0,1
2026-07-27 10:21:59,Detection,0,1
2026-07-27 10:22:00,Detection,0,1
2026-07-27 10:22:01,Detection,0,1
2026-07-27 10:22:02,Detection,0,1
2026-07-27 10:22:03,Detection,0,1
2026-07-27 10:22:04,Segmentation,0,1
2026-07-27 10:22:05,Segmentation,0,1
2026-07-27 10:22:06,Segmentation,0,1
2026-07-27 10:22:08,Segmentation,0,1
2026-07-27 10:22:09,Segmentation,0,1
2026-07-27 10:22:10,Segmentation,0,1
2026-07-27 10:22:11,Segmentation,0,1
2026-07-27 10:22:12,Segmentation,0,1
2026-07-27 10:22:13,Segmentation,0,1
2026-07-27 10:22:14,Segmentation,0,1
2026-07-27 10:22:15,Segmentation,0,1
2026-07-27 10:22:16,Segmentation,0,1
2026-07-27 10:22:17,Segmentation,0,1
2026-07-27 10:22:18,Segmentation,0,1
2026-07-27 10:22:19,Segmentation,0,1
2026-07-27 10:22:21,Segmentation,0,1
2026-07-27 10:22:22,Segmentation,0,1
2026-07-27 10:22:23,Segmentation,0,1
2026-07-27 10:22:24,Segmentation,0,1
2026-07-27 10:22:25,Segmentation,0,1
2026-07-27 10:22:26,Segmentation,0,1
2026-07-27 10:22:27,Segmentation,0,1
2026-07-27 10:22:28,Segmentation,0,1
2026-07-27 10:22:29,Segmentation,0,1
2026-07-27 10:22:30,Segmentation,0,1
2026-07-27 10:22:31,Segmentation,0,1
2026-07-27 10:22:32,Segmentation,0,1
2026-07-27 10:22:34,Segmentation,0,1
2026-07-27 10:22:35,Segmentation,0,1
2026-07-27 10:22:36,Segmentation,0,1
2026-07-27 10:22:37,Segmentation,0,1
2026-07-27 10:22:38,Segmentation,0,1
2026-07-27 10:22:39,Segmentation,0,1
2026-07-27 10:22:40,Segmentation,0,1
2026-07-27 10:22:41,Detection,0,4
2026-07-27 10:22:42,Detection,0,4
2026-07-27 10:22:43,Detection,0,5
2026-07-27 10:22:44,Detection,0,5
2026-07-27 10:22:46,Detection,0,5
2026-07-27 10:22:47,Detection,0,4
2026-07-27 10:22:48,Detection,0,3
2026-07-27 10:22:49,Detection,0,4
2026-07-27 10:22:50,Detection,0,2
2026-07-27 10:22:51,Detection,0,2
2026-07-27 10:22:52,Detection,0,3
2026-07-27 10:22:53,Detection,0,4
2026-07-27 10:22:54,Detection,0,5
2026-07-27 10:22:55,Detection,0,4
2026-07-27 10:22:56,Detection,0,4
2026-07-27 10:22:57,Detection,0,2
2026-07-27 10:22:58,Detection,0,4
2026-07-27 10:22:59,Detection,0,3
2026-07-27 10:23:00,Detection,0,2
2026-07-27 10:23:01,Detection,0,4
2026-07-27 10:23:02,Detection,0,4
2026-07-27 10:23:03,Detection,0,4
2026-07-27 10:23:05,Detection,0,4
2026-07-27 10:23:06,Detection,0,4
2026-07-27 10:23:07,Detection,0,4
2026-07-27 10:23:08,Detection,0,5
2026-07-27 10:23:09,Detection,0,4
2026-07-27 10:23:10,Detection,0,3
2026-07-27 10:23:11,Detection,0,3
2026-07-27 10:23:12,Detection,0,4
2026-07-27 10:23:13,Detection,0,4
2026-07-27 10:23:14,Detection,0,4
2026-07-27 10:23:15,Detection,0,4
2026-07-27 10:23:16,Detection,0,4
2026-07-27 10:23:17,Detection,0,2
2026-07-27 10:23:18,Detection,0,2
2026-07-27 10:23:19,Detection,0,2
2026-07-27 10:23:21,Detection,0,5
2026-07-27 10:23:22,Detection,0,4
2026-07-27 10:23:23,Detection,0,4
2026-07-27 10:23:24,Detection,0,2
2026-07-27 10:23:25,Detection,0,1
2026-07-27 10:23:26,Detection,0,4
2026-07-27 10:23:27,Detection,0,2
2026-07-27 10:23:28,Detection,0,3
2026-07-27 10:23:29,Detection,0,3
2026-07-27 10:23:30,Detection,0,4
2026-07-27 10:23:31,Detection,0,4
2026-07-27 10:23:32,Detection,0,3
2026-07-27 10:23:33,Detection,0,4
2026-07-27 10:23:34,Detection,0,4
2026-07-27 10:23:35,Detection,0,5
2026-07-27 10:23:37,Detection,0,2
2026-07-27 10:23:38,Detection,0,2
2026-07-27 10:23:39,Detection,0,4
2026-07-27 10:23:40,Detection,0,3
2026-07-27 10:23:41,Detection,0,4
2026-07-27 10:23:42,Detection,0,1
2026-07-27 10:23:43,Detection,0,1
2026-07-27 10:23:44,Detection,0,2
2026-07-27 10:23:45,Detection,0,1
2026-07-27 10:23:46,Detection,0,1
2026-07-27 10:23:47,Detection,0,3
2026-07-27 10:23:48,Detection,0,1
2026-07-27 10:23:49,Detection,0,1
2026-07-27 10:23:50,Detection,0,4
2026-07-27 10:23:52,Segmentation,0,3
2026-07-27 10:23:53,Segmentation,0,3
2026-07-27 10:23:54,Segmentation,0,3
2026-07-27 10:23:55,Segmentation,0,3
2026-07-27 10:23:56,Segmentation,0,3
2026-07-27 10:23:57,Segmentation,0,3
2026-07-27 10:23:58,Segmentation,0,3
2026-07-27 10:23:59,Segmentation,0,3
2026-07-27 10:24:00,Pose,0,3
2026-07-27 10:24:01,Pose,0,3
2026-07-27 10:24:02,Pose,0,3
2026-07-27 10:24:04,Pose,0,3
2026-07-27 10:24:05,Pose,0,3
2026-07-27 10:24:06,Pose,0,3
2026-07-27 10:24:07,Pose,0,3
2026-07-27 10:24:08,Pose,0,3
2026-07-27 10:24:09,Pose,0,3
2026-07-27 10:24:10,Pose,0,3
2026-07-27 10:24:11,Pose,0,3
2026-07-27 10:24:12,Pose,0,3
2026-07-27 10:24:13,Pose,0,3
2026-07-27 10:24:14,Pose,0,3
2026-07-27 10:24:15,Pose,0,3
2026-07-27 10:24:16,Pose,0,3
2026-07-27 10:24:17,Pose,0,3
2026-07-27 10:24:18,Pose,0,3
2026-07-27 10:24:20,Pose,0,3
2026-07-27 10:24:21,Pose,0,3
2026-07-27 10:24:22,Pose,0,3
2026-07-27 10:24:23,Pose,0,3
2026-07-27 10:24:24,Pose,0,3
2026-07-27 10:24:25,Pose,0,3
2026-07-27 10:24:26,Pose,0,3
2026-07-27 10:24:27,Pose,0,3
2026-07-27 10:24:28,Pose,0,3
2026-07-27 10:24:29,Pose,0,3
2026-07-27 10:24:30,Pose,0,3
2026-07-27 10:24:31,Pose,0,3
2026-07-27 10:24:32,Pose,0,3
2026-07-27 10:24:33,Pose,0,3
2026-07-27 10:24:34,Pose,0,3
2026-07-27 10:24:35,Pose,0,3
2026-07-27 10:24:36,Pose,0,3
2026-07-27 10:24:38,Pose,0,3
2026-07-27 10:24:39,Pose,0,3
2026-07-27 10:24:40,Pose,0,3
2026-07-27 10:24:41,Pose,0,3
2026-07-27 10:24:42,Pose,0,3
2026-07-27 10:24:43,Pose,0,3
2026-07-27 10:24:44,Pose,0,3
2026-07-27 10:24:45,Pose,0,3
2026-07-27 10:24:46,Pose,0,3
2026-07-27 10:24:47,Pose,0,3
2026-07-27 10:24:49,Pose,0,3
2026-07-27 10:24:50,Pose,0,3
2026-07-27 10:24:51,Pose,0,3
2026-07-27 10:24:52,Pose,0,3
2026-07-27 10:24:53,Pose,0,3
2026-07-27 10:24:54,Pose,0,3
2026-07-27 10:24:55,Pose,0,3
2026-07-27 10:24:56,Pose,0,3
2026-07-27 10:24:57,Pose,0,3
2026-07-27 10:24:58,Pose,0,3
2026-07-27 10:24:59,Pose,0,3
2026-07-27 10:25:00,Pose,0,3
2026-07-27 10:25:02,Pose,0,3
2026-07-27 10:25:03,Pose,0,3
2026-07-27 10:25:04,Pose,0,3
2026-07-27 10:25:05,Pose,0,3
2026-07-27 10:25:06,Pose,0,3
2026-07-27 10:25:07,Pose,0,3
2026-07-27 10:25:08,Tactical HUD,0,1
2026-07-27 10:25:09,Tactical HUD,0,2
2026-07-27 10:25:10,Tactical HUD,0,3
2026-07-27 10:25:11,Tactical HUD,0,3
2026-07-27 10:25:12,Tactical HUD,0,1
2026-07-27 10:25:14,Tactical HUD,0,1
2026-07-27 10:25:15,Tactical HUD,0,2
2026-07-27 10:25:16,Tactical HUD,0,2
2026-07-27 10:25:17,Tactical HUD,0,2
2026-07-27 10:25:18,Tactical HUD,0,2
2026-07-27 10:25:19,Tactical HUD,0,2
2026-07-27 10:25:20,Tactical HUD,0,2
2026-07-27 10:25:21,Tactical HUD,0,2
2026-07-27 10:25:22,Tactical HUD,0,2
2026-07-27 10:25:23,Tactical HUD,0,1
2026-07-27 10:25:24,Tactical HUD,0,3
2026-07-27 10:25:25,Tactical HUD,0,1
2026-07-27 10:25:27,Tactical HUD,0,2
2026-07-27 10:25:28,Tactical HUD,0,2
2026-07-27 10:25:29,Tactical HUD,0,2
2026-07-27 10:25:30,Tactical HUD,0,3
2026-07-27 10:25:31,Tactical HUD,0,3
2026-07-27 10:25:32,Tactical HUD,0,2
2026-07-27 10:25:33,Tactical HUD,0,2
2026-07-27 10:25:35,Tactical HUD,0,2
2026-07-27 10:25:36,Tactical HUD,0,2
2026-07-27 10:25:37,Tactical HUD,0,2
2026-07-27 10:25:38,Tactical HUD,0,2
2026-07-27 10:25:39,Tactical HUD,0,2
2026-07-27 10:25:40,Tactical HUD,0,2
2026-07-27 10:25:41,Tactical HUD,0,2
2026-07-27 10:25:42,Tactical HUD,0,2
2026-07-27 10:25:43,Tactical HUD,0,3
2026-07-27 10:25:44,Tactical HUD,0,2
2026-07-27 10:25:46,Tactical HUD,0,1
2026-07-27 10:25:47,Tactical HUD,0,2
2026-07-27 10:25:48,Tactical HUD,0,2
2026-07-27 10:25:49,Tactical HUD,0,2
2026-07-27 10:25:50,Tactical HUD,0,3
2026-07-27 10:25:51,Tactical HUD,0,2
2026-07-27 10:25:52,Tactical HUD,0,2
2026-07-27 10:25:54,Tactical HUD,0,2
2026-07-27 10:25:55,Tactical HUD,0,2
2026-07-27 10:25:56,Tactical HUD,0,2
2026-07-27 10:25:57,Tactical HUD,0,2
2026-07-27 10:25:58,Tactical HUD,0,2
2026-07-27 10:25:59,Pose,0,2
2026-07-27 10:26:00,Detection,0,2
2026-07-27 10:26:01,Detection,0,2
2026-07-27 10:26:02,Tracking,0,3
2026-07-27 10:26:03,Tracking,0,2
2026-07-27 10:26:04,Detection,0,2
2026-07-27 10:26:05,Detection,0,2
2026-07-27 10:26:07,Pose,0,3
2026-07-27 10:26:08,Pose,0,3
2026-07-27 10:26:09,Pose,0,3
2026-07-27 10:26:10,Segmentation,0,3
2026-07-27 10:26:11,Segmentation,0,3
2026-07-27 10:26:12,Segmentation,0,3
2026-07-27 10:26:13,Segmentation,0,3
2026-07-27 10:26:14,Segmentation,0,3
2026-07-27 10:26:15,Segmentation,0,3
2026-07-27 10:26:16,Pose,0,3
2026-07-27 10:26:18,Pose,0,3
2026-07-27 10:26:19,Detection,0,2
2026-07-27 10:26:20,Detection,0,2
2026-07-27 10:26:21,Detection,0,2
2026-07-27 10:26:22,Detection,0,2
2026-07-27 10:26:23,Detection,0,2
2026-07-27 10:26:24,Detection,0,2
2026-07-27 10:26:25,Detection,0,2
2026-07-27 10:26:26,Detection,0,2
2026-07-27 10:26:27,Detection,0,2
2026-07-27 10:26:28,Detection,0,3
2026-07-27 10:26:29,Detection,0,2
2026-07-27 10:26:30,Detection,0,2
2026-07-27 10:26:32,Detection,0,2
2026-07-27 10:26:33,Detection,0,2
2026-07-27 10:26:34,Detection,0,2
2026-07-27 10:26:35,Detection,0,2
2026-07-27 10:26:36,Detection,0,2
2026-07-27 10:26:37,Detection,0,2
2026-07-27 10:26:38,Detection,0,2
2026-07-27 10:26:39,Detection,0,2
2026-07-27 10:26:40,Detection,0,2
2026-07-27 10:26:41,Detection,0,2
2026-07-27 10:26:42,Detection,0,2
2026-07-27 10:26:43,Detection,0,2
2026-07-27 10:26:44,Detection,0,2
2026-07-27 10:26:45,Detection,0,2
2026-07-27 10:26:46,Detection,0,2
2026-07-27 10:26:47,Detection,0,2
2026-07-27 10:26:49,Detection,0,1
2026-07-27 10:26:50,Detection,0,1
2026-07-27 10:26:51,Detection,0,1
2026-07-27 10:26:52,Detection,0,1
2026-07-27 10:26:53,Detection,0,1
2026-07-27 10:26:54,Detection,0,1
2026-07-27 10:26:55,Detection,0,2
2026-07-27 10:26:56,Detection,0,1
2026-07-27 10:26:57,Detection,0,1
2026-07-27 10:26:58,Detection,0,1
2026-07-27 10:26:59,Detection,0,2
2026-07-27 10:27:00,Detection,0,1
2026-07-27 10:27:02,Detection,0,1
2026-07-27 10:27:03,Detection,0,2
2026-07-27 10:27:04,Detection,0,2
2026-07-27 10:27:05,Detection,0,2
2026-07-27 10:27:06,Detection,0,2
2026-07-27 10:27:07,Detection,0,2
2026-07-27 10:27:08,Detection,0,2
2026-07-27 10:27:09,Detection,0,2
2026-07-27 10:27:10,Detection,0,2
2026-07-27 10:27:11,Detection,0,2
2026-07-27 10:27:12,Detection,0,2
2026-07-27 10:27:13,Detection,0,2
2026-07-27 10:27:14,Detection,0,3
2026-07-27 10:27:15,Detection,0,2
2026-07-27 10:27:16,Detection,0,2
2026-07-27 10:27:18,Detection,0,2
2026-07-27 10:27:19,Detection,0,2
2026-07-27 10:27:20,Detection,0,2
2026-07-27 10:27:21,Detection,0,2
2026-07-27 10:27:22,Detection,0,2
2026-07-27 10:27:23,Detection,0,3
2026-07-27 10:27:24,Detection,0,2
2026-07-27 10:27:25,Detection,0,2
2026-07-27 10:27:26,Detection,0,2
2026-07-27 10:27:27,Detection,0,2
2026-07-27 10:27:28,Detection,0,2
2026-07-27 10:27:29,Detection,0,2
2026-07-27 10:27:30,Detection,0,3
2026-07-27 10:27:32,Pose,0,2
2026-07-27 10:27:33,Pose,0,2
2026-07-27 10:27:34,Pose,0,2
2026-07-27 10:27:35,Pose,0,2
2026-07-27 10:27:36,Pose,0,2
2026-07-27 10:27:37,Pose,0,2
2026-07-27 10:27:38,Pose,0,2
2026-07-27 10:27:39,Pose,0,2
2026-07-27 10:27:40,Pose,0,2
2026-07-27 10:27:41,Pose,0,2
2026-07-27 10:27:42,Pose,0,2
2026-07-27 10:27:44,Pose,0,2
2026-07-27 10:27:45,Pose,0,2
2026-07-27 10:27:46,Pose,0,2
2026-07-27 10:27:47,Pose,0,2
2026-07-27 10:27:48,Pose,0,2
2026-07-27 10:27:49,Pose,0,2
2026-07-27 10:27:50,Pose,0,2
2026-07-27 10:27:51,Pose,0,2
2026-07-27 10:27:52,Pose,0,2
2026-07-27 10:27:53,Pose,0,2
2026-07-27 10:27:54,Pose,0,2
2026-07-27 10:27:55,Pose,0,2
2026-07-27 10:27:56,Pose,0,2
2026-07-27 10:27:57,Pose,0,2
2026-07-27 10:27:59,Pose,0,2
2026-07-27 10:28:00,Pose,0,2
2026-07-27 10:28:01,Pose,0,2
2026-07-27 10:28:02,Pose,0,2
2026-07-27 10:28:03,Pose,0,2
2026-07-27 10:28:04,Pose,0,2
2026-07-27 10:28:05,Pose,0,2
2026-07-27 10:28:06,Segmentation,0,2
2026-07-27 10:28:07,Segmentation,0,2
2026-07-27 10:28:09,Segmentation,0,2
2026-07-27 10:28:10,Segmentation,0,2
2026-07-27 10:28:11,Segmentation,0,2
2026-07-27 10:28:12,Segmentation,0,2
2026-07-27 10:28:13,Segmentation,0,2
2026-07-27 10:28:14,Detection,0,2
2026-07-27 10:28:15,Detection,0,2
2026-07-27 10:28:16,Detection,0,2
2026-07-27 10:28:17,Detection,0,2
2026-07-27 10:28:18,Detection,0,2
2026-07-27 10:28:19,Detection,0,2
2026-07-27 10:28:20,Detection,0,2
2026-07-27 10:28:21,Tracking,0,2
2026-07-27 10:28:22,Tracking,0,2
2026-07-27 10:28:23,Detection,0,2
2026-07-27 10:28:24,Pose,0,2
2026-07-27 10:28:25,Segmentation,0,2
2026-07-27 10:28:27,Segmentation,0,2
2026-07-27 10:28:28,Pose,0,2
2026-07-27 10:28:29,Detection,0,2
2026-07-27 10:28:30,Detection,0,2
2026-07-27 10:28:31,Detection,0,2
2026-07-27 10:28:32,Detection,0,2
2026-07-27 10:28:33,Detection,0,2
2026-07-27 10:28:34,Detection,0,2
2026-07-27 10:28:35,Detection,0,2
2026-07-27 10:28:37,Detection,0,2
2026-07-27 10:28:38,Detection,0,2
2026-07-27 10:28:39,Detection,0,3
2026-07-27 10:28:40,Detection,0,2
2026-07-27 10:28:41,Detection,0,3
2026-07-27 10:28:42,Detection,0,2
2026-07-27 10:28:43,Detection,0,3
2026-07-27 10:28:44,Detection,0,3
2026-07-27 10:28:45,Detection,0,3
2026-07-27 10:28:46,Detection,0,2
2026-07-27 10:28:47,Detection,0,2
2026-07-27 10:28:48,Detection,0,2
2026-07-27 10:28:49,Detection,0,3
2026-07-27 10:28:50,Detection,0,3
2026-07-27 10:28:51,Detection,0,2
2026-07-27 10:28:52,Detection,0,3
2026-07-27 10:28:53,Detection,0,3
2026-07-27 10:28:54,Detection,0,3
2026-07-27 10:28:56,Detection,0,2
2026-07-27 10:28:57,Detection,0,3
2026-07-27 10:28:58,Detection,0,3
2026-07-27 10:28:59,Detection,0,3
2026-07-27 10:29:00,Detection,0,4
2026-07-27 10:29:01,Detection,0,3
2026-07-27 10:29:02,Detection,0,4
2026-07-27 10:29:03,Detection,0,3
2026-07-27 10:29:04,Detection,0,3
2026-07-27 10:29:05,Detection,0,4
2026-07-27 10:29:06,Detection,0,4
2026-07-27 10:29:07,Detection,0,4
2026-07-27 10:29:08,Detection,0,2
2026-07-27 10:29:09,Detection,0,2
2026-07-27 10:29:10,Detection,0,2
2026-07-27 10:29:11,Detection,0,2
2026-07-27 10:29:12,Detection,0,3
2026-07-27 10:29:14,Detection,0,3
2026-07-27 10:29:15,Detection,0,2
2026-07-27 10:29:16,Detection,0,2
2026-07-27 10:29:17,Detection,0,2
2026-07-27 10:29:18,Detection,0,2
2026-07-27 10:29:19,Detection,0,2
2026-07-27 10:29:20,Detection,0,3
2026-07-27 10:29:21,Detection,0,3
2026-07-27 10:29:22,Detection,0,2
2026-07-27 10:29:23,Detection,0,2
2026-07-27 10:29:24,Detection,0,2
2026-07-27 10:29:25,Detection,0,3
2026-07-27 10:29:26,Detection,0,2
2026-07-27 10:29:27,Detection,0,2
2026-07-27 10:29:29,Detection,0,2
2026-07-27 10:29:30,Detection,0,3
2026-07-27 10:29:31,Detection,0,2
2026-07-27 10:29:32,Segmentation,0,3
2026-07-27 10:29:33,Segmentation,0,3
2026-07-27 10:29:34,Segmentation,0,3
2026-07-27 10:29:35,Segmentation,0,3
2026-07-27 10:29:36,Segmentation,0,3
2026-07-27 10:29:37,Segmentation,0,3
2026-07-27 10:29:39,Pose,0,3
2026-07-27 10:29:40,Pose,0,3
2026-07-27 10:29:41,Pose,0,3
2026-07-27 10:29:42,Detection,0,2
2026-07-27 10:29:43,Tracking,0,2
2026-07-27 10:29:44,Tracking,0,2
2026-07-27 10:29:45,Tracking,0,2
2026-07-27 10:29:46,Detection,0,2
2026-07-27 10:29:47,Detection,0,2
2026-07-27 10:29:48,Tracking,0,2
2026-07-27 10:29:49,Tracking,0,2
2026-07-27 10:29:50,Tracking,0,2
2026-07-27 10:29:51,Tracking,0,2
2026-07-27 10:29:53,Tracking,0,2
2026-07-27 10:29:54,Tracking,0,2
2026-07-27 10:29:55,Tracking,0,2
2026-07-27 10:29:56,Tracking,0,2
2026-07-27 10:29:57,Tracking,0,2
2026-07-27 10:29:58,Tracking,0,2
2026-07-27 10:29:59,Tracking,0,2
2026-07-27 10:30:00,Tracking,0,2
2026-07-27 10:30:01,Tracking,0,2
2026-07-27 10:30:02,Tracking,0,2
2026-07-27 10:30:03,Tracking,0,2
2026-07-27 10:30:04,Tracking,0,2
2026-07-27 10:30:05,Detection,0,2
2026-07-27 10:30:06,Detection,0,2
2026-07-27 10:30:07,Pose,0,2
2026-07-27 10:30:09,Pose,0,2
2026-07-27 10:30:10,Pose,0,2
2026-07-27 10:30:11,Pose,0,2
2026-07-27 10:30:12,Pose,0,2
2026-07-27 10:30:13,Pose,0,2
2026-07-27 10:30:14,Pose,0,2
2026-07-27 10:30:15,Segmentation,0,2
2026-07-27 10:30:16,Segmentation,0,2
2026-07-27 10:30:17,Pose,0,2
2026-07-27 10:30:18,Segmentation,0,2
2026-07-27 10:30:19,Segmentation,0,2
2026-07-27 10:30:21,Segmentation,0,2
2026-07-27 10:30:22,Pose,0,2
2026-07-27 10:30:23,Pose,0,2
2026-07-27 10:30:24,Detection,0,2
2026-07-27 10:30:25,Detection,0,2
2026-07-27 10:30:26,Detection,0,2
2026-07-27 10:30:27,Detection,0,2
2026-07-27 10:30:28,Detection,0,2
2026-07-27 10:30:29,Detection,0,2
2026-07-27 10:30:30,Detection,0,2
2026-07-27 10:30:31,Detection,0,2
2026-07-27 10:30:33,Detection,0,2
2026-07-27 10:30:34,Detection,0,2
2026-07-27 10:30:35,Detection,0,2
2026-07-27 10:30:36,Detection,0,2
2026-07-27 10:30:37,Detection,0,2
2026-07-27 10:30:38,Detection,0,2
2026-07-27 10:30:39,Detection,0,2
2026-07-27 10:30:40,Detection,0,2
2026-07-27 10:30:41,Detection,0,2
2026-07-27 10:30:42,Detection,0,2
2026-07-27 10:30:43,Detection,0,2
2026-07-27 10:30:44,Detection,0,2
2026-07-27 10:30:45,Detection,0,3
2026-07-27 10:30:46,Detection,0,3
2026-07-27 10:30:47,Detection,0,3
2026-07-27 10:30:48,Detection,0,2
2026-07-27 10:30:49,Detection,0,3
2026-07-27 10:30:50,Detection,0,2
2026-07-27 10:30:52,Detection,0,2
2026-07-27 10:30:53,Detection,0,2
2026-07-27 10:30:54,Detection,0,2
2026-07-27 10:30:55,Detection,0,2
2026-07-27 10:30:56,Detection,0,2
2026-07-27 10:30:57,Detection,0,2
2026-07-27 10:30:58,Detection,0,2
2026-07-27 10:30:59,Detection,0,2
2026-07-27 10:31:00,Detection,0,2
2026-07-27 10:31:01,Detection,0,2
2026-07-27 10:31:02,Detection,0,2
2026-07-27 10:31:03,Detection,0,2
2026-07-27 10:31:04,Detection,0,3
2026-07-27 10:31:06,Detection,0,2
2026-07-27 10:31:07,Detection,0,3
2026-07-27 10:31:08,Detection,0,2
2026-07-27 10:31:09,Detection,0,2
2026-07-27 10:31:10,Detection,0,3
2026-07-27 10:31:11,Detection,0,2
2026-07-27 10:31:12,Detection,0,2
2026-07-27 10:31:13,Detection,0,2
2026-07-27 10:31:14,Detection,0,2
2026-07-27 10:31:15,Detection,0,2
2026-07-27 10:31:16,Detection,0,2
2026-07-27 10:31:17,Detection,0,2
2026-07-27 10:31:19,Detection,0,2
2026-07-27 10:31:20,Detection,0,2
2026-07-27 10:31:21,Detection,0,2
2026-07-27 10:31:22,Detection,0,2
2026-07-27 10:31:23,Detection,0,2
2026-07-27 10:31:24,Detection,0,2
2026-07-27 10:31:25,Detection,0,2
2026-07-27 10:31:26,Pose,0,2
2026-07-27 10:31:27,Pose,0,2
2026-07-27 10:31:28,Pose,0,2
2026-07-27 10:31:29,Tracking,0,2
2026-07-27 10:31:30,Detection,0,2
2026-07-27 10:31:31,Pose,0,2
2026-07-27 10:31:32,Detection,0,2
2026-07-27 10:31:33,Segmentation,0,2
2026-07-27 10:31:34,Detection,0,2
2026-07-27 10:31:36,Pose,0,2
2026-07-27 10:31:37,Segmentation,0,2
2026-07-27 10:31:38,Segmentation,0,2
2026-07-27 10:31:39,Segmentation,0,2
2026-07-27 10:31:40,Segmentation,0,2
2026-07-27 10:31:41,Segmentation,0,2
2026-07-27 10:31:42,Segmentation,0,2
2026-07-27 10:31:43,Pose,0,2
2026-07-27 10:31:44,Detection,0,2
2026-07-27 10:31:45,Tracking,0,2
2026-07-27 10:31:46,Tracking,0,2
2026-07-27 10:31:47,Tracking,0,2
2026-07-27 10:31:49,Tracking,0,2
2026-07-27 10:31:50,Tracking,0,2
2026-07-27 10:31:51,Tracking,0,2
2026-07-27 10:31:52,Pose,0,2
2026-07-27 10:31:53,Segmentation,0,2
2026-07-27 10:31:54,Tracking,0,2
2026-07-27 10:31:55,Tracking,0,2
2026-07-27 10:31:56,Tracking,0,2
2026-07-27 10:31:57,Tracking,0,2
2026-07-27 10:31:58,Tracking,0,2
2026-07-27 10:31:59,Tracking,0,2
2026-07-27 10:32:00,Tracking,0,2
2026-07-27 10:32:02,Tracking,0,2
2026-07-27 10:32:03,Tracking,0,2
2026-07-27 10:32:04,Tracking,0,2
2026-07-27 10:32:05,Tracking,0,2
2026-07-27 10:32:06,Tracking,0,2
2026-07-27 10:32:07,Tracking,0,3
2026-07-27 10:32:08,Tracking,0,2
2026-07-27 10:32:09,Tracking,0,2
2026-07-27 10:32:10,Tracking,0,2
2026-07-27 10:32:11,Tracking,0,2
2026-07-27 10:32:12,Tracking,0,2
2026-07-27 10:32:13,Tracking,0,2
2026-07-27 10:32:15,Tracking,0,2
2026-07-27 10:32:16,Tracking,0,2
2026-07-27 10:32:17,Tracking,0,2
2026-07-27 10:32:18,Tracking,0,2
2026-07-27 10:32:19,Tracking,0,2
2026-07-27 10:32:20,Tracking,0,2
2026-07-27 10:32:21,Tracking,0,2
2026-07-27 10:32:22,Tracking,0,2
2026-07-27 10:32:23,Tracking,0,3
2026-07-27 10:32:24,Detection,0,2
2026-07-27 10:32:25,Detection,0,2
2026-07-27 10:32:26,Detection,0,2
2026-07-27 10:32:27,Detection,0,2
2026-07-27 10:32:28,Detection,0,2
2026-07-27 10:32:29,Detection,0,2
2026-07-27 10:32:30,Pose,0,2
2026-07-27 10:32:31,Pose,0,2
2026-07-27 10:32:32,Pose,0,2
2026-07-27 10:32:33,Pose,0,2
2026-07-27 10:32:35,Pose,0,2
2026-07-27 10:32:36,Pose,0,2
2026-07-27 10:32:37,Pose,0,2
2026-07-27 10:32:38,Pose,0,2
2026-07-27 10:32:39,Segmentation,0,2
2026-07-27 10:32:40,Segmentation,0,2
2026-07-27 10:32:41,Segmentation,0,2
2026-07-27 10:32:42,Segmentation,0,2
2026-07-27 10:32:43,Segmentation,0,2
2026-07-27 10:32:44,Segmentation,0,2
2026-07-27 10:32:45,Segmentation,0,2
2026-07-27 10:32:47,Segmentation,0,2
2026-07-27 10:32:48,Segmentation,0,2
2026-07-27 10:32:49,Segmentation,0,2
2026-07-27 10:32:50,Segmentation,0,2
2026-07-27 10:32:51,Segmentation,0,2
2026-07-27 10:32:52,Detection,0,2
2026-07-27 10:32:53,Pose,0,2
2026-07-27 10:32:54,Segmentation,0,2
2026-07-27 10:32:56,Segmentation,0,2
2026-07-27 10:32:57,Segmentation,0,2
2026-07-27 10:32:58,Segmentation,0,2
2026-07-27 10:32:59,Segmentation,0,2
2026-07-27 10:33:00,Segmentation,0,2
2026-07-27 10:33:01,Segmentation,0,2
2026-07-27 10:33:02,Segmentation,0,2
2026-07-27 10:33:04,Segmentation,0,2
2026-07-27 10:33:05,Segmentation,0,2
2026-07-27 10:33:06,Segmentation,0,2
2026-07-27 10:33:07,Segmentation,0,2
2026-07-27 10:33:08,Segmentation,0,2
2026-07-27 10:33:09,Segmentation,0,2
2026-07-27 10:33:10,Segmentation,0,2
2026-07-27 10:33:11,Segmentation,0,2
2026-07-27 10:33:13,Segmentation,0,2
2026-07-27 10:33:14,Segmentation,0,2
2026-07-27 10:33:15,Segmentation,0,2
2026-07-27 10:33:16,Segmentation,0,2
2026-07-27 10:33:17,Segmentation,0,2
2026-07-27 10:33:19,Segmentation,0,2
2026-07-27 10:33:20,Segmentation,0,2
2026-07-27 10:33:21,Segmentation,0,2
2026-07-27 10:33:22,Segmentation,0,2
2026-07-27 10:33:23,Segmentation,0,2
2026-07-27 10:33:24,Segmentation,0,2
2026-07-27 10:33:26,Segmentation,0,2
2026-07-27 10:33:27,Segmentation,0,2
2026-07-27 10:33:28,Segmentation,0,2
2026-07-27 10:33:29,Segmentation,0,2
2026-07-27 10:33:30,Segmentation,0,2
2026-07-27 10:33:31,Segmentation,0,2
2026-07-27 10:33:32,Segmentation,0,2
2026-07-27 10:33:33,Segmentation,0,2
2026-07-27 10:33:34,Segmentation,0,2
2026-07-27 10:33:35,Segmentation,0,2
2026-07-27 10:33:36,Segmentation,0,2
2026-07-27 10:33:38,Segmentation,0,2
2026-07-27 10:33:39,Segmentation,0,2
2026-07-27 10:33:40,Segmentation,0,2
2026-07-27 10:33:41,Segmentation,0,2
2026-07-27 10:33:42,Segmentation,0,2
2026-07-27 10:33:43,Segmentation,0,2
2026-07-27 10:33:44,Segmentation,0,2
2026-07-27 10:33:45,Segmentation,0,2
2026-07-27 10:33:46,Segmentation,0,2
2026-07-27 10:33:48,Segmentation,0,2
2026-07-27 10:33:49,Segmentation,0,2
2026-07-27 10:33:50,Segmentation,0,2
2026-07-27 10:33:51,Segmentation,0,2
2026-07-27 10:33:52,Segmentation,0,2
2026-07-27 10:33:53,Segmentation,0,2
2026-07-27 10:33:55,Segmentation,0,2
2026-07-27 10:33:56,Segmentation,0,2
2026-07-27 10:33:57,Segmentation,0,2
2026-07-27 10:33:58,Segmentation,0,2
2026-07-27 10:33:59,Segmentation,0,2
2026-07-27 10:34:00,Segmentation,0,2
2026-07-27 10:34:01,Segmentation,0,2
2026-07-27 10:34:02,Segmentation,0,2
2026-07-27 10:34:03,Segmentation,0,2
2026-07-27 10:34:05,Segmentation,0,2
2026-07-27 10:34:06,Segmentation,0,2
2026-07-27 10:34:07,Segmentation,0,2
2026-07-27 10:34:08,Segmentation,0,2
2026-07-27 10:34:09,Segmentation,0,2
2026-07-27 10:34:10,Segmentation,0,2
2026-07-27 10:34:11,Segmentation,0,2
2026-07-27 10:34:13,Segmentation,0,2
2026-07-27 10:34:14,Segmentation,0,2
2026-07-27 10:34:15,Segmentation,0,2
2026-07-27 10:34:16,Segmentation,0,2
2026-07-27 10:34:17,Segmentation,0,2
2026-07-27 10:34:18,Segmentation,0,2
2026-07-27 10:34:19,Segmentation,0,2
2026-07-27 10:34:20,Segmentation,0,2
2026-07-27 10:34:22,Segmentation,0,2
2026-07-27 10:34:23,Segmentation,0,2
2026-07-27 10:34:24,Segmentation,0,2
2026-07-27 10:34:25,Segmentation,0,2
2026-07-27 10:34:26,Segmentation,0,2
2026-07-27 10:34:27,Segmentation,0,2
2026-07-27 10:34:28,Segmentation,0,2
2026-07-27 10:34:29,Segmentation,0,2
2026-07-27 10:34:30,Segmentation,0,2
2026-07-27 10:34:31,Segmentation,0,2
2026-07-27 10:34:32,Segmentation,0,2
2026-07-27 10:34:33,Segmentation,0,2
2026-07-27 10:34:34,Segmentation,0,2
2026-07-27 10:34:36,Segmentation,0,2
2026-07-27 10:34:37,Segmentation,0,2
2026-07-27 10:34:38,Segmentation,0,2
2026-07-27 10:34:39,Segmentation,0,2
2026-07-27 10:34:40,Segmentation,0,2
2026-07-27 10:34:41,Segmentation,0,2
2026-07-27 10:34:42,Segmentation,0,2
2026-07-27 10:34:43,Segmentation,0,2
2026-07-27 10:34:45,Segmentation,0,2
2026-07-27 10:34:46,Segmentation,0,2
2026-07-27 10:34:47,Segmentation,0,2
2026-07-27 10:34:48,Segmentation,0,2
2026-07-27 10:34:49,Segmentation,0,2
2026-07-27 10:34:50,Segmentation,0,2
2026-07-27 10:34:51,Segmentation,0,2
2026-07-27 10:34:52,Segmentation,0,2
2026-07-27 10:34:54,Segmentation,0,2
2026-07-27 10:34:55,Segmentation,0,2
2026-07-27 10:34:56,Segmentation,0,2
2026-07-27 10:34:57,Segmentation,0,2
2026-07-27 10:34:58,Segmentation,0,2
2026-07-27 10:34:59,Segmentation,0,2
2026-07-27 10:35:00,Segmentation,0,2
2026-07-27 10:35:02,Segmentation,0,2
2026-07-27 10:35:03,Segmentation,0,2
2026-07-27 10:35:04,Segmentation,0,2
2026-07-27 10:35:05,Segmentation,0,2
2026-07-27 10:35:06,Segmentation,0,2
2026-07-27 10:35:07,Segmentation,0,2
2026-07-27 10:35:08,Segmentation,0,2
2026-07-27 10:35:09,Segmentation,0,2
2026-07-27 10:35:11,Segmentation,0,2
2026-07-27 10:35:12,Segmentation,0,2
2026-07-27 10:35:13,Segmentation,0,2
2026-07-27 10:35:14,Segmentation,0,2
2026-07-27 10:35:15,Segmentation,0,2
2026-07-27 10:35:16,Segmentation,0,2
2026-07-27 10:35:17,Segmentation,0,2
2026-07-27 10:35:18,Segmentation,0,2
2026-07-27 10:35:19,Segmentation,0,2
2026-07-27 10:35:20,Segmentation,0,2
2026-07-27 10:35:21,Segmentation,0,2
2026-07-27 10:35:22,Segmentation,0,2
2026-07-27 10:35:24,Segmentation,0,2
2026-07-27 10:35:25,Segmentation,0,2
2026-07-27 10:35:26,Segmentation,0,2
2026-07-27 10:35:27,Segmentation,0,2
2026-07-27 10:35:28,Segmentation,0,2
2026-07-27 10:35:29,Segmentation,0,2
2026-07-27 10:35:30,Segmentation,0,2
2026-07-27 10:35:31,Segmentation,0,2
2026-07-27 10:35:33,Segmentation,0,2
2026-07-27 10:35:34,Segmentation,0,2
2026-07-27 10:35:35,Segmentation,0,2
2026-07-27 10:35:36,Segmentation,0,2
2026-07-27 10:35:37,Segmentation,0,2
2026-07-27 10:35:38,Segmentation,0,2
2026-07-27 10:35:39,Segmentation,0,2
2026-07-27 10:35:40,Segmentation,0,2
2026-07-27 10:35:41,Segmentation,0,2
2026-07-27 10:35:43,Segmentation,0,2
2026-07-27 10:35:44,Segmentation,0,2
2026-07-27 10:35:45,Segmentation,0,2
2026-07-27 10:35:46,Segmentation,0,2
2026-07-27 10:35:47,Segmentation,0,2
2026-07-27 10:35:49,Segmentation,0,2
2026-07-27 10:35:50,Segmentation,0,2
2026-07-27 10:35:51,Segmentation,0,2
2026-07-27 10:35:52,Segmentation,0,2
2026-07-27 10:35:53,Segmentation,0,2
2026-07-27 10:35:54,Segmentation,0,2
2026-07-27 10:35:55,Segmentation,0,2
2026-07-27 10:35:56,Segmentation,0,2
2026-07-27 10:35:57,Segmentation,0,2
2026-07-27 10:35:59,Segmentation,0,2
2026-07-27 10:36:00,Segmentation,0,2
2026-07-27 10:36:01,Segmentation,0,2
2026-07-27 10:36:02,Segmentation,0,2
2026-07-27 10:36:03,Segmentation,0,2
2026-07-27 10:36:04,Segmentation,0,2
2026-07-27 10:36:05,Segmentation,0,2
2026-07-27 10:36:06,Segmentation,0,2
2026-07-27 10:36:07,Segmentation,0,2
2026-07-27 10:36:09,Segmentation,0,2
2026-07-27 10:36:10,Segmentation,0,2
2026-07-27 10:36:11,Segmentation,0,2
2026-07-27 10:36:12,Segmentation,0,2
2026-07-27 10:36:13,Segmentation,0,2
2026-07-27 10:36:14,Segmentation,0,2
2026-07-27 10:36:15,Segmentation,0,2
2026-07-27 10:36:17,Segmentation,0,2
2026-07-27 10:36:18,Segmentation,0,2
2026-07-27 10:36:19,Segmentation,0,2
2026-07-27 10:36:20,Segmentation,0,2
2026-07-27 10:36:21,Segmentation,0,2
2026-07-27 10:36:22,Segmentation,0,2
2026-07-27 10:36:24,Segmentation,0,2
2026-07-27 10:36:25,Segmentation,0,2
2026-07-27 10:36:26,Segmentation,0,2
2026-07-27 10:36:27,Segmentation,0,2
2026-07-27 10:36:28,Segmentation,0,2
2026-07-27 10:36:29,Segmentation,0,2
2026-07-27 10:36:30,Segmentation,0,2
2026-07-27 10:36:31,Segmentation,0,2
2026-07-27 10:36:33,Segmentation,0,2
2026-07-27 10:36:34,Segmentation,0,2
2026-07-27 10:36:35,Segmentation,0,2
2026-07-27 10:36:36,Segmentation,0,2
2026-07-27 10:36:37,Segmentation,0,2
2026-07-27 10:36:38,Segmentation,0,2
2026-07-27 10:36:39,Segmentation,0,2
2026-07-27 10:36:41,Segmentation,0,2
2026-07-27 10:36:42,Segmentation,0,2
2026-07-27 10:36:43,Segmentation,0,2
2026-07-27 10:36:44,Segmentation,0,2
2026-07-27 10:36:45,Segmentation,0,2
2026-07-27 10:36:46,Segmentation,0,2
2026-07-27 10:36:47,Segmentation,0,2
2026-07-27 10:36:48,Segmentation,0,2
2026-07-27 10:36:49,Segmentation,0,2
2026-07-27 10:36:50,Segmentation,0,2
2026-07-27 10:36:51,Segmentation,0,2
2026-07-27 10:36:52,Segmentation,0,2
2026-07-27 10:36:53,Segmentation,0,2
2026-07-27 10:36:55,Segmentation,0,2
2026-07-27 10:36:56,Segmentation,0,2
2026-07-27 10:36:57,Segmentation,0,2
2026-07-27 10:36:58,Segmentation,0,2
2026-07-27 10:36:59,Segmentation,0,2
2026-07-27 10:37:00,Segmentation,0,2
2026-07-27 10:37:01,Segmentation,0,2
2026-07-27 10:37:03,Segmentation,0,2
2026-07-27 10:37:04,Segmentation,0,2
2026-07-27 10:37:05,Segmentation,0,2
2026-07-27 10:37:06,Segmentation,0,2
2026-07-27 10:37:07,Segmentation,0,2
2026-07-27 10:37:08,Segmentation,0,2
2026-07-27 10:37:09,Segmentation,0,2
2026-07-27 10:37:10,Segmentation,0,2
2026-07-27 10:37:12,Segmentation,0,2
2026-07-27 10:37:13,Segmentation,0,2
2026-07-27 10:37:14,Segmentation,0,2
2026-07-27 10:37:15,Segmentation,0,2
2026-07-27 10:37:16,Segmentation,0,2
2026-07-27 10:37:17,Segmentation,0,2
2026-07-27 10:37:18,Segmentation,0,2
2026-07-27 10:37:19,Segmentation,0,2
2026-07-27 10:37:20,Segmentation,0,2
2026-07-27 10:37:22,Segmentation,0,2
2026-07-27 10:37:23,Segmentation,0,2
2026-07-27 10:37:24,Segmentation,0,2
2026-07-27 10:37:25,Segmentation,0,2
2026-07-27 10:37:26,Segmentation,0,2
2026-07-27 10:37:27,Segmentation,0,2
2026-07-27 10:37:28,Segmentation,0,2
2026-07-27 10:37:30,Segmentation,0,2
2026-07-27 10:37:31,Segmentation,0,2
2026-07-27 10:37:32,Segmentation,0,2
2026-07-27 10:37:33,Segmentation,0,2
2026-07-27 10:37:34,Segmentation,0,2
2026-07-27 10:37:35,Segmentation,0,2
2026-07-27 10:37:36,Segmentation,0,2
2026-07-27 10:37:37,Segmentation,0,2
2026-07-27 10:37:38,Segmentation,0,2
2026-07-27 10:37:39,Segmentation,0,2
2026-07-27 10:37:40,Segmentation,0,2
2026-07-27 10:37:41,Segmentation,0,2
2026-07-27 10:37:43,Segmentation,0,2
2026-07-27 10:37:44,Segmentation,0,2
2026-07-27 10:37:45,Segmentation,0,2
2026-07-27 10:37:46,Segmentation,0,2
2026-07-27 10:37:47,Segmentation,0,2
2026-07-27 10:37:48,Segmentation,0,2
2026-07-27 10:37:49,Segmentation,0,2
2026-07-27 10:37:50,Segmentation,0,2
2026-07-27 10:37:52,Segmentation,0,2
2026-07-27 10:37:53,Segmentation,0,2
2026-07-27 10:37:54,Segmentation,0,2
2026-07-27 10:37:55,Segmentation,0,2
2026-07-27 10:37:56,Segmentation,0,2
2026-07-27 10:37:57,Segmentation,0,2
2026-07-27 10:37:58,Segmentation,0,2
2026-07-27 10:37:59,Segmentation,0,2
2026-07-27 10:38:00,Segmentation,0,2
2026-07-27 10:38:01,Segmentation,0,2
2026-07-27 10:38:03,Segmentation,0,2
2026-07-27 10:38:04,Segmentation,0,2
2026-07-27 10:38:05,Segmentation,0,2
2026-07-27 10:38:06,Segmentation,0,2
2026-07-27 10:38:07,Segmentation,0,2
2026-07-27 10:38:08,Segmentation,0,2
2026-07-27 10:38:09,Segmentation,0,2
2026-07-27 10:38:10,Segmentation,0,2
2026-07-27 10:38:11,Segmentation,0,2
2026-07-27 10:38:13,Segmentation,0,2
2026-07-27 10:38:14,Segmentation,0,2
2026-07-27 10:38:15,Segmentation,0,2
2026-07-27 10:38:16,Segmentation,0,2
2026-07-27 10:38:17,Segmentation,0,2
2026-07-27 10:38:18,Segmentation,0,2
2026-07-27 10:38:19,Segmentation,0,2
2026-07-27 10:38:21,Segmentation,0,2
2026-07-27 10:38:22,Segmentation,0,2
2026-07-27 10:38:23,Segmentation,0,2
2026-07-27 10:38:24,Segmentation,0,2
2026-07-27 10:38:25,Segmentation,0,2
2026-07-27 10:38:26,Segmentation,0,2
2026-07-27 10:38:27,Segmentation,0,2
2026-07-27 10:38:28,Segmentation,0,2
2026-07-27 10:38:29,Segmentation,0,2
2026-07-27 10:38:31,Segmentation,0,2
2026-07-27 10:38:32,Segmentation,0,2
2026-07-27 10:38:33,Segmentation,0,2
2026-07-27 10:38:34,Segmentation,0,2
2026-07-27 10:38:35,Segmentation,0,2
2026-07-27 10:38:36,Segmentation,0,2
2026-07-27 10:38:37,Segmentation,0,2
2026-07-27 10:38:38,Segmentation,0,2
2026-07-27 10:38:39,Segmentation,0,2
2026-07-27 10:38:40,Segmentation,0,2
2026-07-27 10:38:42,Segmentation,0,2
2026-07-27 10:38:43,Segmentation,0,2
2026-07-27 10:38:44,Segmentation,0,2
2026-07-27 10:38:45,Segmentation,0,2
2026-07-27 10:38:46,Segmentation,0,2
2026-07-27 10:38:47,Segmentation,0,2
2026-07-27 10:38:48,Segmentation,0,2
2026-07-27 10:38:49,Segmentation,0,2
2026-07-27 10:38:50,Segmentation,0,2
2026-07-27 10:38:51,Segmentation,0,2
2026-07-27 10:38:52,Segmentation,0,2
2026-07-27 10:38:53,Segmentation,0,2
2026-07-27 10:38:55,Segmentation,0,2
2026-07-27 10:38:56,Segmentation,0,2
2026-07-27 10:38:57,Segmentation,0,2
2026-07-27 10:38:58,Segmentation,0,2
2026-07-27 10:38:59,Segmentation,0,2
2026-07-27 10:39:00,Segmentation,0,2
2026-07-27 10:39:01,Segmentation,0,2
2026-07-27 10:39:02,Segmentation,0,2
2026-07-27 10:39:04,Segmentation,0,2
2026-07-27 10:39:05,Segmentation,0,2
2026-07-27 10:39:06,Segmentation,0,2
2026-07-27 10:39:07,Segmentation,0,2
2026-07-27 10:39:08,Segmentation,0,2
2026-07-27 10:39:09,Segmentation,0,2
2026-07-27 10:39:10,Segmentation,0,2
2026-07-27 10:39:11,Segmentation,0,2
2026-07-27 10:39:12,Segmentation,0,2
2026-07-27 10:39:13,Segmentation,0,2
2026-07-27 10:39:15,Segmentation,0,2
2026-07-27 10:39:16,Segmentation,0,2
2026-07-27 10:39:17,Segmentation,0,2
2026-07-27 10:39:18,Segmentation,0,2
2026-07-27 10:39:19,Segmentation,0,2
2026-07-27 10:39:20,Segmentation,0,2
2026-07-27 10:39:21,Segmentation,0,2
2026-07-27 10:39:22,Segmentation,0,2
2026-07-27 10:39:23,Segmentation,0,2
2026-07-27 10:39:25,Segmentation,0,2
2026-07-27 10:39:26,Segmentation,0,2
2026-07-27 10:39:27,Segmentation,0,2
2026-07-27 10:39:28,Segmentation,0,2
2026-07-27 10:39:29,Segmentation,0,2
2026-07-27 10:39:30,Segmentation,0,2
2026-07-27 10:39:31,Segmentation,0,2
2026-07-27 10:39:32,Segmentation,0,2
2026-07-27 10:39:33,Segmentation,0,2
2026-07-27 10:39:35,Segmentation,0,2
2026-07-27 10:39:36,Segmentation,0,2
2026-07-27 10:39:37,Segmentation,0,2
2026-07-27 10:39:38,Segmentation,0,2
2026-07-27 10:39:39,Segmentation,0,2
2026-07-27 10:39:40,Segmentation,0,2
2026-07-27 10:39:41,Segmentation,0,2
2026-07-27 10:39:42,Segmentation,0,2
2026-07-27 10:39:44,Segmentation,0,2
2026-07-27 10:39:45,Segmentation,0,2
2026-07-27 10:39:46,Segmentation,0,2
2026-07-27 10:39:47,Segmentation,0,2
2026-07-27 10:39:48,Segmentation,0,2
2026-07-27 10:39:49,Segmentation,0,2
2026-07-27 10:39:50,Segmentation,0,2
2026-07-27 10:39:52,Segmentation,0,2
2026-07-27 10:39:53,Segmentation,0,2
2026-07-27 10:39:54,Segmentation,0,2
2026-07-27 10:39:55,Segmentation,0,2
2026-07-27 10:39:56,Segmentation,0,2
2026-07-27 10:39:57,Segmentation,0,2
2026-07-27 10:39:58,Segmentation,0,2
2026-07-27 10:39:59,Segmentation,0,2
2026-07-27 10:40:00,Segmentation,0,2
2026-07-27 10:40:01,Segmentation,0,2
2026-07-27 10:40:03,Segmentation,0,2
2026-07-27 10:40:04,Segmentation,0,2
2026-07-27 10:40:05,Segmentation,0,2
2026-07-27 10:40:06,Segmentation,0,2
2026-07-27 10:40:07,Segmentation,0,2
2026-07-27 10:40:08,Segmentation,0,2
2026-07-27 10:40:09,Segmentation,0,2
2026-07-27 10:40:10,Segmentation,0,2
2026-07-27 10:40:11,Segmentation,0,2
2026-07-27 10:40:12,Segmentation,0,2
2026-07-27 10:40:13,Segmentation,0,2
2026-07-27 10:40:14,Segmentation,0,2
2026-07-27 10:40:16,Segmentation,0,2
2026-07-27 10:40:17,Segmentation,0,2
2026-07-27 10:40:18,Segmentation,0,2
2026-07-27 10:40:19,Segmentation,0,2
2026-07-27 10:40:20,Segmentation,0,2
2026-07-27 10:40:21,Segmentation,0,2
2026-07-27 10:40:22,Segmentation,0,2
2026-07-27 10:40:23,Segmentation,0,2
2026-07-27 10:40:24,Segmentation,0,2
2026-07-27 10:40:26,Segmentation,0,2
2026-07-27 10:40:27,Segmentation,0,2
2026-07-27 10:40:28,Segmentation,0,2
2026-07-27 10:40:29,Segmentation,0,2
2026-07-27 10:40:30,Segmentation,0,2
2026-07-27 10:40:31,Segmentation,0,2
2026-07-27 10:40:32,Segmentation,0,2
2026-07-27 10:40:33,Segmentation,0,2
2026-07-27 10:40:34,Segmentation,0,2
2026-07-27 10:40:35,Segmentation,0,2
2026-07-27 10:40:36,Segmentation,0,2
2026-07-27 10:40:38,Segmentation,0,2
2026-07-27 10:40:39,Segmentation,0,2
2026-07-27 10:40:40,Segmentation,0,2
2026-07-27 10:40:41,Segmentation,0,2
2026-07-27 10:40:42,Segmentation,0,2
2026-07-27 10:40:43,Segmentation,0,2
2026-07-27 10:40:44,Segmentation,0,2
2026-07-27 10:40:45,Segmentation,0,2
2026-07-27 10:40:46,Segmentation,0,2
2026-07-27 10:40:48,Segmentation,0,2
2026-07-27 10:40:49,Segmentation,0,2
2026-07-27 10:40:50,Segmentation,0,2
2026-07-27 10:40:51,Segmentation,0,2
2026-07-27 10:40:52,Segmentation,0,2
2026-07-27 10:40:53,Segmentation,0,2
2026-07-27 10:40:54,Segmentation,0,2
2026-07-27 10:40:55,Segmentation,0,2
2026-07-27 10:40:57,Segmentation,0,2
2026-07-27 10:40:58,Segmentation,0,2
2026-07-27 10:40:59,Segmentation,0,2
2026-07-27 10:41:00,Segmentation,0,2
2026-07-27 10:41:01,Segmentation,0,2
2026-07-27 10:41:02,Segmentation,0,2
2026-07-27 10:41:03,Segmentation,0,2
2026-07-27 10:41:04,Segmentation,0,2
2026-07-27 10:41:05,Segmentation,0,2
2026-07-27 10:41:06,Segmentation,0,2
2026-07-27 10:41:07,Segmentation,0,2
2026-07-27 10:41:09,Segmentation,0,2
2026-07-27 10:41:10,Segmentation,0,2
2026-07-27 10:41:11,Segmentation,0,2
2026-07-27 10:41:12,Segmentation,0,2
2026-07-27 10:41:13,Segmentation,0,2
2026-07-27 10:41:14,Segmentation,0,2
2026-07-27 10:41:15,Segmentation,0,2
2026-07-27 10:41:16,Segmentation,0,2
2026-07-27 10:41:17,Segmentation,0,2
2026-07-27 10:41:19,Segmentation,0,2
2026-07-27 10:41:20,Segmentation,0,2
2026-07-27 10:41:21,Segmentation,0,2
2026-07-27 10:41:22,Segmentation,0,2
2026-07-27 10:41:23,Segmentation,0,2
2026-07-27 10:41:24,Segmentation,0,2
2026-07-27 10:41:25,Segmentation,0,2
2026-07-27 10:41:26,Segmentation,0,2
2026-07-27 10:41:27,Segmentation,0,2
2026-07-27 10:41:28,Segmentation,0,2
2026-07-27 10:41:30,Segmentation,0,2
2026-07-27 10:41:31,Segmentation,0,2
2026-07-27 10:41:32,Segmentation,0,2
2026-07-27 10:41:33,Segmentation,0,2
2026-07-27 10:41:34,Segmentation,0,2
2026-07-27 10:41:35,Segmentation,0,2
2026-07-27 10:41:36,Segmentation,0,2
2026-07-27 10:41:38,Segmentation,0,2
2026-07-27 10:41:39,Segmentation,0,2
2026-07-27 10:41:40,Segmentation,0,2
2026-07-27 10:41:41,Segmentation,0,2
2026-07-27 10:41:42,Segmentation,0,2
2026-07-27 10:41:43,Segmentation,0,2
2026-07-27 10:41:44,Segmentation,0,2
2026-07-27 10:41:45,Segmentation,0,2
2026-07-27 10:41:47,Segmentation,0,2
2026-07-27 10:41:48,Segmentation,0,2
2026-07-27 10:41:49,Segmentation,0,2
2026-07-27 10:41:50,Segmentation,0,2
2026-07-27 10:41:51,Segmentation,0,2
2026-07-27 10:41:52,Segmentation,0,2
2026-07-27 10:41:53,Segmentation,0,2
2026-07-27 10:41:54,Segmentation,0,2
2026-07-27 10:41:56,Segmentation,0,2
2026-07-27 10:41:57,Segmentation,0,2
2026-07-27 10:41:58,Segmentation,0,2
2026-07-27 10:41:59,Segmentation,0,2
2026-07-27 10:42:00,Segmentation,0,2
2026-07-27 10:42:01,Segmentation,0,2
2026-07-27 10:42:02,Segmentation,0,2
2026-07-27 10:42:03,Segmentation,0,2
2026-07-27 10:42:04,Segmentation,0,2
2026-07-27 10:42:05,Segmentation,0,2
2026-07-27 10:42:07,Segmentation,0,2
2026-07-27 10:42:08,Segmentation,0,2
2026-07-27 10:42:09,Segmentation,0,2
2026-07-27 10:42:10,Segmentation,0,2
2026-07-27 10:42:11,Segmentation,0,2
2026-07-27 10:42:12,Segmentation,0,2
2026-07-27 10:42:13,Segmentation,0,2
2026-07-27 10:42:15,Segmentation,0,2
2026-07-27 10:42:16,Segmentation,0,2
2026-07-27 10:42:17,Segmentation,0,2
2026-07-27 10:42:18,Segmentation,0,2
2026-07-27 10:42:19,Segmentation,0,2
2026-07-27 10:42:20,Segmentation,0,2
2026-07-27 10:42:21,Segmentation,0,2
2026-07-27 10:42:22,Segmentation,0,2
2026-07-27 10:42:23,Segmentation,0,2
2026-07-27 10:42:24,Segmentation,0,2
2026-07-27 10:42:26,Segmentation,0,2
2026-07-27 10:42:27,Segmentation,0,2
2026-07-27 10:42:28,Segmentation,0,2
2026-07-27 10:42:29,Segmentation,0,2
2026-07-27 10:42:30,Segmentation,0,2
2026-07-27 10:42:31,Segmentation,0,2
2026-07-27 10:42:32,Segmentation,0,2
2026-07-27 10:42:33,Segmentation,0,2
2026-07-27 10:42:35,Segmentation,0,2
2026-07-27 10:42:36,Segmentation,0,2
2026-07-27 10:42:37,Segmentation,0,2
2026-07-27 10:42:38,Segmentation,0,2
2026-07-27 10:42:39,Segmentation,0,2
2026-07-27 10:42:40,Segmentation,0,2
2026-07-27 10:42:41,Segmentation,0,2
2026-07-27 10:42:42,Segmentation,0,2
2026-07-27 10:42:44,Segmentation,0,2
2026-07-27 10:42:45,Segmentation,0,2
2026-07-27 10:42:46,Segmentation,0,2
2026-07-27 10:42:47,Segmentation,0,2
2026-07-27 10:42:48,Segmentation,0,2
2026-07-27 10:42:49,Segmentation,0,2
2026-07-27 10:42:50,Segmentation,0,2
2026-07-27 10:42:51,Segmentation,0,2
2026-07-27 10:42:52,Segmentation,0,2
2026-07-27 10:42:53,Segmentation,0,2
2026-07-27 10:42:54,Segmentation,0,2
2026-07-27 10:42:56,Segmentation,0,2
2026-07-27 10:42:57,Segmentation,0,2
2026-07-27 10:42:58,Segmentation,0,2
2026-07-27 10:42:59,Segmentation,0,2
2026-07-27 10:43:00,Segmentation,0,2
2026-07-27 10:43:01,Segmentation,0,2
2026-07-27 10:43:02,Segmentation,0,2
2026-07-27 10:43:03,Segmentation,0,2
2026-07-27 10:43:04,Segmentation,0,2
2026-07-27 10:43:05,Segmentation,0,2
2026-07-27 10:43:06,Segmentation,0,2
2026-07-27 10:43:07,Segmentation,0,2
2026-07-27 10:43:08,Segmentation,0,2
2026-07-27 10:43:09,Segmentation,0,2
2026-07-27 10:43:11,Segmentation,0,2
2026-07-27 10:43:12,Segmentation,0,2
2026-07-27 10:43:13,Segmentation,0,2
2026-07-27 10:43:14,Segmentation,0,2
2026-07-27 10:43:15,Segmentation,0,2
2026-07-27 10:43:16,Segmentation,0,2
2026-07-27 10:43:17,Segmentation,0,2
2026-07-27 10:43:18,Segmentation,0,2
2026-07-27 10:43:19,Segmentation,0,2
2026-07-27 10:43:20,Segmentation,0,2
2026-07-27 10:43:21,Segmentation,0,2
2026-07-27 10:43:23,Segmentation,0,2
2026-07-27 10:43:24,Segmentation,0,2
2026-07-27 10:43:25,Segmentation,0,2
2026-07-27 10:43:26,Segmentation,0,2
2026-07-27 10:43:27,Segmentation,0,2
2026-07-27 10:43:28,Segmentation,0,2
2026-07-27 10:43:29,Segmentation,0,2
2026-07-27 10:43:30,Segmentation,0,2
2026-07-27 10:43:32,Segmentation,0,2
2026-07-27 10:43:33,Segmentation,0,2
2026-07-27 10:43:34,Segmentation,0,2
2026-07-27 10:43:35,Segmentation,0,2
2026-07-27 10:43:36,Segmentation,0,2
2026-07-27 10:43:37,Segmentation,0,2
2026-07-27 10:43:38,Segmentation,0,2
2026-07-27 10:43:40,Segmentation,0,2
2026-07-27 10:43:41,Segmentation,0,2
2026-07-27 10:43:42,Segmentation,0,2
2026-07-27 10:43:43,Segmentation,0,2
2026-07-27 10:43:44,Segmentation,0,2
2026-07-27 10:43:45,Segmentation,0,2
2026-07-27 10:43:46,Segmentation,0,2
2026-07-27 10:43:48,Segmentation,0,2
2026-07-27 10:43:49,Segmentation,0,2
2026-07-27 10:43:50,Segmentation,0,2
2026-07-27 10:43:51,Segmentation,0,2
2026-07-27 10:43:52,Segmentation,0,2
2026-07-27 10:43:53,Segmentation,0,2
2026-07-27 10:43:54,Segmentation,0,2
2026-07-27 10:43:55,Segmentation,0,2
2026-07-27 10:43:56,Segmentation,0,2
2026-07-27 10:43:57,Segmentation,0,2
2026-07-27 10:43:58,Segmentation,0,2
2026-07-27 10:44:00,Segmentation,0,2
2026-07-27 10:44:01,Segmentation,0,2
2026-07-27 10:44:02,Segmentation,0,2
2026-07-27 10:44:03,Segmentation,0,2
2026-07-27 10:44:04,Segmentation,0,2
2026-07-27 10:44:05,Segmentation,0,2
2026-07-27 10:44:06,Segmentation,0,2
2026-07-27 10:44:07,Segmentation,0,2
2026-07-27 10:44:09,Segmentation,0,2
2026-07-27 10:44:10,Segmentation,0,2
2026-07-27 10:44:11,Segmentation,0,2
2026-07-27 10:44:12,Segmentation,0,2
2026-07-27 10:44:13,Segmentation,0,2
2026-07-27 10:44:14,Segmentation,0,2
2026-07-27 10:44:15,Segmentation,0,2
2026-07-27 10:44:16,Segmentation,0,2
2026-07-27 10:44:17,Segmentation,0,2
2026-07-27 10:44:18,Segmentation,0,2
2026-07-27 10:44:19,Segmentation,0,2
2026-07-27 10:44:20,Segmentation,0,2
2026-07-27 10:44:22,Segmentation,0,2
2026-07-27 10:44:23,Segmentation,0,2
2026-07-27 10:44:24,Segmentation,0,2
2026-07-27 10:44:25,Segmentation,0,2
2026-07-27 10:44:26,Segmentation,0,2
2026-07-27 10:44:27,Segmentation,0,2
2026-07-27 10:44:28,Segmentation,0,2
2026-07-27 10:44:30,Segmentation,0,2
2026-07-27 10:44:31,Segmentation,0,2
2026-07-27 10:44:32,Segmentation,0,2
2026-07-27 10:44:33,Segmentation,0,2
2026-07-27 10:44:34,Segmentation,0,2
2026-07-27 10:44:35,Segmentation,0,2
2026-07-27 10:44:36,Segmentation,0,2
2026-07-27 10:44:37,Segmentation,0,2
2026-07-27 10:44:39,Segmentation,0,2
2026-07-27 10:44:40,Segmentation,0,2
2026-07-27 10:44:41,Segmentation,0,2
2026-07-27 10:44:42,Segmentation,0,2
2026-07-27 10:44:43,Segmentation,0,2
2026-07-27 10:44:44,Segmentation,0,2
2026-07-27 10:44:45,Segmentation,0,2
2026-07-27 10:44:46,Segmentation,0,2
2026-07-27 10:44:47,Segmentation,0,2
2026-07-27 10:44:48,Segmentation,0,2
2026-07-27 10:44:49,Segmentation,0,2
2026-07-27 10:44:51,Segmentation,0,2
2026-07-27 10:44:52,Segmentation,0,2
2026-07-27 10:44:53,Segmentation,0,2
2026-07-27 10:44:54,Segmentation,0,2
2026-07-27 10:44:55,Segmentation,0,2
2026-07-27 10:44:56,Segmentation,0,2
2026-07-27 10:44:57,Segmentation,0,2
2026-07-27 10:44:58,Segmentation,0,2
2026-07-27 10:44:59,Segmentation,0,2
2026-07-27 10:45:01,Segmentation,0,2
2026-07-27 10:45:02,Segmentation,0,2
2026-07-27 10:45:03,Segmentation,0,2
2026-07-27 10:45:04,Segmentation,0,2
2026-07-27 10:45:05,Segmentation,0,2
2026-07-27 10:45:06,Segmentation,0,2
2026-07-27 10:45:07,Segmentation,0,2
2026-07-27 10:45:08,Segmentation,0,2
2026-07-27 10:45:09,Segmentation,0,2
2026-07-27 10:45:10,Segmentation,0,2
2026-07-27 10:45:12,Segmentation,0,2
2026-07-27 10:45:13,Segmentation,0,2
2026-07-27 10:45:14,Segmentation,0,2
2026-07-27 10:45:15,Segmentation,0,2
2026-07-27 10:45:16,Segmentation,0,2
2026-07-27 10:45:17,Segmentation,0,2
2026-07-27 10:45:18,Segmentation,0,2
2026-07-27 10:45:19,Segmentation,0,2
2026-07-27 10:45:20,Segmentation,0,2
2026-07-27 10:45:21,Segmentation,0,2
2026-07-27 10:45:23,Segmentation,0,2
2026-07-27 10:45:24,Segmentation,0,2
2026-07-27 10:45:25,Segmentation,0,2
2026-07-27 10:45:26,Segmentation,0,2
2026-07-27 10:45:27,Segmentation,0,2
2026-07-27 10:45:28,Segmentation,0,2
2026-07-27 10:45:29,Segmentation,0,2
2026-07-27 10:45:31,Segmentation,0,2
2026-07-27 10:45:32,Segmentation,0,2
2026-07-27 10:45:33,Segmentation,0,2
2026-07-27 10:45:34,Segmentation,0,2
2026-07-27 10:45:35,Segmentation,0,2
2026-07-27 10:45:36,Segmentation,0,2
2026-07-27 10:45:38,Segmentation,0,2
2026-07-27 10:45:39,Segmentation,0,2
2026-07-27 10:45:40,Segmentation,0,2
2026-07-27 10:45:41,Segmentation,0,2
2026-07-27 10:45:42,Segmentation,0,2
2026-07-27 10:45:43,Segmentation,0,2
2026-07-27 10:45:44,Segmentation,0,2
2026-07-27 10:45:45,Segmentation,0,2
2026-07-27 10:45:46,Segmentation,0,2
2026-07-27 10:45:48,Segmentation,0,2
2026-07-27 10:45:49,Segmentation,0,2
2026-07-27 10:45:50,Segmentation,0,2
2026-07-27 10:45:51,Segmentation,0,2
2026-07-27 10:45:52,Segmentation,0,2
2026-07-27 10:45:53,Segmentation,0,2
2026-07-27 10:45:54,Segmentation,0,2
2026-07-27 10:45:55,Segmentation,0,2
2026-07-27 10:45:56,Segmentation,0,2
2026-07-27 10:45:57,Segmentation,0,2
2026-07-27 10:45:59,Segmentation,0,2
2026-07-27 10:46:00,Segmentation,0,2
2026-07-27 10:46:01,Segmentation,0,2
2026-07-27 10:46:02,Segmentation,0,2
2026-07-27 10:46:03,Segmentation,0,2
2026-07-27 10:46:04,Segmentation,0,2
2026-07-27 10:46:05,Segmentation,0,2
2026-07-27 10:46:07,Segmentation,0,2
2026-07-27 10:46:08,Segmentation,0,2
2026-07-27 10:46:09,Segmentation,0,2
2026-07-27 10:46:10,Segmentation,0,2
2026-07-27 10:46:11,Segmentation,0,2
2026-07-27 10:46:13,Segmentation,0,2
2026-07-27 10:46:14,Segmentation,0,2
2026-07-27 10:46:15,Segmentation,0,2
2026-07-27 10:46:16,Segmentation,0,2
2026-07-27 10:46:17,Segmentation,0,2
2026-07-27 10:46:18,Segmentation,0,2
2026-07-27 13:55:03,Detection,0,1
2026-07-27 13:55:04,Detection,0,1
2026-07-27 13:55:05,Detection,0,1
2026-07-27 13:55:06,Detection,0,1
2026-07-27 13:55:07,Detection,0,1
2026-07-27 13:55:08,Detection,0,2
2026-07-27 13:55:09,Detection,0,3
2026-07-27 13:55:10,Detection,0,2
2026-07-27 13:55:11,Detection,0,2
2026-07-27 13:55:12,Detection,0,2
2026-07-27 13:55:13,Detection,0,2
2026-07-27 13:55:14,Detection,0,2
2026-07-27 13:55:16,Detection,0,3
2026-07-27 13:55:17,Detection,0,2
2026-07-27 13:55:18,Detection,0,1
2026-07-27 13:55:19,Detection,0,2
2026-07-27 13:55:20,Detection,0,4
2026-07-27 13:55:21,Detection,0,3
2026-07-27 13:55:22,Detection,0,3
2026-07-27 13:55:23,Detection,0,4
2026-07-27 13:55:24,Detection,0,3
2026-07-27 13:55:25,Detection,0,2
2026-07-27 13:55:26,Detection,0,2
2026-07-27 13:55:27,Detection,0,2
2026-07-27 13:55:28,Detection,0,2
2026-07-27 13:55:29,Detection,0,3
2026-07-27 13:55:30,Detection,0,2
2026-07-27 13:55:31,Detection,0,3
2026-07-27 13:55:32,Detection,0,3
2026-07-27 13:55:33,Detection,0,2
2026-07-27 13:55:34,Detection,0,2
2026-07-27 13:55:35,Detection,0,3
2026-07-27 13:55:36,Detection,0,2
2026-07-27 13:55:37,Detection,0,2
2026-07-27 13:55:39,Detection,0,2
2026-07-27 13:55:40,Detection,0,3
2026-07-27 13:55:41,Detection,0,2
2026-07-27 13:55:42,Detection,0,2
2026-07-27 13:55:43,Detection,0,3
2026-07-27 13:55:44,Detection,0,3
2026-07-27 13:55:45,Detection,0,3
2026-07-27 13:55:46,Detection,0,2
2026-07-27 13:55:47,Detection,0,4
2026-07-27 13:55:48,Detection,0,2
2026-07-27 13:55:49,Detection,0,3
2026-07-27 13:55:50,Detection,0,2
2026-07-27 13:55:51,Detection,0,2
2026-07-27 13:55:52,Detection,0,1
2026-07-27 13:55:53,Detection,0,1
2026-07-27 13:55:54,Detection,0,1
2026-07-27 13:55:55,Detection,0,2
2026-07-27 13:55:56,Detection,0,2
2026-07-27 13:55:57,Detection,0,3
2026-07-27 13:55:58,Detection,0,2
2026-07-27 13:55:59,Detection,0,2
2026-07-27 13:56:00,Detection,0,2
2026-07-27 13:56:02,Detection,0,2
2026-07-27 13:56:03,Detection,0,2
2026-07-27 13:56:04,Detection,0,3
2026-07-27 13:56:05,Detection,0,2
2026-07-27 13:56:06,Tracking,0,2
2026-07-27 13:56:07,Tracking,0,2
2026-07-27 13:56:08,Tracking,0,2
2026-07-27 13:56:09,Pose,0,2
2026-07-27 13:56:10,Pose,0,2
2026-07-27 13:56:11,Pose,0,2
2026-07-27 13:56:12,Pose,0,2
2026-07-27 13:56:13,Pose,0,2
2026-07-27 13:56:14,Pose,0,2
2026-07-27 13:56:15,Pose,0,2
2026-07-27 13:56:16,Pose,0,2
2026-07-27 13:56:18,Pose,0,2
2026-07-27 13:56:19,Pose,0,2
2026-07-27 13:56:20,Pose,0,2
2026-07-27 13:56:21,Pose,0,2
2026-07-27 13:56:22,Pose,0,2
2026-07-27 13:56:23,Pose,0,2
2026-07-27 13:56:24,Pose,0,2
2026-07-27 13:56:25,Pose,0,2
2026-07-27 13:56:26,Pose,0,2
2026-07-27 13:56:27,Pose,0,2
2026-07-27 13:56:28,Pose,0,2
2026-07-27 13:56:29,Pose,0,2
2026-07-27 13:56:30,Pose,0,2
2026-07-27 13:56:31,Pose,0,2
2026-07-27 13:56:32,Pose,0,2
2026-07-27 13:56:33,Pose,0,2
2026-07-27 13:56:34,Pose,0,2
2026-07-27 13:56:36,Pose,0,2
2026-07-27 13:56:37,Segmentation,0,2
2026-07-27 13:56:38,Segmentation,0,2
2026-07-27 13:56:39,Segmentation,0,2
2026-07-27 13:56:40,Segmentation,0,2
2026-07-27 13:56:41,Segmentation,0,2
2026-07-27 13:56:42,Segmentation,0,2
2026-07-27 13:56:43,Segmentation,0,2
2026-07-27 13:56:44,Segmentation,0,2
2026-07-27 13:56:46,Segmentation,0,2
2026-07-27 13:56:47,Segmentation,0,2
2026-07-27 13:56:48,Segmentation,0,2
2026-07-27 13:56:49,Segmentation,0,2
2026-07-27 13:56:50,Segmentation,0,2
2026-07-27 13:56:51,Segmentation,0,2
2026-07-27 13:56:52,Segmentation,0,2
2026-07-27 13:56:53,Segmentation,0,2
2026-07-27 13:56:54,Segmentation,0,2
2026-07-27 13:56:56,Segmentation,0,2
2026-07-27 13:56:57,Segmentation,0,2
2026-07-27 13:56:58,Tactical HUD,0,3
2026-07-27 13:56:59,Tactical HUD,0,1
2026-07-27 13:57:00,Tactical HUD,0,1
2026-07-27 13:57:01,Tactical HUD,0,1
2026-07-27 13:57:02,Tactical HUD,0,1
2026-07-27 13:57:03,Tactical HUD,0,3
2026-07-27 13:57:05,Tactical HUD,0,1
2026-07-27 13:57:06,Tactical HUD,0,3
2026-07-27 13:57:07,Tactical HUD,0,2
2026-07-27 13:57:08,Tactical HUD,0,3
2026-07-27 13:57:09,Tactical HUD,0,2
2026-07-27 13:57:10,Tactical HUD,0,2
2026-07-27 13:57:11,Tactical HUD,0,3
2026-07-27 13:57:12,Tactical HUD,0,2
2026-07-27 13:57:13,Tactical HUD,0,2
2026-07-27 13:57:14,Tactical HUD,0,2
2026-07-27 13:57:15,Tactical HUD,0,2
2026-07-27 13:57:17,Tactical HUD,0,2
2026-07-27 13:57:18,Tactical HUD,0,2
2026-07-27 13:57:19,Tactical HUD,0,2
2026-07-27 13:57:20,Tactical HUD,0,2
2026-07-27 13:57:21,Tactical HUD,0,2
2026-07-27 13:57:22,Tactical HUD,0,3
2026-07-27 13:57:23,Tactical HUD,0,2
2026-07-27 13:57:24,Tactical HUD,0,2
2026-07-27 13:57:25,Tactical HUD,0,2
2026-07-27 13:57:26,Tactical HUD,0,1
2026-07-27 13:57:27,Tactical HUD,0,1
2026-07-27 13:57:29,Tactical HUD,0,1
2026-07-27 13:57:30,Tactical HUD,0,1
2026-07-27 13:57:31,Tactical HUD,0,1
2026-07-27 13:57:32,Tactical HUD,0,1
2026-07-27 13:57:33,Tactical HUD,0,1
2026-07-27 13:57:34,Tactical HUD,0,2
2026-07-27 13:57:36,Tactical HUD,0,2
2026-07-27 13:57:37,Tactical HUD,0,2
2026-07-27 13:57:38,Tactical HUD,0,2
2026-07-27 13:57:39,Tactical HUD,0,1
2026-07-27 13:57:40,Tactical HUD,0,1
2026-07-27 13:57:41,Tactical HUD,0,1
2026-07-27 13:57:42,Tactical HUD,0,1
2026-07-27 13:57:43,Tactical HUD,0,2
2026-07-27 13:57:44,Tactical HUD,0,3
2026-07-27 13:57:45,Tactical HUD,0,2
2026-07-27 13:57:46,Tactical HUD,0,4
2026-07-27 13:57:48,Tactical HUD,0,3
2026-07-27 13:57:49,Tactical HUD,0,2
2026-07-27 13:57:50,Tactical HUD,0,2
2026-07-27 13:57:51,Tactical HUD,0,1
2026-07-27 13:57:52,Tactical HUD,0,1
2026-07-27 13:57:53,Tactical HUD,0,1
2026-07-27 13:57:55,Tactical HUD,0,1
2026-07-27 13:57:56,Tactical HUD,0,1
2026-07-27 13:57:57,Tactical HUD,0,1
2026-07-27 13:57:58,Tactical HUD,0,1
2026-07-27 13:57:59,Tactical HUD,0,1
2026-07-27 13:58:00,Tactical HUD,0,2
2026-07-27 13:58:02,Tactical HUD,0,2
2026-07-27 13:58:03,Tactical HUD,0,2
2026-07-27 13:58:04,Tactical HUD,0,1
2026-07-27 13:58:05,Detection,0,2
2026-07-27 13:58:06,Detection,0,1
2026-07-27 13:58:07,Detection,0,1
2026-07-27 13:58:08,Detection,0,1
2026-07-27 13:58:09,Detection,0,1
2026-07-27 13:58:10,Detection,0,2
2026-07-27 13:58:11,Detection,0,1
2026-07-27 13:58:12,Detection,0,1
2026-07-27 13:58:13,Detection,0,1
2026-07-27 13:58:14,Detection,0,1
2026-07-27 13:58:16,Detection,0,1
2026-07-27 13:58:17,Pose,0,1
2026-07-27 13:58:18,Pose,0,1
2026-07-27 13:58:19,Pose,0,1
2026-07-27 13:58:20,Pose,0,1
2026-07-27 13:58:21,Pose,0,1
2026-07-27 13:58:22,Pose,0,1
2026-07-27 13:58:23,Pose,0,1
2026-07-27 13:58:24,Pose,0,1
2026-07-27 13:58:25,Pose,0,1
2026-07-27 13:58:26,Pose,0,1
2026-07-27 13:58:27,Pose,0,1
2026-07-27 13:58:28,Pose,0,1
2026-07-27 13:58:29,Pose,0,1
2026-07-27 13:58:30,Pose,0,1
2026-07-27 13:58:31,Segmentation,0,1
2026-07-27 13:58:33,Segmentation,0,1
2026-07-27 13:58:34,Segmentation,0,1
2026-07-27 13:58:35,Segmentation,0,1
2026-07-27 13:58:36,Segmentation,0,1
2026-07-27 13:58:37,Segmentation,0,1
2026-07-27 13:58:38,Segmentation,0,1
2026-07-27 13:58:39,Segmentation,0,1
2026-07-27 13:58:40,Segmentation,0,1
2026-07-27 13:58:42,Segmentation,0,1
2026-07-27 13:58:43,Segmentation,0,1
2026-07-27 13:58:44,Segmentation,0,1
2026-07-27 13:58:45,Segmentation,0,1
2026-07-27 13:58:46,Segmentation,0,1
2026-07-27 13:58:47,Segmentation,0,1
2026-07-27 13:58:48,Segmentation,0,1
2026-07-27 13:58:49,Segmentation,0,1
2026-07-27 13:58:50,Segmentation,0,1
2026-07-27 13:58:52,Segmentation,0,1
2026-07-27 13:58:53,Tactical HUD,0,1
2026-07-27 13:58:54,Tactical HUD,0,1
2026-07-27 13:58:55,Tactical HUD,0,1
2026-07-27 13:58:56,Tactical HUD,0,1
2026-07-27 13:58:57,Tactical HUD,0,1
2026-07-27 13:58:58,Tactical HUD,0,1
2026-07-27 13:58:59,Tactical HUD,0,1
2026-07-27 13:59:01,Tactical HUD,0,1
2026-07-27 13:59:02,Tactical HUD,0,1
2026-07-27 13:59:03,Tactical HUD,0,1
2026-07-27 13:59:04,Tactical HUD,0,1
2026-07-27 13:59:05,Tactical HUD,0,1
2026-07-27 13:59:07,Tactical HUD,0,1
2026-07-27 13:59:08,Tactical HUD,0,1
2026-07-27 13:59:09,Tactical HUD,0,1
2026-07-27 13:59:10,Tactical HUD,0,1
2026-07-27 13:59:11,Tactical HUD,0,1
2026-07-27 13:59:12,Tactical HUD,0,2
2026-07-27 13:59:13,Tactical HUD,0,2
2026-07-27 13:59:14,Tactical HUD,0,2
2026-07-27 13:59:15,Tactical HUD,0,2
2026-07-27 13:59:16,Tactical HUD,0,2
2026-07-27 13:59:18,Tactical HUD,0,2
2026-07-27 13:59:19,Tactical HUD,0,1
2026-07-27 13:59:20,Tactical HUD,0,1
2026-07-27 13:59:21,Tactical HUD,0,1
2026-07-27 13:59:22,Tactical HUD,0,1
2026-07-27 13:59:23,Tactical HUD,0,1
2026-07-27 13:59:25,Tactical HUD,0,1
2026-07-27 13:59:26,Tactical HUD,0,1
2026-07-27 13:59:27,Tactical HUD,0,1
2026-07-27 13:59:28,Tactical HUD,0,1
2026-07-27 13:59:29,Tactical HUD,0,1
2026-07-27 13:59:30,Tactical HUD,0,1
2026-07-27 13:59:31,Tactical HUD,0,1
2026-07-27 13:59:32,Tactical HUD,0,1
2026-07-27 13:59:33,Tactical HUD,0,1
2026-07-27 13:59:34,Tactical HUD,0,1
2026-07-27 13:59:35,Tactical HUD,0,1
2026-07-27 13:59:37,Tactical HUD,0,1
2026-07-27 13:59:38,Tactical HUD,0,1
2026-07-27 13:59:39,Tactical HUD,0,1
2026-07-27 13:59:40,Tactical HUD,0,1
2026-07-27 13:59:41,Tactical HUD,0,1
2026-07-27 13:59:42,Tactical HUD,0,1
2026-07-27 13:59:43,Tactical HUD,0,1
2026-07-27 13:59:44,Tactical HUD,0,1
2026-07-27 13:59:45,Tactical HUD,0,1
2026-07-27 13:59:47,Tactical HUD,0,2
2026-07-27 13:59:48,Tactical HUD,0,2
2026-07-27 13:59:49,Tactical HUD,0,1
2026-07-27 13:59:50,Tactical HUD,0,1
2026-07-27 13:59:51,Tactical HUD,0,1
2026-07-27 13:59:53,Tactical HUD,0,1
2026-07-27 13:59:54,Tactical HUD,0,1
2026-07-27 13:59:55,Tactical HUD,0,1
2026-07-27 13:59:56,Tactical HUD,0,1
2026-07-27 13:59:57,Tactical HUD,0,1
2026-07-27 13:59:58,Tactical HUD,0,1
2026-07-27 14:00:00,Tactical HUD,0,1
2026-07-27 14:00:01,Tactical HUD,0,1
2026-07-27 14:00:02,Tactical HUD,0,1
2026-07-27 14:00:03,Tactical HUD,0,2
2026-07-27 14:00:04,Tactical HUD,0,1
2026-07-27 14:00:05,Tactical HUD,0,1
2026-07-27 14:00:06,Tactical HUD,0,1
2026-07-27 14:00:07,Tactical HUD,0,1
2026-07-27 14:00:08,Tactical HUD,0,1
2026-07-27 14:00:10,Tactical HUD,0,1
2026-07-27 14:00:11,Tactical HUD,0,1
2026-07-27 14:00:12,Tactical HUD,0,1
2026-07-27 14:00:13,Tactical HUD,0,1
2026-07-27 14:00:14,Tactical HUD,0,1
2026-07-27 14:00:15,Tactical HUD,0,1
2026-07-27 14:00:17,Tactical HUD,0,1
2026-07-27 14:00:18,Tactical HUD,0,1
2026-07-27 14:00:19,Tactical HUD,0,1
2026-07-27 14:00:20,Tactical HUD,0,1
2026-07-27 14:00:21,Tactical HUD,0,1
2026-07-27 14:00:22,Tactical HUD,0,1
2026-07-27 14:00:23,Tactical HUD,0,1
2026-07-27 14:00:25,Tactical HUD,0,1
2026-07-27 14:00:26,Tactical HUD,0,2
2026-07-27 14:00:27,Tactical HUD,0,3
2026-07-27 14:00:28,Tactical HUD,0,2
2026-07-27 14:00:29,Tactical HUD,0,3
2026-07-27 14:00:30,Tactical HUD,0,2
2026-07-27 14:00:31,Tactical HUD,0,2
2026-07-27 14:00:32,Tactical HUD,0,1
2026-07-27 14:00:34,Tactical HUD,0,1
2026-07-27 14:00:35,Tactical HUD,0,1
2026-07-27 14:00:36,Tactical HUD,0,1
2026-07-27 14:00:37,Tactical HUD,0,1
2026-07-27 14:00:38,Tactical HUD,0,2
2026-07-27 14:00:39,Tactical HUD,0,1
2026-07-27 14:00:40,Tactical HUD,0,1
2026-07-27 14:00:41,Tactical HUD,0,1
2026-07-27 14:00:42,Tactical HUD,0,1
2026-07-27 14:00:44,Tactical HUD,0,2
2026-07-27 14:00:45,Tactical HUD,0,2
2026-07-27 14:00:46,Tactical HUD,0,2
2026-07-27 14:00:47,Tactical HUD,0,3
2026-07-27 14:00:48,Tactical HUD,0,2
2026-07-27 14:00:49,Tactical HUD,0,2
2026-07-27 14:00:50,Tactical HUD,0,2
2026-07-27 14:00:52,Tactical HUD,0,2
2026-07-27 14:00:53,Tactical HUD,0,1
2026-07-27 14:00:54,Tactical HUD,0,1
2026-07-27 14:00:55,Tactical HUD,0,1
2026-07-27 14:00:56,Tactical HUD,0,1
2026-07-27 14:00:57,Tactical HUD,0,1
2026-07-27 14:00:58,Tactical HUD,0,1
2026-07-27 14:01:00,Tactical HUD,0,2
2026-07-27 14:01:01,Tactical HUD,0,2
2026-07-27 14:01:02,Tactical HUD,0,1
2026-07-27 14:01:03,Tactical HUD,0,1
2026-07-27 14:01:04,Tactical HUD,0,1
2026-07-27 14:01:05,Tactical HUD,0,1
2026-07-27 14:01:06,Tactical HUD,0,1
2026-07-27 14:01:07,Tactical HUD,0,1
2026-07-27 14:01:08,Tactical HUD,0,1
2026-07-27 14:01:10,Tactical HUD,0,1
2026-07-27 14:01:11,Tactical HUD,0,1
2026-07-27 14:01:12,Tactical HUD,0,1
2026-07-27 14:01:13,Tactical HUD,0,1
2026-07-27 14:01:14,Tactical HUD,0,1
2026-07-27 14:01:15,Tactical HUD,0,1
2026-07-27 14:01:16,Tactical HUD,0,1
2026-07-27 14:01:17,Tactical HUD,0,1
2026-07-27 14:01:19,Tactical HUD,0,1
2026-07-27 14:01:20,Tactical HUD,0,1
2026-07-27 14:01:21,Tactical HUD,0,1
2026-07-27 14:01:22,Tactical HUD,0,1
2026-07-27 14:01:23,Tactical HUD,0,1
2026-07-27 14:01:25,Tactical HUD,0,1
2026-07-27 14:01:26,Tactical HUD,0,1
2026-07-27 14:01:27,Tactical HUD,0,1
2026-07-27 14:01:28,Tactical HUD,0,1
2026-07-27 14:01:29,Tactical HUD,0,1
2026-07-27 14:01:30,Tactical HUD,0,1
2026-07-27 14:01:31,Tactical HUD,0,1
2026-07-27 14:01:32,Tactical HUD,0,1
2026-07-27 14:01:33,Tactical HUD,0,1
2026-07-27 14:01:35,Tactical HUD,0,1
2026-07-27 14:01:36,Tactical HUD,0,1
2026-07-27 14:01:37,Tactical HUD,0,1
2026-07-27 14:01:38,Tactical HUD,0,1
2026-07-27 14:01:39,Tactical HUD,0,1
2026-07-27 14:01:40,Tactical HUD,0,1
2026-07-27 14:01:41,Tactical HUD,0,2
2026-07-27 14:01:42,Tactical HUD,0,2
2026-07-27 14:01:44,Tactical HUD,0,2
2026-07-27 14:01:45,Tactical HUD,0,1
2026-07-27 14:01:46,Tactical HUD,0,1
2026-07-27 14:01:47,Tactical HUD,0,1
2026-07-27 14:01:48,Tactical HUD,0,1
2026-07-27 14:01:49,Tactical HUD,0,1
2026-07-27 14:01:50,Tactical HUD,0,1
2026-07-27 14:01:51,Tactical HUD,0,2
2026-07-27 14:01:53,Tactical HUD,0,2
2026-07-27 14:01:54,Tactical HUD,0,2
2026-07-27 14:01:55,Tactical HUD,0,1
2026-07-27 14:01:56,Tactical HUD,0,1
2026-07-27 14:01:57,Tactical HUD,0,1
2026-07-27 14:01:59,Tactical HUD,0,1
2026-07-27 14:02:00,Tactical HUD,0,1
2026-07-27 14:02:01,Tactical HUD,0,1
2026-07-27 14:02:02,Tactical HUD,0,1
2026-07-27 14:02:03,Tactical HUD,0,1
2026-07-27 14:02:04,Tactical HUD,0,1
2026-07-27 14:02:05,Tactical HUD,0,1
2026-07-27 14:02:06,Tactical HUD,0,1
2026-07-27 14:02:08,Tactical HUD,0,2
2026-07-27 14:02:09,Tactical HUD,0,3
2026-07-27 14:02:10,Tactical HUD,0,2
2026-07-27 14:02:11,Tactical HUD,0,5
2026-07-27 14:02:12,Tactical HUD,0,4
2026-07-27 14:02:13,Tactical HUD,0,4
2026-07-27 14:02:14,Tactical HUD,0,4
2026-07-27 14:02:15,Tactical HUD,0,4
2026-07-27 14:02:16,Tactical HUD,0,5
2026-07-27 14:02:18,Tactical HUD,0,3
2026-07-27 14:02:19,Tactical HUD,0,4
2026-07-27 14:02:20,Tactical HUD,0,4
2026-07-27 14:02:21,Tactical HUD,0,3
2026-07-27 14:02:22,Tactical HUD,0,4
2026-07-27 14:02:24,Tactical HUD,0,2
2026-07-27 14:02:25,Tactical HUD,0,2
2026-07-27 14:02:26,Tactical HUD,0,4
2026-07-27 14:02:27,Tactical HUD,0,5
2026-07-27 14:02:28,Tactical HUD,0,4
2026-07-27 14:02:29,Tactical HUD,0,5
2026-07-27 14:02:30,Tactical HUD,0,3
2026-07-27 14:02:31,Tactical HUD,0,5
2026-07-27 14:02:33,Tactical HUD,0,5
2026-07-27 14:02:34,Tactical HUD,0,4
2026-07-27 14:02:35,Tactical HUD,0,3
2026-07-27 14:02:36,Tactical HUD,0,2
2026-07-27 14:02:37,Tactical HUD,0,3
2026-07-27 14:02:38,Tactical HUD,0,4
2026-07-27 14:02:40,Tactical HUD,0,1
2026-07-27 14:02:41,Tactical HUD,0,1
2026-07-27 14:02:42,Tactical HUD,0,3
2026-07-27 14:02:43,Tactical HUD,0,4
2026-07-27 14:02:44,Tactical HUD,0,2
2026-07-27 14:02:45,Tactical HUD,0,2
2026-07-27 14:02:46,Tactical HUD,0,3
2026-07-27 14:02:47,Tactical HUD,0,3
2026-07-27 14:02:49,Tactical HUD,0,3
2026-07-27 14:02:50,Tactical HUD,0,2
2026-07-27 14:02:51,Tactical HUD,0,3
2026-07-27 14:02:52,Tactical HUD,0,2
2026-07-27 14:02:53,Tactical HUD,0,3
2026-07-27 14:02:54,Tactical HUD,0,2
2026-07-27 14:02:55,Tactical HUD,0,2
2026-07-27 14:02:57,Tactical HUD,0,2
2026-07-27 14:02:58,Tactical HUD,0,2
2026-07-27 14:02:59,Tactical HUD,0,3
2026-07-27 14:03:00,Tactical HUD,0,3
2026-07-27 14:03:01,Tactical HUD,0,2
2026-07-27 14:03:02,Tactical HUD,0,2
2026-07-27 14:03:03,Tactical HUD,0,2
2026-07-27 14:03:04,Tactical HUD,0,2
2026-07-27 14:03:06,Tactical HUD,0,2
2026-07-27 14:03:07,Tactical HUD,0,2
2026-07-27 14:03:08,Tactical HUD,0,1
2026-07-27 14:03:09,Tactical HUD,0,1
2026-07-27 14:03:10,Tactical HUD,0,1
2026-07-27 14:03:11,Tactical HUD,0,1
2026-07-27 14:03:12,Tactical HUD,0,1
2026-07-27 14:03:13,Tactical HUD,0,1
2026-07-27 14:03:14,Tactical HUD,0,1
2026-07-27 14:03:15,Tactical HUD,0,1
2026-07-27 14:03:16,Tactical HUD,0,1
2026-07-27 14:03:18,Tactical HUD,0,1
2026-07-27 14:03:19,Tactical HUD,0,1
2026-07-27 14:03:20,Tactical HUD,0,1
2026-07-27 14:03:21,Tactical HUD,0,1
2026-07-27 14:03:22,Tactical HUD,0,1
2026-07-27 14:03:23,Tactical HUD,0,1
2026-07-27 14:03:24,Tactical HUD,0,1
2026-07-27 14:03:26,Tactical HUD,0,1
2026-07-27 14:03:27,Tactical HUD,0,1
2026-07-27 14:03:28,Tactical HUD,0,1
2026-07-27 14:03:29,Tactical HUD,0,1
2026-07-27 14:03:30,Tactical HUD,0,1
2026-07-27 14:03:31,Tactical HUD,0,1
2026-07-27 14:03:32,Tactical HUD,0,1
2026-07-27 14:03:33,Tactical HUD,0,1
2026-07-27 14:03:34,Tactical HUD,0,1
2026-07-27 14:03:35,Tactical HUD,0,1
2026-07-27 14:03:36,Tactical HUD,0,1
2026-07-27 14:03:37,Tactical HUD,0,1
2026-07-27 14:03:39,Tactical HUD,0,1
2026-07-27 14:03:40,Tactical HUD,0,1
2026-07-27 14:03:41,Tactical HUD,0,1
2026-07-27 14:03:42,Tactical HUD,0,1
2026-07-27 14:03:43,Tactical HUD,0,1
2026-07-27 14:03:44,Tactical HUD,0,1
2026-07-27 14:03:45,Tactical HUD,0,1
2026-07-27 14:03:46,Tactical HUD,0,1
2026-07-27 14:03:47,Tactical HUD,0,1
2026-07-27 14:03:49,Tactical HUD,0,1
2026-07-27 14:03:50,Tactical HUD,0,1
2026-07-27 14:03:51,Tactical HUD,0,1
2026-07-27 14:03:52,Tactical HUD,0,1
2026-07-27 14:03:53,Tactical HUD,0,1
2026-07-27 14:03:54,Tactical HUD,0,1
2026-07-27 14:03:55,Tactical HUD,0,1
2026-07-27 14:03:57,Tactical HUD,0,1
2026-07-27 14:03:58,Tactical HUD,0,1
2026-07-27 14:03:59,Tactical HUD,0,3
2026-07-27 14:04:00,Tactical HUD,0,1
2026-07-27 14:04:01,Tactical HUD,0,2
2026-07-27 14:04:02,Tactical HUD,0,2
2026-07-27 14:04:04,Tactical HUD,0,2
2026-07-27 14:04:05,Tactical HUD,0,1
2026-07-27 14:04:06,Tactical HUD,0,1
2026-07-27 14:04:07,Tactical HUD,0,2
2026-07-27 14:04:08,Tactical HUD,0,1
2026-07-27 14:04:09,Tactical HUD,0,1
2026-07-27 14:04:10,Tactical HUD,0,1
2026-07-27 14:04:11,Tactical HUD,0,1
2026-07-27 14:04:12,Tactical HUD,0,1
2026-07-27 14:04:14,Tactical HUD,0,1
2026-07-27 14:04:15,Tactical HUD,0,1
2026-07-27 14:04:16,Tactical HUD,0,2
2026-07-27 14:04:17,Tactical HUD,0,1
2026-07-27 14:04:18,Tactical HUD,0,1
2026-07-27 14:04:19,Tactical HUD,0,1
2026-07-27 14:04:20,Tactical HUD,0,1
2026-07-27 14:04:21,Tactical HUD,0,1
2026-07-27 14:04:23,Tactical HUD,0,2
2026-07-27 14:04:24,Tactical HUD,0,1
2026-07-27 14:04:25,Tactical HUD,0,1
2026-07-27 14:04:26,Tactical HUD,0,1
2026-07-27 14:04:27,Tactical HUD,0,1
2026-07-27 14:04:29,Tactical HUD,0,1
2026-07-27 14:04:30,Tactical HUD,0,1
2026-07-27 14:04:31,Tactical HUD,0,1
2026-07-27 14:04:32,Tactical HUD,0,1
2026-07-27 14:04:33,Tactical HUD,0,2
2026-07-27 14:04:34,Tactical HUD,0,1
2026-07-27 14:04:35,Tactical HUD,0,1
2026-07-27 14:04:36,Tactical HUD,0,1
2026-07-27 14:04:38,Tactical HUD,0,1
2026-07-27 14:04:39,Tactical HUD,0,1
2026-07-27 14:04:40,Tactical HUD,0,1
2026-07-27 14:04:41,Tactical HUD,0,1
2026-07-27 14:04:42,Tactical HUD,0,1
2026-07-27 14:04:44,Tactical HUD,0,1
2026-07-27 14:04:45,Tactical HUD,0,1
2026-07-27 14:04:46,Tactical HUD,0,1
2026-07-27 14:04:47,Tactical HUD,0,1
2026-07-27 14:04:48,Tactical HUD,0,1
2026-07-27 14:04:49,Tactical HUD,0,1
2026-07-27 14:04:50,Tactical HUD,0,1
2026-07-27 14:04:51,Tactical HUD,0,1
2026-07-27 14:04:53,Tactical HUD,0,1
2026-07-27 14:04:54,Tactical HUD,0,1
2026-07-27 14:04:55,Tactical HUD,0,1
2026-07-27 14:04:56,Tactical HUD,0,1
2026-07-27 14:04:57,Tactical HUD,0,1
2026-07-27 14:04:58,Tactical HUD,0,1
2026-07-27 14:05:00,Tactical HUD,0,1
2026-07-27 14:05:01,Tactical HUD,0,1
2026-07-27 14:05:02,Tactical HUD,0,1
2026-07-27 14:05:03,Tactical HUD,0,1
2026-07-27 14:05:04,Tactical HUD,0,1
2026-07-27 14:05:05,Tactical HUD,0,1
2026-07-27 14:05:06,Tactical HUD,0,1
2026-07-27 14:05:07,Tactical HUD,0,1
2026-07-27 14:05:09,Tactical HUD,0,1
2026-07-27 14:05:10,Tactical HUD,0,2
2026-07-27 14:05:11,Tactical HUD,0,2
2026-07-27 14:05:12,Tactical HUD,0,2
2026-07-27 14:05:13,Tactical HUD,0,2
2026-07-27 14:05:14,Tactical HUD,0,2
2026-07-27 14:05:16,Tactical HUD,0,2
2026-07-27 14:05:17,Tactical HUD,0,2
2026-07-27 14:05:18,Tactical HUD,0,2
2026-07-27 14:05:19,Tactical HUD,0,2
2026-07-27 14:05:20,Tactical HUD,0,2
2026-07-27 14:05:21,Tactical HUD,0,2
2026-07-27 14:05:23,Tactical HUD,0,2
2026-07-27 14:05:24,Tactical HUD,0,2
2026-07-27 14:05:25,Tactical HUD,0,2
2026-07-27 14:05:26,Tactical HUD,0,2
2026-07-27 14:05:27,Tactical HUD,0,2
2026-07-27 14:05:28,Tactical HUD,0,3
2026-07-27 14:05:29,Tactical HUD,0,2
2026-07-27 14:05:31,Tactical HUD,0,2
2026-07-27 14:05:32,Tactical HUD,0,2
2026-07-27 14:05:33,Tactical HUD,0,2
2026-07-27 14:05:34,Tactical HUD,0,3
2026-07-27 14:05:35,Tactical HUD,0,2
2026-07-27 14:05:37,Tactical HUD,0,2
2026-07-27 14:05:38,Tactical HUD,0,2
2026-07-27 14:05:39,Tactical HUD,0,1
2026-07-27 14:05:40,Tactical HUD,0,2
2026-07-27 14:05:41,Tactical HUD,0,2
2026-07-27 14:05:42,Tactical HUD,0,2
2026-07-27 14:05:44,Tactical HUD,0,2
2026-07-27 14:05:45,Tactical HUD,0,1
2026-07-27 14:05:46,Tactical HUD,0,3
2026-07-27 14:05:47,Tactical HUD,0,4
2026-07-27 14:05:49,Tactical HUD,0,4
2026-07-27 14:05:50,Tactical HUD,0,3
2026-07-27 14:05:51,Tactical HUD,0,2
2026-07-27 14:05:52,Tactical HUD,0,1
2026-07-27 14:05:53,Tactical HUD,0,2
2026-07-27 14:05:54,Tactical HUD,0,2
2026-07-27 14:05:55,Tactical HUD,0,2
2026-07-27 14:05:56,Tactical HUD,0,2
2026-07-27 14:05:58,Tactical HUD,0,3
2026-07-27 14:05:59,Tactical HUD,0,2
2026-07-27 14:06:00,Tactical HUD,0,2
2026-07-27 14:06:01,Tactical HUD,0,2
2026-07-27 14:06:02,Tactical HUD,0,2
2026-07-27 14:06:03,Tactical HUD,0,2
2026-07-27 14:06:05,Tactical HUD,0,3
2026-07-27 14:06:06,Tactical HUD,0,4
2026-07-27 14:06:07,Tactical HUD,0,3
2026-07-27 14:06:08,Tactical HUD,0,2
2026-07-27 14:06:09,Tactical HUD,0,2
2026-07-27 14:06:10,Tactical HUD,0,2
2026-07-27 14:06:11,Tactical HUD,0,2
2026-07-27 14:06:12,Tactical HUD,0,3
2026-07-27 14:06:14,Tactical HUD,0,2
2026-07-27 14:06:15,Tactical HUD,0,2
2026-07-27 14:06:16,Tactical HUD,0,2
2026-07-27 14:06:17,Tactical HUD,0,2
2026-07-27 14:06:18,Tactical HUD,0,2
2026-07-27 14:06:19,Tactical HUD,0,3
2026-07-27 14:06:21,Tactical HUD,0,3
2026-07-27 14:06:22,Tactical HUD,0,5
2026-07-27 14:06:23,Tactical HUD,0,4
2026-07-27 14:06:24,Tactical HUD,0,2
2026-07-27 14:06:25,Tactical HUD,0,2
2026-07-27 14:06:27,Tactical HUD,0,4
2026-07-27 14:06:28,Tactical HUD,0,3
2026-07-27 14:06:29,Tactical HUD,0,3
2026-07-27 14:06:30,Tactical HUD,0,4
2026-07-27 14:06:32,Tactical HUD,0,2
2026-07-27 14:06:33,Tactical HUD,0,2
2026-07-27 14:06:34,Tactical HUD,0,2
2026-07-27 14:06:36,Tactical HUD,0,2
2026-07-27 14:06:37,Tactical HUD,0,4
2026-07-27 14:06:38,Tactical HUD,0,3
2026-07-27 14:06:39,Tactical HUD,0,3
2026-07-27 14:06:40,Tactical HUD,0,3
2026-07-27 14:06:41,Tactical HUD,0,3
2026-07-27 14:06:42,Tactical HUD,0,3
2026-07-27 14:06:43,Tactical HUD,0,3
2026-07-27 14:06:45,Tactical HUD,0,3
2026-07-27 14:06:46,Tactical HUD,0,3
2026-07-27 14:06:48,Tactical HUD,0,2
2026-07-27 14:06:49,Tactical HUD,0,2
2026-07-27 14:06:50,Tactical HUD,0,1
2026-07-27 14:06:51,Tactical HUD,0,1
2026-07-27 14:06:52,Tactical HUD,0,1
2026-07-27 14:06:53,Tactical HUD,0,1
2026-07-27 14:06:55,Tactical HUD,0,1
2026-07-27 14:06:56,Tactical HUD,0,1
2026-07-27 14:06:57,Tactical HUD,0,1
2026-07-27 14:06:58,Tactical HUD,0,1
2026-07-27 14:06:59,Tactical HUD,0,1
2026-07-27 14:07:01,Tactical HUD,0,1
2026-07-27 14:07:02,Tactical HUD,0,1
2026-07-27 14:07:03,Tactical HUD,0,2
2026-07-27 14:07:04,Tactical HUD,0,1
2026-07-27 14:07:05,Tactical HUD,0,2
2026-07-27 14:07:06,Tactical HUD,0,2
2026-07-27 14:07:07,Tactical HUD,0,2
2026-07-27 14:07:09,Tactical HUD,0,2
2026-07-27 14:07:10,Tactical HUD,0,2
2026-07-27 14:07:11,Tactical HUD,0,2
2026-07-27 14:07:12,Tactical HUD,0,2
2026-07-27 14:07:13,Tactical HUD,0,2
2026-07-27 14:07:14,Tactical HUD,0,3
2026-07-27 14:07:15,Tactical HUD,0,2
2026-07-27 14:07:16,Tactical HUD,0,2
2026-07-27 14:07:18,Tactical HUD,0,2
2026-07-27 14:07:19,Tactical HUD,0,2
2026-07-27 14:07:20,Tactical HUD,0,2
2026-07-27 14:07:21,Tactical HUD,0,2
2026-07-27 14:07:22,Tactical HUD,0,2
2026-07-27 14:07:23,Tactical HUD,0,2
2026-07-27 14:07:24,Tactical HUD,0,4
2026-07-27 14:07:26,Tactical HUD,0,5
2026-07-27 14:07:27,Tactical HUD,0,3
2026-07-27 14:07:28,Tactical HUD,0,3
2026-07-27 14:07:29,Tactical HUD,0,2
2026-07-27 14:07:31,Tactical HUD,0,2
2026-07-27 14:07:32,Tactical HUD,0,2
2026-07-27 14:07:33,Tactical HUD,0,2
2026-07-27 14:07:34,Tactical HUD,0,1
2026-07-27 14:07:35,Tactical HUD,0,2
2026-07-27 14:07:36,Tactical HUD,0,3
2026-07-27 14:07:37,Tactical HUD,0,2
2026-07-27 14:07:38,Tactical HUD,0,2
2026-07-27 14:07:40,Tactical HUD,0,2
2026-07-27 14:07:41,Tactical HUD,0,2
2026-07-27 14:07:42,Tactical HUD,0,2
2026-07-27 14:07:43,Tactical HUD,0,2
2026-07-27 14:07:44,Tactical HUD,0,3
2026-07-27 14:07:45,Tactical HUD,0,4
2026-07-27 14:07:46,Tactical HUD,0,3
2026-07-27 14:07:48,Tactical HUD,0,2
2026-07-27 14:07:49,Tactical HUD,0,2
2026-07-27 14:07:50,Tactical HUD,0,2
2026-07-27 14:07:51,Tactical HUD,0,2
2026-07-27 14:07:52,Tactical HUD,0,2
2026-07-27 14:07:54,Tactical HUD,0,2
2026-07-27 14:07:55,Tactical HUD,0,2
2026-07-27 14:07:56,Tactical HUD,0,2
2026-07-27 14:07:57,Tactical HUD,0,1
2026-07-27 14:07:58,Tactical HUD,0,2
2026-07-27 14:07:59,Tactical HUD,0,2
2026-07-27 14:08:01,Tactical HUD,0,3
2026-07-27 14:08:02,Tactical HUD,0,2
2026-07-27 14:08:03,Tactical HUD,0,3
2026-07-27 14:08:04,Tactical HUD,0,3
2026-07-27 14:08:05,Tactical HUD,0,4
2026-07-27 14:08:06,Tactical HUD,0,3
2026-07-27 14:08:08,Tactical HUD,0,2
2026-07-27 14:08:09,Tactical HUD,0,2
2026-07-27 14:08:10,Tactical HUD,0,2
2026-07-27 14:08:11,Tactical HUD,0,2
2026-07-27 14:08:12,Tactical HUD,0,2
2026-07-27 14:08:13,Tactical HUD,0,3
2026-07-27 14:08:14,Tactical HUD,0,2
2026-07-27 14:08:16,Tactical HUD,0,3
2026-07-27 14:08:17,Tactical HUD,0,2
2026-07-27 14:08:18,Tactical HUD,0,2
2026-07-27 14:08:19,Tactical HUD,0,2
2026-07-27 14:08:20,Tactical HUD,0,2
2026-07-27 14:08:21,Tactical HUD,0,2
2026-07-27 14:08:22,Tactical HUD,0,2
2026-07-27 14:08:23,Tactical HUD,0,2
2026-07-27 14:08:25,Tactical HUD,0,2
2026-07-27 14:08:26,Tactical HUD,0,2
2026-07-27 14:08:27,Tactical HUD,0,2
2026-07-27 14:08:28,Tactical HUD,0,2
2026-07-27 14:08:29,Tactical HUD,0,2
2026-07-27 14:08:30,Tactical HUD,0,2
2026-07-27 14:08:31,Tactical HUD,0,2
2026-07-27 14:08:33,Tactical HUD,0,3
2026-07-27 14:08:34,Tactical HUD,0,2
2026-07-27 14:08:35,Tactical HUD,0,1
2026-07-27 14:08:36,Tactical HUD,0,1
2026-07-27 14:08:37,Tactical HUD,0,2
2026-07-27 14:08:38,Tactical HUD,0,2
2026-07-27 14:08:39,Tactical HUD,0,3
2026-07-27 14:08:40,Tactical HUD,0,2
2026-07-27 14:08:41,Tactical HUD,0,2
2026-07-27 14:08:43,Tactical HUD,0,3
2026-07-27 14:08:44,Tactical HUD,0,1
2026-07-27 14:08:45,Tactical HUD,0,2
2026-07-27 14:08:46,Tactical HUD,0,2
2026-07-27 14:08:47,Tactical HUD,0,2
2026-07-27 14:08:48,Tactical HUD,0,2
2026-07-27 14:08:50,Tactical HUD,0,2
2026-07-27 14:08:51,Tactical HUD,0,3
2026-07-27 14:08:52,Tactical HUD,0,3
2026-07-27 14:08:53,Tactical HUD,0,2
2026-07-27 14:08:54,Tactical HUD,0,2
2026-07-27 14:08:55,Tactical HUD,0,3
2026-07-27 14:08:57,Tactical HUD,0,2
2026-07-27 14:08:58,Tactical HUD,0,2
2026-07-27 14:08:59,Tactical HUD,0,2
2026-07-27 14:09:00,Tactical HUD,0,2
2026-07-27 14:09:01,Tactical HUD,0,2
2026-07-27 14:09:03,Tactical HUD,0,2
2026-07-27 14:09:04,Tactical HUD,0,2
2026-07-27 14:09:05,Tactical HUD,0,3
2026-07-27 14:09:06,Tactical HUD,0,3
2026-07-27 14:09:07,Tactical HUD,0,3
2026-07-27 14:09:08,Tactical HUD,0,2
2026-07-27 14:09:10,Tactical HUD,0,2
2026-07-27 14:09:11,Tactical HUD,0,2
2026-07-27 14:09:12,Tactical HUD,0,1
2026-07-27 14:09:13,Tactical HUD,0,2
2026-07-27 14:09:14,Tactical HUD,0,2
2026-07-27 14:09:15,Tactical HUD,0,2
2026-07-27 14:09:17,Tactical HUD,0,1
2026-07-27 14:09:18,Tactical HUD,0,2
2026-07-27 14:09:19,Tactical HUD,0,3
2026-07-27 14:09:20,Tactical HUD,0,2
2026-07-27 14:09:21,Tactical HUD,0,2
2026-07-27 14:09:22,Tactical HUD,0,1
2026-07-27 14:09:24,Tactical HUD,0,2
2026-07-27 14:09:25,Tactical HUD,0,2
2026-07-27 14:09:26,Tactical HUD,0,2
2026-07-27 14:09:27,Tactical HUD,0,1
2026-07-27 14:09:28,Tactical HUD,0,2
2026-07-27 14:09:29,Tactical HUD,0,2
2026-07-27 14:09:30,Tactical HUD,0,3
2026-07-27 14:09:32,Tactical HUD,0,3
2026-07-27 14:09:33,Tactical HUD,0,3
2026-07-27 14:09:34,Tactical HUD,0,1
2026-07-27 14:09:36,Tactical HUD,0,2
2026-07-27 14:09:37,Tactical HUD,0,2
2026-07-27 14:09:38,Tactical HUD,0,2
2026-07-27 14:09:39,Tactical HUD,0,2
2026-07-27 14:09:40,Tactical HUD,0,2
2026-07-27 14:09:41,Tactical HUD,0,2
2026-07-27 14:09:42,Tactical HUD,0,3
2026-07-27 14:09:44,Tactical HUD,0,3
2026-07-27 14:09:45,Tactical HUD,0,1
2026-07-27 14:09:46,Tactical HUD,0,1
2026-07-27 14:09:47,Tactical HUD,0,2
2026-07-27 14:09:48,Tactical HUD,0,1
2026-07-27 14:09:50,Tactical HUD,0,1
2026-07-27 14:09:51,Tactical HUD,0,2
2026-07-27 14:09:52,Tactical HUD,0,2
2026-07-27 14:09:53,Tactical HUD,0,1
2026-07-27 14:09:54,Tactical HUD,0,1
2026-07-27 14:09:55,Tactical HUD,0,1
2026-07-27 14:09:56,Tactical HUD,0,1
2026-07-27 14:09:57,Tactical HUD,0,1
2026-07-27 14:09:59,Tactical HUD,0,1
2026-07-27 14:10:00,Tactical HUD,0,1
2026-07-27 14:10:01,Tactical HUD,0,1
2026-07-27 14:10:02,Tactical HUD,0,1
2026-07-27 14:10:03,Tactical HUD,0,1
2026-07-27 14:10:04,Tactical HUD,0,1
2026-07-27 14:10:06,Tactical HUD,0,1
2026-07-27 14:10:07,Tactical HUD,0,1
2026-07-27 14:10:08,Tactical HUD,0,1
2026-07-27 14:10:09,Tactical HUD,0,1
2026-07-27 14:10:10,Tactical HUD,0,1
2026-07-27 14:10:11,Tactical HUD,0,2
2026-07-27 14:10:12,Tactical HUD,0,1
2026-07-27 14:10:13,Tactical HUD,0,1
2026-07-27 14:10:15,Tactical HUD,0,1
2026-07-27 14:10:16,Tactical HUD,0,1
2026-07-27 14:10:17,Tactical HUD,0,1
2026-07-27 14:10:18,Tactical HUD,0,1
2026-07-27 14:10:19,Tactical HUD,0,1
2026-07-27 14:10:20,Tactical HUD,0,1
2026-07-27 14:10:21,Tactical HUD,0,1
2026-07-27 14:10:23,Tactical HUD,0,1
2026-07-27 14:10:24,Tactical HUD,0,1
2026-07-27 14:10:25,Tactical HUD,0,1
2026-07-27 14:10:26,Tactical HUD,0,1
2026-07-27 14:10:27,Tactical HUD,0,1
2026-07-27 14:10:28,Tactical HUD,0,1
2026-07-27 14:10:29,Tactical HUD,0,1
2026-07-27 14:10:30,Tactical HUD,0,1
2026-07-27 14:10:31,Tactical HUD,0,1
2026-07-27 14:10:33,Tactical HUD,0,1
2026-07-27 14:10:34,Tactical HUD,0,1
2026-07-27 14:10:35,Tactical HUD,0,1
2026-07-27 14:10:36,Tactical HUD,0,1
2026-07-27 14:10:37,Tactical HUD,0,1
2026-07-27 14:10:38,Tactical HUD,0,1
2026-07-27 14:10:39,Tactical HUD,0,2
2026-07-27 14:10:40,Tactical HUD,0,1
2026-07-27 14:10:41,Tactical HUD,0,1
2026-07-27 14:10:43,Tactical HUD,0,1
2026-07-27 14:10:44,Tactical HUD,0,3
2026-07-27 14:10:45,Tactical HUD,0,4
2026-07-27 14:10:46,Tactical HUD,0,3
2026-07-27 14:10:47,Tactical HUD,0,2
2026-07-27 14:10:48,Tactical HUD,0,3
2026-07-27 14:10:49,Tactical HUD,0,4
2026-07-27 14:10:50,Tactical HUD,0,2
2026-07-27 14:10:51,Tactical HUD,0,3
2026-07-27 14:10:52,Tactical HUD,0,1
2026-07-27 14:10:53,Tactical HUD,0,2
2026-07-27 14:10:55,Tactical HUD,0,1
2026-07-27 14:10:56,Tactical HUD,0,1
2026-07-27 14:10:57,Tactical HUD,0,2
2026-07-27 14:10:58,Tactical HUD,0,2
2026-07-27 14:10:59,Tactical HUD,0,2
2026-07-27 14:11:00,Tactical HUD,0,3
2026-07-27 14:11:01,Tactical HUD,0,3
2026-07-27 14:11:03,Tactical HUD,0,2
2026-07-27 14:11:04,Tactical HUD,0,3
2026-07-27 14:11:05,Tactical HUD,0,3
2026-07-27 14:11:06,Tactical HUD,0,4
2026-07-27 14:11:07,Tactical HUD,0,4
2026-07-27 14:11:08,Tactical HUD,0,1
2026-07-27 14:11:09,Tactical HUD,0,1
2026-07-27 14:11:10,Tactical HUD,0,1
2026-07-27 14:11:11,Tactical HUD,0,1
2026-07-27 14:11:13,Tactical HUD,0,3
2026-07-27 14:11:14,Tactical HUD,0,1
2026-07-27 14:11:15,Tactical HUD,0,1
2026-07-27 14:11:16,Tactical HUD,0,1
2026-07-27 14:11:17,Tactical HUD,0,1
2026-07-27 14:11:18,Tactical HUD,0,1
2026-07-27 14:11:19,Tactical HUD,0,1
2026-07-27 14:11:20,Tactical HUD,0,1
2026-07-27 14:11:21,Tactical HUD,0,1
2026-07-27 14:11:22,Tactical HUD,0,2
2026-07-27 14:11:23,Tactical HUD,0,1
2026-07-27 14:11:24,Tactical HUD,0,1
2026-07-27 14:11:26,Tactical HUD,0,1
2026-07-27 14:11:27,Tactical HUD,0,1
2026-07-27 14:11:28,Tactical HUD,0,1
2026-07-27 14:11:29,Tactical HUD,0,1
2026-07-27 14:11:30,Tactical HUD,0,1
2026-07-27 14:11:31,Tactical HUD,0,2
2026-07-27 14:11:32,Tactical HUD,0,1
2026-07-27 14:11:33,Tactical HUD,0,1
2026-07-27 14:11:34,Tactical HUD,0,1
2026-07-27 14:11:35,Tactical HUD,0,1
2026-07-27 14:11:37,Tactical HUD,0,1
2026-07-27 14:11:38,Tactical HUD,0,1
2026-07-27 14:11:39,Tactical HUD,0,3
2026-07-27 14:11:40,Tactical HUD,0,3
2026-07-27 14:11:41,Tactical HUD,0,3
2026-07-27 14:11:42,Tactical HUD,0,4
2026-07-27 14:11:44,Tactical HUD,0,3
2026-07-27 14:11:45,Tactical HUD,0,2
2026-07-27 14:11:46,Tactical HUD,0,1
2026-07-27 14:11:47,Tactical HUD,0,3
2026-07-27 14:11:48,Tactical HUD,0,3
2026-07-27 14:11:49,Tactical HUD,0,3
2026-07-27 14:11:50,Tactical HUD,0,2
2026-07-27 14:11:51,Tactical HUD,0,3
2026-07-27 14:11:52,Tactical HUD,0,2
2026-07-27 14:11:53,Tactical HUD,0,3
2026-07-27 14:11:55,Tactical HUD,0,2
2026-07-27 14:11:56,Tactical HUD,0,2
2026-07-27 14:11:58,Tactical HUD,0,2
2026-07-27 14:11:59,Tactical HUD,0,2
2026-07-27 14:12:01,Tactical HUD,0,2
2026-07-27 14:12:02,Tactical HUD,0,2
2026-07-27 14:12:04,Tactical HUD,0,2
2026-07-27 14:12:06,Tactical HUD,0,3
2026-07-27 14:12:07,Tactical HUD,0,3
2026-07-27 14:12:09,Tactical HUD,0,3
2026-07-27 14:12:10,Tactical HUD,0,1
2026-07-27 14:12:11,Tactical HUD,0,2
2026-07-27 14:12:13,Tactical HUD,0,2
2026-07-27 14:12:14,Tactical HUD,0,2
2026-07-27 14:12:16,Tactical HUD,0,2
2026-07-27 14:12:17,Tactical HUD,0,2
2026-07-27 14:12:18,Tactical HUD,0,2
2026-07-27 14:12:20,Tactical HUD,0,3
2026-07-27 14:12:21,Tactical HUD,0,4
2026-07-27 14:12:23,Tactical HUD,0,4
2026-07-27 14:12:24,Tactical HUD,0,5
2026-07-27 14:12:25,Tactical HUD,0,2
2026-07-27 14:12:26,Tactical HUD,0,4
2026-07-27 14:12:27,Tactical HUD,0,4
2026-07-27 14:12:28,Tactical HUD,0,3
2026-07-27 14:12:29,Tactical HUD,0,4
2026-07-27 14:12:31,Tactical HUD,0,3
2026-07-27 14:12:32,Tactical HUD,0,3
2026-07-27 14:12:34,Tactical HUD,0,3
2026-07-27 14:12:35,Tactical HUD,0,3
2026-07-27 14:12:36,Tactical HUD,0,2
2026-07-27 14:12:37,Tactical HUD,0,2
2026-07-27 14:12:38,Tactical HUD,0,1
2026-07-27 14:12:40,Tactical HUD,0,1
2026-07-27 14:12:41,Tactical HUD,0,1
2026-07-27 14:12:42,Tactical HUD,0,1
2026-07-27 14:12:43,Tactical HUD,0,3
2026-07-27 14:12:44,Tactical HUD,0,3
2026-07-27 14:12:45,Tactical HUD,0,3
2026-07-27 14:12:46,Tactical HUD,0,2
2026-07-27 14:12:48,Tactical HUD,0,2
2026-07-27 14:12:49,Tactical HUD,0,3
2026-07-27 14:12:50,Tactical HUD,0,2
2026-07-27 14:12:51,Tactical HUD,0,2
2026-07-27 14:12:52,Tactical HUD,0,2
2026-07-27 14:12:53,Tactical HUD,0,2
2026-07-27 14:12:55,Tactical HUD,0,3
2026-07-27 14:12:56,Tactical HUD,0,4
2026-07-27 14:12:58,Tactical HUD,0,4
2026-07-27 14:12:59,Tactical HUD,0,3
2026-07-27 14:13:00,Tactical HUD,0,3
2026-07-27 14:13:01,Tactical HUD,0,4
2026-07-27 14:13:02,Tactical HUD,0,3
2026-07-27 14:13:03,Tactical HUD,0,3
2026-07-27 14:13:04,Tactical HUD,0,3
2026-07-27 14:13:06,Tactical HUD,0,4
2026-07-27 14:13:07,Tactical HUD,0,3
2026-07-27 14:13:08,Tactical HUD,0,3
2026-07-27 14:13:09,Tactical HUD,0,3
2026-07-27 14:13:10,Tactical HUD,0,3
2026-07-27 14:13:11,Tactical HUD,0,5
2026-07-27 14:13:12,Tactical HUD,0,5
2026-07-27 14:13:14,Tactical HUD,0,5
2026-07-27 14:13:15,Tactical HUD,0,3
2026-07-27 14:13:16,Tactical HUD,0,2
2026-07-27 14:13:17,Tactical HUD,0,2
2026-07-27 14:13:18,Tactical HUD,0,2
2026-07-27 14:13:19,Tactical HUD,0,3
2026-07-27 14:13:20,Tactical HUD,0,3
2026-07-27 14:13:21,Tactical HUD,0,3
2026-07-27 14:13:23,Tactical HUD,0,2
2026-07-27 14:13:24,Tactical HUD,0,2
2026-07-27 14:13:25,Tactical HUD,0,2
2026-07-27 14:13:26,Tactical HUD,0,2
2026-07-27 14:13:27,Tactical HUD,0,2
2026-07-27 14:13:28,Tactical HUD,0,2
2026-07-27 14:13:30,Tactical HUD,0,2
2026-07-27 14:13:31,Tactical HUD,0,2
2026-07-27 14:13:32,Tactical HUD,0,2
2026-07-27 14:13:33,Tactical HUD,0,2
2026-07-27 14:13:34,Tactical HUD,0,2
2026-07-27 14:13:35,Tactical HUD,0,2
2026-07-27 14:13:36,Tactical HUD,0,2
2026-07-27 14:13:37,Tactical HUD,0,2
2026-07-27 14:13:38,Tactical HUD,0,2
2026-07-27 14:13:39,Tactical HUD,0,2
2026-07-27 14:13:41,Tactical HUD,0,2
2026-07-27 14:13:42,Tactical HUD,0,2
2026-07-27 14:13:43,Tactical HUD,0,2
2026-07-27 14:13:44,Tactical HUD,0,2
2026-07-27 14:13:45,Tactical HUD,0,2
2026-07-27 14:13:46,Tactical HUD,0,3
2026-07-27 14:13:47,Tactical HUD,0,2
2026-07-27 14:13:49,Tactical HUD,0,2
2026-07-27 14:13:50,Tactical HUD,0,2
2026-07-27 14:13:51,Tactical HUD,0,2
2026-07-27 14:13:52,Tactical HUD,0,2
2026-07-27 14:13:53,Tactical HUD,0,2
2026-07-27 14:13:54,Tactical HUD,0,2
2026-07-27 14:13:56,Tactical HUD,0,2
2026-07-27 14:13:57,Tactical HUD,0,2
2026-07-27 14:13:58,Tactical HUD,0,2
2026-07-27 14:13:59,Tactical HUD,0,2
2026-07-27 14:14:00,Tactical HUD,0,3
2026-07-27 14:14:01,Tactical HUD,0,4
2026-07-27 14:14:03,Tactical HUD,0,4
2026-07-27 14:14:04,Tactical HUD,0,3
2026-07-27 14:14:05,Tactical HUD,0,2
2026-07-27 14:14:06,Tactical HUD,0,3
2026-07-27 14:14:07,Tactical HUD,0,2
2026-07-27 14:14:08,Tactical HUD,0,2
2026-07-27 14:14:09,Tactical HUD,0,3
2026-07-27 14:14:10,Tactical HUD,0,3
2026-07-27 14:14:11,Tactical HUD,0,2
2026-07-27 14:14:12,Tactical HUD,0,4
2026-07-27 14:14:14,Tactical HUD,0,4
2026-07-27 14:14:15,Tactical HUD,0,4
2026-07-27 14:14:16,Tactical HUD,0,4
2026-07-27 14:14:17,Tactical HUD,0,3
2026-07-27 14:14:18,Tactical HUD,0,3
2026-07-27 14:14:19,Tactical HUD,0,3
2026-07-27 14:14:20,Tactical HUD,0,3
2026-07-27 14:14:22,Tactical HUD,0,3
2026-07-27 14:14:23,Tactical HUD,0,3
2026-07-27 14:14:24,Tactical HUD,0,2
2026-07-27 14:14:25,Tactical HUD,0,3
2026-07-27 14:14:26,Tactical HUD,0,2
2026-07-27 14:14:27,Tactical HUD,0,2
2026-07-27 14:14:29,Tactical HUD,0,2
2026-07-27 14:14:30,Tactical HUD,0,2
2026-07-27 14:14:31,Tactical HUD,0,2
2026-07-27 14:14:32,Tactical HUD,0,2
2026-07-27 14:14:33,Tactical HUD,0,2
2026-07-27 14:14:34,Tactical HUD,0,2
2026-07-27 14:14:36,Tactical HUD,0,2
2026-07-27 14:14:37,Tactical HUD,0,2
2026-07-27 14:14:38,Tactical HUD,0,3
2026-07-27 14:14:39,Tactical HUD,0,4
2026-07-27 14:14:40,Tactical HUD,0,2
2026-07-27 14:14:41,Tactical HUD,0,2
2026-07-27 14:14:42,Tactical HUD,0,2
2026-07-27 14:14:43,Tactical HUD,0,4
2026-07-27 14:14:44,Tactical HUD,0,2
2026-07-27 14:14:45,Tactical HUD,0,2
2026-07-27 14:14:46,Tactical HUD,0,3
2026-07-27 14:14:48,Tactical HUD,0,3
2026-07-27 14:14:49,Tactical HUD,0,4
2026-07-27 14:14:50,Tactical HUD,0,4
2026-07-27 14:14:51,Tactical HUD,0,5
2026-07-27 14:14:52,Tactical HUD,0,5
2026-07-27 14:14:53,Tactical HUD,0,4
2026-07-27 14:14:54,Tactical HUD,0,4
2026-07-27 14:14:55,Tactical HUD,0,3
2026-07-27 14:14:57,Tactical HUD,0,4
2026-07-27 14:14:58,Tactical HUD,0,3
2026-07-27 14:14:59,Tactical HUD,0,4
2026-07-27 14:15:00,Tactical HUD,0,3
2026-07-27 14:15:01,Tactical HUD,0,3
2026-07-27 14:15:03,Tactical HUD,0,3
2026-07-27 14:15:04,Tactical HUD,0,3
2026-07-27 14:15:05,Detection,0,3
2026-07-27 14:15:06,Detection,0,3
2026-07-27 14:15:07,Detection,0,3
2026-07-27 14:15:08,Detection,0,3
2026-07-27 14:15:09,Detection,0,3
2026-07-27 14:15:10,Pose,0,3
2026-07-27 14:15:11,Pose,0,3
2026-07-27 14:15:12,Pose,0,3
2026-07-27 14:15:14,Pose,0,3
2026-07-27 14:15:15,Pose,0,3
2026-07-27 14:15:16,Pose,0,3
2026-07-27 14:15:17,Pose,0,3
2026-07-27 14:15:18,Pose,0,3
2026-07-27 14:15:19,Pose,0,3
2026-07-27 14:15:20,Pose,0,3
2026-07-27 14:15:21,Pose,0,3
2026-07-27 14:15:22,Pose,0,3
2026-07-27 14:15:23,Pose,0,3
2026-07-27 14:15:24,Pose,0,3
2026-07-27 14:15:25,Pose,0,3
2026-07-27 14:15:26,Pose,0,3
2026-07-27 14:15:27,Pose,0,3
2026-07-27 14:15:28,Pose,0,3
2026-07-27 14:15:30,Pose,0,3
2026-07-27 14:15:31,Pose,0,3
2026-07-27 14:15:32,Pose,0,3
2026-07-27 14:15:33,Pose,0,3
2026-07-27 14:15:34,Pose,0,3
2026-07-27 14:15:35,Pose,0,3
2026-07-27 14:15:36,Pose,0,3
2026-07-27 14:15:37,Pose,0,3
2026-07-27 14:15:38,Pose,0,3
2026-07-27 14:15:39,Pose,0,3
2026-07-27 14:15:40,Pose,0,3
2026-07-27 14:15:41,Pose,0,3
2026-07-27 14:15:42,Pose,0,3
2026-07-27 14:15:43,Pose,0,3
2026-07-27 14:15:45,Pose,0,3
2026-07-27 14:15:46,Pose,0,3
2026-07-27 14:15:47,Pose,0,3
2026-07-27 14:15:48,Pose,0,3
2026-07-27 14:15:49,Pose,0,3
2026-07-27 14:15:50,Pose,0,3
2026-07-27 14:15:51,Pose,0,3
2026-07-27 14:15:52,Pose,0,3
2026-07-27 14:15:53,Pose,0,3
2026-07-27 14:15:54,Pose,0,3
2026-07-27 14:15:55,Pose,0,3
2026-07-27 14:15:56,Segmentation,0,3
2026-07-27 14:15:57,Segmentation,0,3
2026-07-27 14:15:59,Segmentation,0,3
2026-07-27 14:16:00,Segmentation,0,3
2026-07-27 14:16:01,Segmentation,0,3
2026-07-27 14:16:02,Segmentation,0,3
2026-07-27 14:16:03,Segmentation,0,3
2026-07-27 14:16:04,Segmentation,0,3
2026-07-27 14:16:06,Segmentation,0,3
2026-07-27 14:16:07,Segmentation,0,3
2026-07-27 14:16:08,Segmentation,0,3
2026-07-27 14:16:09,Segmentation,0,3
2026-07-27 14:16:10,Segmentation,0,3
2026-07-27 14:16:11,Segmentation,0,3
2026-07-27 14:16:12,Segmentation,0,3
2026-07-27 14:16:13,Segmentation,0,3
2026-07-27 14:16:14,Segmentation,0,3
2026-07-27 14:16:15,Segmentation,0,3
2026-07-27 14:16:16,Segmentation,0,3
2026-07-27 14:16:17,Segmentation,0,3
2026-07-27 14:16:18,Segmentation,0,3
2026-07-27 14:16:20,Segmentation,0,3
2026-07-27 14:16:21,Segmentation,0,3
2026-07-27 14:16:22,Segmentation,0,3
2026-07-27 14:16:23,Segmentation,0,3
2026-07-27 14:16:24,Segmentation,0,3
2026-07-27 14:16:25,Segmentation,0,3
2026-07-27 14:16:26,Pose,0,3
2026-07-27 14:16:27,Pose,0,3
2026-07-27 14:16:29,Pose,0,3
2026-07-27 14:16:30,Pose,0,3
2026-07-27 14:16:31,Pose,0,3
2026-07-27 14:16:32,Pose,0,3
2026-07-27 14:16:33,Pose,0,3
2026-07-27 14:16:34,Pose,0,3
2026-07-27 14:16:35,Pose,0,3
2026-07-27 14:16:36,Pose,0,3
2026-07-27 14:16:37,Pose,0,3
2026-07-27 14:16:38,Pose,0,3
2026-07-27 14:16:39,Pose,0,3
2026-07-27 14:16:40,Pose,0,3
2026-07-27 14:16:41,Pose,0,3
2026-07-27 14:16:43,Pose,0,3
2026-07-27 14:16:44,Pose,0,3
2026-07-27 14:16:45,Pose,0,3
2026-07-27 14:16:46,Pose,0,3
2026-07-27 14:16:47,Pose,0,3
2026-07-27 14:16:48,Pose,0,3
2026-07-27 14:16:49,Pose,0,3
2026-07-27 14:16:50,Pose,0,3
2026-07-27 14:16:51,Pose,0,3
2026-07-27 14:16:52,Pose,0,3
2026-07-27 14:16:53,Pose,0,3
2026-07-27 14:16:54,Pose,0,3
2026-07-27 14:16:55,Pose,0,3
2026-07-27 14:16:57,Pose,0,3
2026-07-27 14:16:58,Pose,0,3
2026-07-27 14:16:59,Pose,0,3
2026-07-27 14:17:00,Pose,0,3
2026-07-27 14:17:01,Pose,0,3
2026-07-27 14:17:02,Detection,0,5
2026-07-27 14:17:03,Detection,0,6
2026-07-27 14:17:04,Detection,0,5
2026-07-27 14:17:05,Detection,0,5
2026-07-27 14:17:06,Detection,0,4
2026-07-27 14:17:07,Detection,0,3
2026-07-27 14:17:08,Detection,0,3
2026-07-27 14:17:09,Detection,0,3
2026-07-27 14:17:11,Detection,0,4
2026-07-27 14:17:12,Detection,0,3
2026-07-27 14:17:13,Detection,0,3
2026-07-27 14:17:14,Detection,0,4
2026-07-27 14:17:15,Detection,0,3
2026-07-27 14:17:16,Detection,0,3
2026-07-27 14:17:17,Detection,0,3
2026-07-27 14:17:18,Detection,0,3
2026-07-27 14:17:19,Detection,0,3
2026-07-27 14:17:20,Detection,0,3
2026-07-27 14:17:21,Detection,0,4
2026-07-27 14:17:22,Detection,0,3
2026-07-27 14:17:23,Detection,0,4
2026-07-27 14:17:24,Detection,0,3
2026-07-27 14:17:25,Detection,0,3
2026-07-27 14:17:26,Detection,0,3
2026-07-27 14:17:28,Detection,0,3
2026-07-27 14:17:29,Detection,0,3
2026-07-27 14:17:30,Detection,0,3
2026-07-27 14:17:31,Detection,0,3
2026-07-27 14:17:32,Detection,0,3
2026-07-27 14:17:33,Detection,0,2
2026-07-27 14:17:34,Detection,0,2
2026-07-27 14:17:35,Tactical HUD,0,2
2026-07-27 14:17:36,Tactical HUD,0,3
2026-07-27 14:17:37,Tactical HUD,0,3
2026-07-27 14:17:38,Tactical HUD,0,3
2026-07-27 14:17:39,Tactical HUD,0,3
2026-07-27 14:17:41,Tactical HUD,0,2
2026-07-27 14:17:42,Tactical HUD,0,2
2026-07-27 14:17:43,Tactical HUD,0,2
2026-07-27 14:17:44,Tactical HUD,0,3
2026-07-27 14:17:45,Tactical HUD,0,3
2026-07-27 14:17:46,Tactical HUD,0,2
2026-07-27 14:17:47,Tactical HUD,0,3
2026-07-27 14:17:49,Tactical HUD,0,5
2026-07-27 14:17:50,Tactical HUD,0,4
2026-07-27 14:17:51,Tactical HUD,0,3
2026-07-27 14:17:52,Tactical HUD,0,3
2026-07-27 14:17:53,Tactical HUD,0,2
2026-07-27 14:17:54,Tactical HUD,0,2
2026-07-27 14:17:55,Tactical HUD,0,2
2026-07-27 14:17:56,Tactical HUD,0,2
2026-07-27 14:17:58,Tactical HUD,0,2
2026-07-27 14:17:59,Tactical HUD,0,2
2026-07-27 14:18:00,Tactical HUD,0,2
2026-07-27 14:18:01,Tactical HUD,0,2
2026-07-27 14:18:02,Tactical HUD,0,2
2026-07-27 14:18:03,Tactical HUD,0,2
2026-07-27 14:18:04,Tactical HUD,0,2
2026-07-27 14:18:05,Tactical HUD,0,2
2026-07-27 14:18:07,Tactical HUD,0,3
2026-07-27 14:18:08,Detection,0,2
2026-07-27 14:18:09,Detection,0,2
2026-07-27 14:18:10,Detection,0,2
2026-07-27 14:18:11,Detection,0,2
2026-07-27 14:18:12,Detection,0,2
2026-07-27 14:18:13,Detection,0,2
2026-07-27 14:18:14,Detection,0,2
2026-07-27 14:18:15,Detection,0,2
2026-07-27 14:18:16,Detection,0,3
2026-07-27 14:18:17,Detection,0,3
2026-07-27 14:18:18,Detection,0,3
2026-07-27 14:18:19,Detection,0,3
2026-07-27 14:18:20,Detection,0,3
2026-07-27 14:18:21,Detection,0,3
2026-07-27 14:18:23,Detection,0,3
2026-07-27 14:18:24,Detection,0,2
2026-07-27 14:18:25,Detection,0,2
2026-07-27 14:18:26,Detection,0,2
2026-07-27 14:18:27,Detection,0,3
2026-07-27 14:18:28,Detection,0,2
2026-07-27 14:18:29,Detection,0,2
2026-07-27 14:18:30,Detection,0,2
2026-07-27 14:18:31,Detection,0,2
2026-07-27 14:18:32,Detection,0,2
2026-07-27 14:18:33,Detection,0,2
2026-07-27 14:18:34,Detection,0,2
2026-07-27 14:18:35,Detection,0,2
2026-07-27 14:18:36,Detection,0,1
2026-07-27 14:18:37,Detection,0,2
2026-07-27 14:18:38,Detection,0,2
2026-07-27 14:18:39,Detection,0,2
2026-07-27 14:18:40,Detection,0,2
2026-07-27 14:18:41,Detection,0,2
2026-07-27 14:18:42,Detection,0,2
2026-07-27 14:18:44,Detection,0,2
2026-07-27 14:18:45,Detection,0,2
2026-07-27 14:18:46,Detection,0,2
2026-07-27 14:18:47,Detection,0,3
2026-07-27 14:18:48,Detection,0,3
2026-07-27 14:18:49,Detection,0,3
2026-07-27 14:18:50,Detection,0,2
2026-07-27 14:18:51,Tracking,0,3
2026-07-27 14:18:52,Tracking,0,3
2026-07-27 14:18:53,Tracking,0,3
2026-07-27 14:18:54,Detection,0,2
2026-07-27 14:18:55,Detection,0,3
2026-07-27 14:18:57,Detection,0,2
2026-07-27 14:18:58,Detection,0,3
2026-07-27 14:18:59,Pose,0,2
2026-07-27 14:19:00,Tactical HUD,0,2
2026-07-27 14:19:01,Tactical HUD,0,3
2026-07-27 14:19:02,Tactical HUD,0,3
2026-07-27 14:19:03,Tactical HUD,0,3
2026-07-27 14:19:04,Tactical HUD,0,3
2026-07-27 14:19:06,Tactical HUD,0,2
2026-07-27 14:19:07,Tactical HUD,0,2
2026-07-27 14:19:08,Tactical HUD,0,3
2026-07-27 14:19:09,Tactical HUD,0,3
2026-07-27 14:19:10,Tactical HUD,0,3
2026-07-27 14:19:11,Tactical HUD,0,3
2026-07-27 14:19:12,Tactical HUD,0,3
2026-07-27 14:19:13,Tactical HUD,0,3
2026-07-27 14:19:15,Tactical HUD,0,3
2026-07-27 14:19:16,Tactical HUD,0,3
2026-07-27 14:19:17,Tactical HUD,0,3
2026-07-27 14:19:18,Tactical HUD,0,3
2026-07-27 14:19:19,Tactical HUD,0,3
2026-07-27 14:19:20,Tactical HUD,0,3
2026-07-27 14:19:21,Tactical HUD,0,3
2026-07-27 14:19:22,Tactical HUD,0,3
2026-07-27 14:19:24,Tactical HUD,0,3
2026-07-27 14:19:25,Tactical HUD,0,3
2026-07-27 14:19:26,Tactical HUD,0,3
2026-07-27 14:19:27,Tactical HUD,0,3
2026-07-27 14:19:29,Tactical HUD,0,3
2026-07-27 14:19:30,Tactical HUD,0,3
2026-07-27 14:19:31,Tactical HUD,0,3
2026-07-27 14:19:33,Tactical HUD,0,3
2026-07-27 14:19:34,Tactical HUD,0,3
2026-07-27 14:19:35,Tactical HUD,0,3
2026-07-27 14:19:37,Tactical HUD,0,3
2026-07-27 14:19:38,Tactical HUD,0,3
2026-07-27 14:19:39,Tactical HUD,0,3
2026-07-27 14:19:40,Tactical HUD,0,3
2026-07-27 14:19:42,Tactical HUD,0,3
2026-07-27 14:19:43,Tactical HUD,0,3
2026-07-27 14:19:44,Tactical HUD,0,3
2026-07-27 14:19:46,Tactical HUD,0,3
2026-07-27 14:19:47,Tactical HUD,0,3
2026-07-27 14:19:48,Tactical HUD,0,3
2026-07-27 14:19:49,Tactical HUD,0,3
2026-07-27 14:19:50,Tactical HUD,0,3
2026-07-27 14:19:51,Tactical HUD,0,3
2026-07-27 14:19:53,Tactical HUD,0,3
2026-07-27 14:19:54,Tactical HUD,0,3
2026-07-27 14:19:55,Tactical HUD,0,3
2026-07-27 14:19:56,Tactical HUD,0,3
2026-07-27 14:19:57,Tactical HUD,0,3
2026-07-27 14:19:58,Tactical HUD,0,3
2026-07-27 14:19:59,Tactical HUD,0,3
2026-07-27 14:20:00,Tactical HUD,0,3
2026-07-27 14:20:01,Tactical HUD,0,3
2026-07-27 14:20:03,Tactical HUD,0,3
2026-07-27 14:20:04,Tactical HUD,0,3
2026-07-27 14:20:05,Tactical HUD,0,3
2026-07-27 14:20:06,Tactical HUD,0,3
2026-07-27 14:20:07,Tactical HUD,0,3
2026-07-27 14:20:08,Tactical HUD,0,3
2026-07-27 14:20:09,Tactical HUD,0,3
2026-07-27 14:20:10,Tactical HUD,0,3
2026-07-27 14:20:12,Tactical HUD,0,3
2026-07-27 14:20:13,Tactical HUD,0,3
2026-07-27 14:20:14,Tactical HUD,0,3
2026-07-27 14:20:15,Tactical HUD,0,3
2026-07-27 14:20:16,Tactical HUD,0,3
2026-07-27 14:20:17,Tactical HUD,0,3
2026-07-27 14:20:18,Tactical HUD,0,3
2026-07-27 14:20:19,Tactical HUD,0,3
2026-07-27 14:20:20,Tactical HUD,0,3
2026-07-27 14:20:22,Tactical HUD,0,3
2026-07-27 14:20:23,Tactical HUD,0,3
2026-07-27 14:20:24,Tactical HUD,0,3
2026-07-27 14:20:25,Tactical HUD,0,3
2026-07-27 14:20:26,Tactical HUD,0,3
2026-07-27 14:20:27,Tactical HUD,0,3
2026-07-27 14:20:29,Tactical HUD,0,3
2026-07-27 14:20:30,Tactical HUD,0,3
2026-07-27 14:20:31,Tactical HUD,0,3
2026-07-27 14:20:32,Tactical HUD,0,3
2026-07-27 14:20:33,Tactical HUD,0,3
2026-07-27 14:20:34,Tactical HUD,0,3
2026-07-27 14:20:35,Tactical HUD,0,3
2026-07-27 14:20:37,Tactical HUD,0,3
2026-07-27 14:20:38,Tactical HUD,0,3
2026-07-27 14:20:39,Tactical HUD,0,3
2026-07-27 14:20:40,Tactical HUD,0,3
2026-07-27 14:20:41,Tactical HUD,0,3
2026-07-27 14:20:42,Tactical HUD,0,3
2026-07-27 14:20:43,Tactical HUD,0,3
2026-07-27 14:20:45,Tactical HUD,0,3
2026-07-27 14:20:46,Tactical HUD,0,3
2026-07-27 14:20:47,Tactical HUD,0,3
2026-07-27 14:20:48,Tactical HUD,0,3
2026-07-27 14:20:49,Tactical HUD,0,3
2026-07-27 14:20:51,Tactical HUD,0,3
2026-07-27 14:20:52,Tactical HUD,0,3
2026-07-27 14:20:53,Tactical HUD,0,3
2026-07-27 14:20:54,Tactical HUD,0,3
2026-07-27 14:20:55,Tactical HUD,0,3
2026-07-27 14:20:56,Tactical HUD,0,3
2026-07-27 14:20:57,Tactical HUD,0,3
2026-07-27 14:20:58,Tactical HUD,0,3
2026-07-27 14:20:59,Tactical HUD,0,3
2026-07-27 14:21:00,Tactical HUD,0,3
2026-07-27 14:21:01,Tactical HUD,0,3
2026-07-27 14:21:02,Tactical HUD,0,3
2026-07-27 14:21:03,Tactical HUD,0,3
2026-07-27 14:21:05,Tactical HUD,0,3
2026-07-27 14:21:06,Tactical HUD,0,3
2026-07-27 14:21:07,Tactical HUD,0,3
2026-07-27 14:21:08,Tactical HUD,0,3
2026-07-27 14:21:09,Tactical HUD,0,3
2026-07-27 14:21:10,Tactical HUD,0,3
2026-07-27 14:21:11,Tactical HUD,0,3
2026-07-27 14:21:12,Tactical HUD,0,3
2026-07-27 14:21:14,Tactical HUD,0,3
2026-07-27 14:21:15,Tactical HUD,0,4
2026-07-27 14:21:16,Tactical HUD,0,4
2026-07-27 14:21:17,Tactical HUD,0,4
2026-07-27 14:21:18,Tactical HUD,0,4
2026-07-27 14:21:19,Tactical HUD,0,4
2026-07-27 14:21:20,Tactical HUD,0,4
2026-07-27 14:21:22,Tactical HUD,0,4
2026-07-27 14:21:23,Tactical HUD,0,4
2026-07-27 14:21:24,Tactical HUD,0,3
2026-07-27 14:21:25,Tactical HUD,0,3
2026-07-27 14:21:26,Tactical HUD,0,4
2026-07-27 14:21:27,Tactical HUD,0,5
2026-07-27 14:21:28,Tactical HUD,0,5
2026-07-27 14:21:30,Tactical HUD,0,4
2026-07-27 14:21:31,Tactical HUD,0,5
2026-07-27 14:21:32,Tactical HUD,0,4
2026-07-27 14:21:33,Tactical HUD,0,4
2026-07-27 14:21:34,Tactical HUD,0,4
2026-07-27 14:21:35,Tactical HUD,0,4
2026-07-27 14:21:37,Tactical HUD,0,4
2026-07-27 14:21:38,Tactical HUD,0,4
2026-07-27 14:21:39,Tactical HUD,0,4
2026-07-27 14:21:40,Tactical HUD,0,4
2026-07-27 14:21:41,Tactical HUD,0,4
2026-07-27 14:21:43,Tactical HUD,0,5
2026-07-27 14:21:44,Tactical HUD,0,5
2026-07-27 14:21:45,Tactical HUD,0,5
2026-07-27 14:21:46,Detection,0,5
2026-07-27 14:21:47,Detection,0,5
2026-07-27 14:21:48,Detection,0,5
2026-07-27 14:21:49,Detection,0,4
2026-07-27 14:21:50,Detection,0,4
2026-07-27 14:21:51,Detection,0,6
2026-07-27 14:21:52,Detection,0,5
2026-07-27 14:21:53,Detection,0,6
2026-07-27 14:21:54,Detection,0,4
2026-07-27 14:21:55,Tracking,0,3
2026-07-27 14:21:57,Tracking,0,4
2026-07-27 14:21:58,Tracking,0,4
2026-07-27 14:21:59,Tracking,0,3
2026-07-27 14:22:00,Tracking,0,4
2026-07-27 14:22:01,Tracking,0,3
2026-07-27 14:22:02,Tracking,0,4
2026-07-27 14:22:03,Tracking,0,5
2026-07-27 14:22:04,Tracking,0,6
2026-07-27 14:22:06,Tracking,0,5
2026-07-27 14:22:07,Tracking,0,6
2026-07-27 14:22:08,Tracking,0,4
2026-07-27 14:22:09,Tracking,0,4
2026-07-27 14:22:10,Tracking,0,5
2026-07-27 14:22:11,Tracking,0,4
2026-07-27 14:22:12,Tracking,0,3
2026-07-27 14:22:13,Tracking,0,3
2026-07-27 14:22:14,Tracking,0,4
2026-07-27 14:22:15,Pose,0,5
2026-07-27 14:22:17,Pose,0,5
2026-07-27 14:22:18,Pose,0,5
2026-07-27 14:22:19,Pose,0,5
2026-07-27 14:22:20,Pose,0,5
2026-07-27 14:22:21,Pose,0,5
2026-07-27 14:22:22,Pose,0,5
2026-07-27 14:22:23,Pose,0,5
2026-07-27 14:22:24,Pose,0,5
2026-07-27 14:22:25,Pose,0,5
2026-07-27 14:22:27,Pose,0,5
2026-07-27 14:22:28,Pose,0,5
2026-07-27 14:22:29,Pose,0,5
2026-07-27 14:22:30,Pose,0,5
2026-07-27 14:22:31,Pose,0,5
2026-07-27 14:22:32,Pose,0,5
2026-07-27 14:22:33,Pose,0,5
2026-07-27 14:22:34,Pose,0,5
2026-07-27 14:22:35,Pose,0,5
2026-07-27 14:22:36,Pose,0,5
2026-07-27 14:22:37,Pose,0,5
2026-07-27 14:22:38,Pose,0,5
2026-07-27 14:22:39,Pose,0,5
2026-07-27 14:22:41,Pose,0,5
2026-07-27 14:22:42,Pose,0,5
2026-07-27 14:22:43,Pose,0,5
2026-07-27 14:22:44,Pose,0,5
2026-07-27 14:22:45,Pose,0,5
2026-07-27 14:22:46,Pose,0,5
2026-07-27 14:22:47,Pose,0,5
2026-07-27 14:22:48,Pose,0,5
2026-07-27 14:22:49,Pose,0,5
2026-07-27 14:22:50,Segmentation,0,5
2026-07-27 14:22:52,Segmentation,0,5
2026-07-27 14:22:53,Segmentation,0,5
2026-07-27 14:22:54,Segmentation,0,5
2026-07-27 14:22:55,Segmentation,0,5
2026-07-27 14:22:56,Segmentation,0,5
2026-07-27 14:22:57,Segmentation,0,5
2026-07-27 14:22:58,Segmentation,0,5
2026-07-27 14:23:00,Segmentation,0,5
2026-07-27 14:23:01,Segmentation,0,5
2026-07-27 14:23:02,Segmentation,0,5
2026-07-27 14:23:03,Segmentation,0,5
2026-07-27 14:23:04,Segmentation,0,5
2026-07-27 14:23:05,Segmentation,0,5
2026-07-27 14:23:07,Segmentation,0,5
2026-07-27 14:23:08,Segmentation,0,5
2026-07-27 14:23:09,Segmentation,0,5
2026-07-27 14:23:10,Segmentation,0,5
2026-07-27 14:23:11,Segmentation,0,5
2026-07-27 14:23:12,Segmentation,0,5
2026-07-27 14:23:13,Segmentation,0,5
2026-07-27 14:23:14,Segmentation,0,5
2026-07-27 14:23:15,Segmentation,0,5
2026-07-27 14:23:17,Segmentation,0,5
2026-07-27 14:23:18,Segmentation,0,5
2026-07-27 14:23:19,Segmentation,0,5
2026-07-27 14:23:20,Segmentation,0,5
2026-07-27 14:23:21,Segmentation,0,5
2026-07-27 14:23:22,Segmentation,0,5
2026-07-27 14:23:23,Segmentation,0,5
2026-07-27 14:23:24,Segmentation,0,5
2026-07-27 14:23:26,Segmentation,0,5
2026-07-27 14:23:27,Segmentation,0,5
2026-07-27 14:23:28,Segmentation,0,5
2026-07-27 14:23:29,Segmentation,0,5
2026-07-27 14:23:30,Segmentation,0,5
2026-07-27 14:23:31,Segmentation,0,5
2026-07-27 14:23:32,Segmentation,0,5
2026-07-27 14:23:33,Segmentation,0,5
2026-07-27 14:23:35,Segmentation,0,5
2026-07-27 14:23:36,Segmentation,0,5
2026-07-27 14:23:37,Segmentation,0,5
2026-07-27 14:23:38,Segmentation,0,5
2026-07-27 14:23:39,Segmentation,0,5
2026-07-27 14:23:40,Segmentation,0,5
2026-07-27 14:23:41,Segmentation,0,5
2026-07-27 14:23:42,Segmentation,0,5
2026-07-27 14:23:44,Segmentation,0,5
2026-07-27 14:23:45,Segmentation,0,5
2026-07-27 14:23:46,Segmentation,0,5
2026-07-27 14:23:47,Segmentation,0,5
2026-07-27 14:23:48,Segmentation,0,5
2026-07-27 14:23:49,Segmentation,0,5
2026-07-27 14:23:50,Segmentation,0,5
2026-07-27 14:23:52,Segmentation,0,5
2026-07-27 14:23:53,Segmentation,0,5
2026-07-27 14:23:54,Segmentation,0,5
2026-07-27 14:23:55,Segmentation,0,5
2026-07-27 14:23:57,Segmentation,0,5
2026-07-27 14:23:58,Segmentation,0,5
2026-07-27 14:23:59,Segmentation,0,5
2026-07-27 14:24:00,Segmentation,0,5
2026-07-27 14:24:01,Segmentation,0,5
2026-07-27 14:24:02,Segmentation,0,5
2026-07-27 14:24:04,Segmentation,0,5
2026-07-27 14:24:05,Segmentation,0,5
2026-07-27 14:24:06,Segmentation,0,5
2026-07-27 14:24:07,Segmentation,0,5
2026-07-27 14:24:08,Segmentation,0,5
2026-07-27 14:24:10,Segmentation,0,5
2026-07-27 14:24:11,Segmentation,0,5
2026-07-27 14:24:12,Segmentation,0,5
2026-07-27 14:24:13,Segmentation,0,5
2026-07-27 14:24:14,Segmentation,0,5
2026-07-27 14:24:15,Segmentation,0,5
2026-07-27 14:24:16,Segmentation,0,5
2026-07-27 14:24:18,Segmentation,0,5
2026-07-27 14:24:19,Segmentation,0,5
2026-07-27 14:24:20,Segmentation,0,5
2026-07-27 14:24:21,Segmentation,0,5
2026-07-27 14:24:22,Segmentation,0,5
2026-07-27 14:24:23,Segmentation,0,5
2026-07-27 14:24:25,Segmentation,0,5
2026-07-27 14:24:26,Segmentation,0,5
2026-07-27 14:24:27,Segmentation,0,5
2026-07-27 14:24:28,Segmentation,0,5
2026-07-27 14:24:29,Segmentation,0,5
2026-07-27 14:24:30,Segmentation,0,5
2026-07-27 14:24:32,Segmentation,0,5
2026-07-27 14:24:33,Segmentation,0,5
2026-07-27 14:24:34,Segmentation,0,5
2026-07-27 14:24:35,Segmentation,0,5
2026-07-27 14:24:36,Segmentation,0,5
2026-07-27 14:24:37,Segmentation,0,5
2026-07-27 14:24:38,Segmentation,0,5
2026-07-27 14:24:39,Segmentation,0,5
2026-07-27 14:24:40,Segmentation,0,5
2026-07-27 14:24:42,Segmentation,0,5
2026-07-27 14:24:43,Segmentation,0,5
2026-07-27 14:24:44,Segmentation,0,5
2026-07-27 14:24:45,Segmentation,0,5
2026-07-27 14:24:46,Segmentation,0,5
2026-07-27 14:24:47,Segmentation,0,5
2026-07-27 14:24:48,Segmentation,0,5
2026-07-27 14:24:49,Segmentation,0,5
2026-07-27 14:24:51,Segmentation,0,5
2026-07-27 14:24:52,Segmentation,0,5
2026-07-27 14:24:53,Segmentation,0,5
2026-07-27 14:24:54,Segmentation,0,5
2026-07-27 14:24:55,Segmentation,0,5
2026-07-27 14:24:56,Segmentation,0,5
2026-07-27 14:24:57,Segmentation,0,5
2026-07-27 14:24:58,Segmentation,0,5
2026-07-27 14:24:59,Segmentation,0,5
2026-07-27 14:25:00,Segmentation,0,5
2026-07-27 14:25:02,Segmentation,0,5
2026-07-27 14:25:03,Segmentation,0,5
2026-07-27 14:25:04,Segmentation,0,5
2026-07-27 14:25:05,Segmentation,0,5
2026-07-27 14:25:06,Segmentation,0,5
2026-07-27 14:25:07,Segmentation,0,5
2026-07-27 14:25:09,Segmentation,0,5
2026-07-27 14:25:10,Segmentation,0,5
2026-07-27 14:25:11,Segmentation,0,5
2026-07-27 14:25:12,Segmentation,0,5
2026-07-27 14:25:13,Segmentation,0,5
2026-07-27 14:25:14,Segmentation,0,5
2026-07-27 14:25:15,Segmentation,0,5
2026-07-27 14:25:17,Segmentation,0,5
2026-07-27 14:25:18,Segmentation,0,5
2026-07-27 14:25:19,Segmentation,0,5
2026-07-27 14:25:20,Segmentation,0,5
2026-07-27 14:25:21,Segmentation,0,5
2026-07-27 14:25:22,Segmentation,0,5
2026-07-27 14:25:23,Segmentation,0,5
2026-07-27 14:25:25,Segmentation,0,5
2026-07-27 14:25:26,Segmentation,0,5
2026-07-27 14:25:27,Segmentation,0,5
2026-07-27 14:25:28,Segmentation,0,5
2026-07-27 14:25:29,Segmentation,0,5
2026-07-27 14:25:30,Segmentation,0,5
2026-07-27 14:25:32,Segmentation,0,5
2026-07-27 14:25:33,Segmentation,0,5
2026-07-27 14:25:34,Segmentation,0,5
2026-07-27 14:25:35,Segmentation,0,5
2026-07-27 14:25:36,Segmentation,0,5
2026-07-27 14:25:37,Segmentation,0,5
2026-07-27 14:25:38,Segmentation,0,5
2026-07-27 14:25:39,Segmentation,0,5
2026-07-27 14:25:40,Segmentation,0,5
2026-07-27 14:25:41,Segmentation,0,5
2026-07-27 14:25:42,Segmentation,0,5
2026-07-27 14:25:44,Segmentation,0,5
2026-07-27 14:25:45,Segmentation,0,5
2026-07-27 14:25:46,Segmentation,0,5
2026-07-27 14:25:47,Segmentation,0,5
2026-07-27 14:25:48,Segmentation,0,5
2026-07-27 14:25:49,Segmentation,0,5
2026-07-27 14:25:51,Segmentation,0,5
2026-07-27 14:25:52,Segmentation,0,5
2026-07-27 14:25:53,Segmentation,0,5
2026-07-27 14:25:54,Segmentation,0,5
2026-07-27 14:25:55,Segmentation,0,5
2026-07-27 14:25:56,Segmentation,0,5
2026-07-27 14:25:57,Segmentation,0,5
2026-07-27 14:25:58,Segmentation,0,5
2026-07-27 14:26:00,Segmentation,0,5
2026-07-27 14:26:01,Segmentation,0,5
2026-07-27 14:26:02,Segmentation,0,5
2026-07-27 14:26:03,Segmentation,0,5
2026-07-27 14:26:04,Segmentation,0,5
2026-07-27 14:26:05,Segmentation,0,5
2026-07-27 14:26:07,Segmentation,0,5
2026-07-27 14:26:08,Segmentation,0,5
2026-07-27 14:26:09,Segmentation,0,5
2026-07-27 14:26:10,Segmentation,0,5
2026-07-27 14:26:11,Segmentation,0,5
2026-07-27 14:26:12,Segmentation,0,5
2026-07-27 14:26:13,Segmentation,0,5
2026-07-27 14:26:15,Segmentation,0,5
2026-07-27 14:26:16,Segmentation,0,5
2026-07-27 14:26:17,Segmentation,0,5
2026-07-27 14:26:18,Segmentation,0,5
2026-07-27 14:26:19,Segmentation,0,5
2026-07-27 14:26:20,Segmentation,0,5
2026-07-27 14:26:21,Segmentation,0,5
2026-07-27 14:26:22,Segmentation,0,5
2026-07-27 14:26:24,Segmentation,0,5
2026-07-27 14:26:25,Segmentation,0,5
2026-07-27 14:26:26,Segmentation,0,5
2026-07-27 14:26:27,Segmentation,0,5
2026-07-27 14:26:28,Segmentation,0,5
2026-07-27 14:26:29,Segmentation,0,5
2026-07-27 14:26:30,Segmentation,0,5
2026-07-27 14:26:31,Segmentation,0,5
2026-07-27 14:26:33,Segmentation,0,5
2026-07-27 14:26:34,Segmentation,0,5
2026-07-27 14:26:35,Segmentation,0,5
2026-07-27 14:26:36,Segmentation,0,5
2026-07-27 14:26:37,Segmentation,0,5
2026-07-27 14:26:38,Segmentation,0,5
2026-07-27 14:26:39,Segmentation,0,5
2026-07-27 14:26:40,Segmentation,0,5
2026-07-27 14:26:41,Segmentation,0,5
2026-07-27 14:26:43,Segmentation,0,5
2026-07-27 14:26:44,Segmentation,0,5
2026-07-27 14:26:45,Segmentation,0,5
2026-07-27 14:26:46,Segmentation,0,5
2026-07-27 14:26:47,Segmentation,0,5
2026-07-27 14:26:48,Segmentation,0,5
2026-07-27 14:26:49,Segmentation,0,5
2026-07-27 14:26:50,Segmentation,0,5
2026-07-27 14:26:52,Segmentation,0,5
2026-07-27 14:26:53,Segmentation,0,5
2026-07-27 14:26:54,Segmentation,0,5
2026-07-27 14:26:55,Segmentation,0,5
2026-07-27 14:26:56,Segmentation,0,5
2026-07-27 14:26:57,Segmentation,0,5
2026-07-27 14:26:58,Segmentation,0,5
2026-07-27 14:26:59,Segmentation,0,5
2026-07-27 14:27:01,Segmentation,0,5
2026-07-27 14:27:02,Segmentation,0,5
2026-07-27 14:27:03,Segmentation,0,5
2026-07-27 14:27:04,Segmentation,0,5
2026-07-27 14:27:05,Segmentation,0,5
2026-07-27 14:27:06,Segmentation,0,5
2026-07-27 14:27:07,Segmentation,0,5
2026-07-27 14:27:08,Segmentation,0,5
2026-07-27 14:27:09,Segmentation,0,5
2026-07-27 14:27:11,Segmentation,0,5
2026-07-27 14:27:12,Segmentation,0,5
2026-07-27 14:27:13,Segmentation,0,5
2026-07-27 14:27:14,Segmentation,0,5
2026-07-27 14:27:15,Segmentation,0,5
2026-07-27 14:27:16,Segmentation,0,5
2026-07-27 14:27:18,Segmentation,0,5
2026-07-27 14:27:19,Segmentation,0,5
2026-07-27 14:27:20,Segmentation,0,5
2026-07-27 14:27:21,Segmentation,0,5
2026-07-27 14:27:22,Segmentation,0,5
2026-07-27 14:27:23,Segmentation,0,5
2026-07-27 14:27:24,Segmentation,0,5
2026-07-27 14:27:25,Segmentation,0,5
2026-07-27 14:27:27,Segmentation,0,5
2026-07-27 14:27:28,Segmentation,0,5
2026-07-27 14:27:29,Segmentation,0,5
2026-07-27 14:27:30,Segmentation,0,5
2026-07-27 14:27:31,Segmentation,0,5
2026-07-27 14:27:32,Segmentation,0,5
2026-07-27 14:27:33,Segmentation,0,5
2026-07-27 14:27:34,Segmentation,0,5
2026-07-27 14:27:36,Segmentation,0,5
2026-07-27 14:27:37,Segmentation,0,5
2026-07-27 14:27:38,Pose,0,5
2026-07-27 14:27:39,Pose,0,5
2026-07-27 14:27:40,Tracking,0,3
2026-07-27 14:27:41,Segmentation,0,2
2026-07-27 14:27:43,Segmentation,0,2
2026-07-27 14:27:44,Segmentation,0,2
2026-07-27 14:27:45,Segmentation,0,2
2026-07-27 14:27:46,Segmentation,0,2
2026-07-27 14:27:47,Segmentation,0,2
2026-07-27 14:27:48,Segmentation,0,2
2026-07-27 14:27:49,Segmentation,0,2
2026-07-27 14:27:50,Segmentation,0,2
2026-07-27 14:27:52,Segmentation,0,2
2026-07-27 14:27:53,Segmentation,0,2
2026-07-27 14:27:54,Segmentation,0,2
2026-07-27 14:27:55,Segmentation,0,2
2026-07-27 14:27:56,Segmentation,0,2
2026-07-27 14:27:57,Segmentation,0,2
2026-07-27 14:27:59,Segmentation,0,2
2026-07-27 14:28:00,Segmentation,0,2
2026-07-27 14:28:01,Segmentation,0,2
2026-07-27 14:28:02,Segmentation,0,2
2026-07-27 14:28:03,Segmentation,0,2
2026-07-27 14:28:04,Segmentation,0,2
2026-07-27 14:28:05,Segmentation,0,2
2026-07-27 14:28:07,Segmentation,0,2
2026-07-27 14:28:08,Segmentation,0,2
2026-07-27 14:28:09,Segmentation,0,2
2026-07-27 14:28:10,Segmentation,0,2
2026-07-27 14:28:11,Segmentation,0,2
2026-07-27 14:28:12,Segmentation,0,2
2026-07-27 14:28:13,Segmentation,0,2
2026-07-27 14:28:15,Segmentation,0,2
2026-07-27 14:28:16,Segmentation,0,2
2026-07-27 14:28:17,Segmentation,0,2
2026-07-27 14:28:18,Segmentation,0,2
2026-07-27 14:28:19,Segmentation,0,2
2026-07-27 14:28:20,Segmentation,0,2
2026-07-27 14:28:22,Segmentation,0,2
2026-07-27 14:28:23,Segmentation,0,2
2026-07-27 14:28:24,Segmentation,0,2
2026-07-27 14:28:25,Segmentation,0,2
2026-07-27 14:28:26,Segmentation,0,2
2026-07-27 14:28:28,Segmentation,0,2
2026-07-27 14:28:29,Segmentation,0,2
2026-07-27 14:28:30,Segmentation,0,2
2026-07-27 14:28:31,Segmentation,0,2
2026-07-27 14:28:32,Segmentation,0,2
2026-07-27 14:28:33,Segmentation,0,2
2026-07-27 14:28:34,Segmentation,0,2
2026-07-27 14:28:36,Segmentation,0,2
2026-07-27 14:28:37,Segmentation,0,2
2026-07-27 14:28:38,Segmentation,0,2
2026-07-27 14:28:39,Segmentation,0,2
2026-07-27 14:28:40,Segmentation,0,2
2026-07-27 14:28:41,Segmentation,0,2
2026-07-27 14:28:42,Segmentation,0,2
2026-07-27 14:28:43,Segmentation,0,2
2026-07-27 14:28:44,Segmentation,0,2
2026-07-27 14:28:45,Segmentation,0,2
2026-07-27 14:28:46,Segmentation,0,2
2026-07-27 14:28:48,Segmentation,0,2
2026-07-27 14:28:49,Segmentation,0,2
2026-07-27 14:28:50,Segmentation,0,2
2026-07-27 14:28:51,Segmentation,0,2
2026-07-27 14:28:52,Segmentation,0,2
2026-07-27 14:28:53,Segmentation,0,2
2026-07-27 14:28:55,Segmentation,0,2
2026-07-27 14:28:56,Segmentation,0,2
2026-07-27 14:28:57,Segmentation,0,2
2026-07-27 14:28:58,Segmentation,0,2
2026-07-27 14:28:59,Segmentation,0,2
2026-07-27 14:29:00,Segmentation,0,2
2026-07-27 14:29:01,Segmentation,0,2
2026-07-27 14:29:02,Segmentation,0,2
2026-07-27 14:29:03,Segmentation,0,2
2026-07-27 14:29:04,Segmentation,0,2
2026-07-27 14:29:05,Segmentation,0,2
2026-07-27 14:29:06,Segmentation,0,2
2026-07-27 14:29:08,Segmentation,0,2
2026-07-27 14:29:09,Segmentation,0,2
2026-07-27 14:29:10,Segmentation,0,2
2026-07-27 14:29:11,Segmentation,0,2
2026-07-27 14:29:12,Segmentation,0,2
2026-07-27 14:29:13,Segmentation,0,2
2026-07-27 14:29:14,Segmentation,0,2
2026-07-27 14:29:16,Segmentation,0,2
2026-07-27 14:29:17,Segmentation,0,2
2026-07-27 14:29:18,Segmentation,0,2
2026-07-27 14:29:19,Segmentation,0,2
2026-07-27 14:29:20,Segmentation,0,2
2026-07-27 14:29:22,Segmentation,0,2
2026-07-27 14:29:23,Segmentation,0,2
2026-07-27 14:29:24,Segmentation,0,2
2026-07-27 14:29:25,Segmentation,0,2
2026-07-27 14:29:26,Segmentation,0,2
2026-07-27 14:29:27,Segmentation,0,2
2026-07-27 14:29:28,Segmentation,0,2
2026-07-27 14:29:29,Segmentation,0,2
2026-07-27 14:29:31,Segmentation,0,2
2026-07-27 14:29:32,Segmentation,0,2
2026-07-27 14:29:33,Segmentation,0,2
2026-07-27 14:29:34,Segmentation,0,2
2026-07-27 14:29:35,Segmentation,0,2
2026-07-27 14:29:36,Segmentation,0,2
2026-07-27 14:29:37,Segmentation,0,2
2026-07-27 14:29:38,Segmentation,0,2
2026-07-27 14:29:40,Segmentation,0,2
2026-07-27 14:29:41,Segmentation,0,2
2026-07-27 14:29:42,Segmentation,0,2
2026-07-27 14:29:43,Segmentation,0,2
2026-07-27 14:29:44,Segmentation,0,2
2026-07-27 14:29:45,Segmentation,0,2
2026-07-27 14:29:46,Segmentation,0,2
2026-07-27 14:29:47,Segmentation,0,2
2026-07-27 14:29:48,Segmentation,0,2
2026-07-27 14:29:50,Segmentation,0,2
2026-07-27 14:29:51,Segmentation,0,2
2026-07-27 14:29:52,Segmentation,0,2
2026-07-27 14:29:53,Segmentation,0,2
2026-07-27 14:29:54,Segmentation,0,2
2026-07-27 14:29:55,Segmentation,0,2
2026-07-27 14:29:56,Segmentation,0,2
2026-07-27 14:29:57,Segmentation,0,2
2026-07-27 14:29:59,Segmentation,0,2
2026-07-27 14:30:00,Segmentation,0,2
2026-07-27 14:30:01,Segmentation,0,2
2026-07-27 14:30:02,Segmentation,0,2
2026-07-27 14:30:03,Segmentation,0,2
2026-07-27 14:30:04,Segmentation,0,2
2026-07-27 14:30:05,Segmentation,0,2
2026-07-27 14:30:06,Segmentation,0,2
2026-07-27 14:30:07,Segmentation,0,2
2026-07-27 14:30:08,Segmentation,0,2
2026-07-27 14:30:09,Segmentation,0,2
2026-07-27 14:30:10,Segmentation,0,2
2026-07-27 14:30:12,Segmentation,0,2
2026-07-27 14:30:13,Segmentation,0,2
2026-07-27 14:30:14,Segmentation,0,2
2026-07-27 14:30:15,Segmentation,0,2
2026-07-27 14:30:16,Segmentation,0,2
2026-07-27 14:30:17,Segmentation,0,2
2026-07-27 14:30:18,Segmentation,0,2
2026-07-27 14:30:19,Segmentation,0,2
2026-07-27 14:30:20,Segmentation,0,2
2026-07-27 14:30:21,Segmentation,0,2
2026-07-27 14:30:22,Segmentation,0,2
2026-07-27 14:30:23,Segmentation,0,2
2026-07-27 14:30:25,Segmentation,0,2
2026-07-27 14:30:26,Segmentation,0,2
2026-07-27 14:30:27,Segmentation,0,2
2026-07-27 14:30:28,Segmentation,0,2
2026-07-27 14:30:29,Segmentation,0,2
2026-07-27 14:30:30,Segmentation,0,2
2026-07-27 14:30:31,Segmentation,0,2
2026-07-27 14:30:33,Segmentation,0,2
2026-07-27 14:30:34,Segmentation,0,2
2026-07-27 14:30:35,Segmentation,0,2
2026-07-27 14:30:36,Segmentation,0,2
2026-07-27 14:30:37,Segmentation,0,2
2026-07-27 14:30:38,Segmentation,0,2
2026-07-27 14:30:39,Segmentation,0,2
2026-07-27 14:30:40,Segmentation,0,2
2026-07-27 14:30:42,Segmentation,0,2
2026-07-27 14:30:43,Segmentation,0,2
2026-07-27 14:30:44,Segmentation,0,2
2026-07-27 14:30:45,Segmentation,0,2
2026-07-27 14:30:46,Segmentation,0,2
2026-07-27 14:30:47,Segmentation,0,2
2026-07-27 14:30:49,Segmentation,0,2
2026-07-27 14:30:50,Segmentation,0,2
2026-07-27 14:30:51,Segmentation,0,2
2026-07-27 14:30:52,Segmentation,0,2
2026-07-27 14:30:53,Segmentation,0,2
2026-07-27 14:30:54,Segmentation,0,2
2026-07-27 14:30:55,Segmentation,0,2
2026-07-27 14:30:56,Segmentation,0,2
2026-07-27 14:30:57,Segmentation,0,2
2026-07-27 14:30:58,Segmentation,0,2
2026-07-27 14:31:00,Segmentation,0,2
2026-07-27 14:31:01,Segmentation,0,2
2026-07-27 14:31:02,Segmentation,0,2
2026-07-27 14:31:03,Segmentation,0,2
2026-07-27 14:31:04,Segmentation,0,2
2026-07-27 14:31:05,Segmentation,0,2
2026-07-27 14:31:06,Segmentation,0,2
2026-07-27 14:31:08,Segmentation,0,2
2026-07-27 14:31:09,Segmentation,0,2
2026-07-27 14:31:10,Segmentation,0,2
2026-07-27 14:31:11,Segmentation,0,2
2026-07-27 14:31:12,Segmentation,0,2
2026-07-27 14:31:13,Segmentation,0,2
2026-07-27 14:31:14,Segmentation,0,2
2026-07-27 14:31:15,Segmentation,0,2
2026-07-27 14:31:16,Segmentation,0,2
2026-07-27 14:31:18,Segmentation,0,2
2026-07-27 14:31:19,Segmentation,0,2
2026-07-27 14:31:20,Segmentation,0,2
2026-07-27 14:31:21,Segmentation,0,2
2026-07-27 14:31:22,Segmentation,0,2
2026-07-27 14:31:24,Segmentation,0,2
2026-07-27 14:31:25,Segmentation,0,2
2026-07-27 14:31:26,Segmentation,0,2
2026-07-27 14:31:27,Segmentation,0,2
2026-07-27 14:31:28,Segmentation,0,2
2026-07-27 14:31:29,Segmentation,0,2
2026-07-27 14:31:31,Segmentation,0,2
2026-07-27 14:31:32,Segmentation,0,2
2026-07-27 14:31:33,Segmentation,0,2
2026-07-27 14:31:34,Segmentation,0,2
2026-07-27 14:31:35,Segmentation,0,2
2026-07-27 14:31:36,Segmentation,0,2
2026-07-27 14:31:38,Segmentation,0,2
2026-07-27 14:31:39,Segmentation,0,2
2026-07-27 14:31:40,Segmentation,0,2
2026-07-27 14:31:41,Segmentation,0,2
2026-07-27 14:31:42,Segmentation,0,2
2026-07-27 14:31:43,Segmentation,0,2
2026-07-27 14:31:45,Segmentation,0,2
2026-07-27 14:31:46,Segmentation,0,2
2026-07-27 14:31:47,Segmentation,0,2
2026-07-27 14:31:48,Segmentation,0,2
2026-07-27 14:31:49,Segmentation,0,2
2026-07-27 14:31:50,Segmentation,0,2
2026-07-27 14:31:52,Segmentation,0,2
2026-07-27 14:31:53,Segmentation,0,2
2026-07-27 14:31:54,Segmentation,0,2
2026-07-27 14:31:55,Segmentation,0,2
2026-07-27 14:31:56,Segmentation,0,2
2026-07-27 14:31:57,Segmentation,0,2
2026-07-27 14:31:58,Segmentation,0,2
2026-07-27 14:32:00,Segmentation,0,2
2026-07-27 14:32:01,Segmentation,0,2
2026-07-27 14:32:02,Segmentation,0,2
2026-07-27 14:32:03,Segmentation,0,2
2026-07-27 14:32:04,Segmentation,0,2
2026-07-27 14:32:05,Segmentation,0,2
2026-07-27 14:32:07,Segmentation,0,2
2026-07-27 14:32:08,Segmentation,0,2
2026-07-27 14:32:09,Segmentation,0,2
2026-07-27 14:32:10,Segmentation,0,2
2026-07-27 14:32:11,Segmentation,0,2
2026-07-27 14:32:12,Segmentation,0,2
2026-07-27 14:32:13,Segmentation,0,2
2026-07-27 14:32:15,Segmentation,0,2
2026-07-27 14:32:16,Segmentation,0,2
2026-07-27 14:32:17,Segmentation,0,2
2026-07-27 14:32:18,Segmentation,0,2
2026-07-27 14:32:19,Segmentation,0,2
2026-07-27 14:32:20,Segmentation,0,2
2026-07-27 14:32:21,Segmentation,0,2
2026-07-27 14:32:23,Segmentation,0,2
2026-07-27 14:32:24,Segmentation,0,2
2026-07-27 14:32:25,Segmentation,0,2
2026-07-27 14:32:26,Segmentation,0,2
2026-07-27 14:32:27,Segmentation,0,2
2026-07-27 14:32:28,Segmentation,0,2
2026-07-27 14:32:29,Segmentation,0,2
2026-07-27 14:32:30,Segmentation,0,2
2026-07-27 14:32:32,Segmentation,0,2
2026-07-27 14:32:33,Segmentation,0,2
2026-07-27 14:32:34,Segmentation,0,2
2026-07-27 14:32:35,Segmentation,0,2
2026-07-27 14:32:36,Segmentation,0,2
2026-07-27 14:32:37,Segmentation,0,2
2026-07-27 14:32:38,Segmentation,0,2
2026-07-27 14:32:40,Segmentation,0,2
2026-07-27 14:32:41,Segmentation,0,2
2026-07-27 14:32:42,Segmentation,0,2
2026-07-27 14:32:43,Segmentation,0,2
2026-07-27 14:32:44,Segmentation,0,2
2026-07-27 14:32:45,Segmentation,0,2
2026-07-27 14:32:47,Segmentation,0,2
2026-07-27 14:32:48,Segmentation,0,2
2026-07-27 14:32:49,Segmentation,0,2
2026-07-27 14:32:50,Segmentation,0,2
2026-07-27 14:32:51,Segmentation,0,2
2026-07-27 14:32:52,Segmentation,0,2
2026-07-27 14:32:53,Segmentation,0,2
2026-07-27 14:32:55,Segmentation,0,2
2026-07-27 14:32:56,Segmentation,0,2
2026-07-27 14:32:57,Segmentation,0,2
2026-07-27 14:32:58,Segmentation,0,2
2026-07-27 14:32:59,Segmentation,0,2
2026-07-27 14:33:00,Segmentation,0,2
2026-07-27 14:33:01,Segmentation,0,2
2026-07-27 14:33:02,Segmentation,0,2
2026-07-27 14:33:04,Segmentation,0,2
2026-07-27 14:33:05,Segmentation,0,2
2026-07-27 14:33:06,Segmentation,0,2
2026-07-27 14:33:07,Segmentation,0,2
2026-07-27 14:33:08,Segmentation,0,2
2026-07-27 14:33:09,Segmentation,0,2
2026-07-27 14:33:10,Segmentation,0,2
2026-07-27 14:33:12,Segmentation,0,2
2026-07-27 14:33:13,Segmentation,0,2
2026-07-27 14:33:14,Segmentation,0,2
2026-07-27 14:33:15,Segmentation,0,2
2026-07-27 14:33:16,Segmentation,0,2
2026-07-27 14:33:17,Segmentation,0,2
2026-07-27 14:33:18,Segmentation,0,2
2026-07-27 14:33:19,Segmentation,0,2
2026-07-27 14:33:21,Segmentation,0,2
2026-07-27 14:33:22,Segmentation,0,2
2026-07-27 14:33:23,Segmentation,0,2
2026-07-27 14:33:24,Segmentation,0,2
2026-07-27 14:33:25,Segmentation,0,2
2026-07-27 14:33:26,Segmentation,0,2
2026-07-27 14:33:27,Segmentation,0,2
2026-07-27 14:33:28,Segmentation,0,2
2026-07-27 14:33:30,Segmentation,0,2
2026-07-27 14:33:31,Segmentation,0,2
2026-07-27 14:33:32,Segmentation,0,2
2026-07-27 14:33:33,Segmentation,0,2
2026-07-27 14:33:34,Segmentation,0,2
2026-07-27 14:33:36,Segmentation,0,2
2026-07-27 14:33:37,Segmentation,0,2
2026-07-27 14:33:38,Segmentation,0,2
2026-07-27 14:33:39,Segmentation,0,2
2026-07-27 14:33:40,Segmentation,0,2
2026-07-27 14:33:41,Segmentation,0,2
2026-07-27 14:33:42,Segmentation,0,2
2026-07-27 14:33:44,Segmentation,0,2
2026-07-27 14:33:45,Segmentation,0,2
2026-07-27 14:33:46,Segmentation,0,2
2026-07-27 14:33:47,Segmentation,0,2
2026-07-27 14:33:48,Segmentation,0,2
2026-07-27 14:33:49,Segmentation,0,2
2026-07-27 14:33:50,Segmentation,0,2
2026-07-27 14:33:52,Segmentation,0,2
2026-07-27 14:33:53,Segmentation,0,2
2026-07-27 14:33:54,Segmentation,0,2
2026-07-27 14:33:55,Segmentation,0,2
2026-07-27 14:33:56,Segmentation,0,2
2026-07-27 14:33:57,Segmentation,0,2
2026-07-27 14:33:58,Segmentation,0,2
2026-07-27 14:33:59,Segmentation,0,2
2026-07-27 14:34:01,Segmentation,0,2
2026-07-27 14:34:02,Segmentation,0,2
2026-07-27 14:34:03,Segmentation,0,2
2026-07-27 14:34:04,Segmentation,0,2
2026-07-27 14:34:05,Segmentation,0,2
2026-07-27 14:34:06,Segmentation,0,2
2026-07-27 14:34:07,Segmentation,0,2
2026-07-27 14:34:08,Segmentation,0,2
2026-07-27 14:34:09,Segmentation,0,2
2026-07-27 14:34:11,Segmentation,0,2
2026-07-27 14:34:12,Segmentation,0,2
2026-07-27 14:34:13,Segmentation,0,2
2026-07-27 14:34:14,Segmentation,0,2
2026-07-27 14:34:15,Segmentation,0,2
2026-07-27 14:34:16,Segmentation,0,2
2026-07-27 14:34:17,Segmentation,0,2
2026-07-27 14:34:18,Segmentation,0,2
2026-07-27 14:34:19,Segmentation,0,2
2026-07-27 14:34:21,Segmentation,0,2
2026-07-27 14:34:22,Segmentation,0,2
2026-07-27 14:34:23,Segmentation,0,2
2026-07-27 14:34:24,Segmentation,0,2
2026-07-27 14:34:25,Segmentation,0,2
2026-07-27 14:34:26,Segmentation,0,2
2026-07-27 14:34:27,Segmentation,0,2
2026-07-27 14:34:28,Segmentation,0,2
2026-07-27 14:34:30,Segmentation,0,2
2026-07-27 14:34:31,Segmentation,0,2
2026-07-27 14:34:32,Segmentation,0,2
2026-07-27 14:34:33,Segmentation,0,2
2026-07-27 14:34:34,Segmentation,0,2
2026-07-27 14:34:35,Segmentation,0,2
2026-07-27 14:34:37,Segmentation,0,2
2026-07-27 14:34:38,Segmentation,0,2
2026-07-27 14:34:39,Segmentation,0,2
2026-07-27 14:34:40,Segmentation,0,2
2026-07-27 14:34:41,Segmentation,0,2
2026-07-27 14:34:42,Segmentation,0,2
2026-07-27 14:34:43,Segmentation,0,2
2026-07-27 14:34:45,Segmentation,0,2
2026-07-27 14:34:46,Segmentation,0,2
2026-07-27 14:34:47,Segmentation,0,2
2026-07-27 14:34:48,Segmentation,0,2
2026-07-27 14:34:49,Segmentation,0,2
2026-07-27 14:34:50,Segmentation,0,2
2026-07-27 14:34:51,Segmentation,0,2
2026-07-27 14:34:53,Segmentation,0,2
2026-07-27 14:34:54,Segmentation,0,2
2026-07-27 14:34:55,Segmentation,0,2
2026-07-27 14:34:56,Segmentation,0,2
2026-07-27 14:34:57,Segmentation,0,2
2026-07-27 14:34:58,Segmentation,0,2
2026-07-27 14:34:59,Segmentation,0,2
2026-07-27 14:35:01,Segmentation,0,2
2026-07-27 14:35:02,Segmentation,0,2
2026-07-27 14:35:03,Segmentation,0,2
2026-07-27 14:35:04,Segmentation,0,2
2026-07-27 14:35:05,Segmentation,0,2
2026-07-27 14:35:06,Segmentation,0,2
2026-07-27 14:35:07,Segmentation,0,2
2026-07-27 14:35:08,Segmentation,0,2
2026-07-27 14:35:10,Segmentation,0,2
2026-07-27 14:35:11,Segmentation,0,2
2026-07-27 14:35:12,Segmentation,0,2
2026-07-27 14:35:13,Segmentation,0,2
2026-07-27 14:35:14,Segmentation,0,2
2026-07-27 14:35:15,Segmentation,0,2
2026-07-27 14:35:16,Segmentation,0,2
2026-07-27 14:35:17,Segmentation,0,2
2026-07-27 14:35:18,Segmentation,0,2
2026-07-27 14:35:19,Segmentation,0,2
2026-07-27 14:35:20,Segmentation,0,2
2026-07-27 14:35:21,Segmentation,0,2
2026-07-27 14:35:22,Segmentation,0,2
2026-07-27 14:35:24,Segmentation,0,2
2026-07-27 14:35:25,Segmentation,0,2
2026-07-27 14:35:26,Segmentation,0,2
2026-07-27 14:35:27,Segmentation,0,2
2026-07-27 14:35:28,Segmentation,0,2
2026-07-27 14:35:29,Segmentation,0,2
2026-07-27 14:35:30,Segmentation,0,2
2026-07-27 14:35:31,Segmentation,0,2
2026-07-27 14:35:33,Segmentation,0,2
2026-07-27 14:35:34,Segmentation,0,2
2026-07-27 14:35:35,Segmentation,0,2
2026-07-27 14:35:36,Segmentation,0,2
2026-07-27 14:35:37,Segmentation,0,2
2026-07-27 14:35:38,Segmentation,0,2
2026-07-27 14:35:40,Segmentation,0,2
2026-07-27 14:35:41,Segmentation,0,2
2026-07-27 14:35:42,Segmentation,0,2
2026-07-27 14:35:43,Segmentation,0,2
2026-07-27 14:35:44,Segmentation,0,2
2026-07-27 14:35:45,Segmentation,0,2
2026-07-27 14:35:47,Segmentation,0,2
2026-07-27 14:35:48,Segmentation,0,2
2026-07-27 14:35:49,Segmentation,0,2
2026-07-27 14:35:50,Segmentation,0,2
2026-07-27 14:35:51,Segmentation,0,2
2026-07-27 14:35:52,Segmentation,0,2
2026-07-27 14:35:54,Segmentation,0,2
2026-07-27 14:35:55,Segmentation,0,2
2026-07-27 14:35:56,Segmentation,0,2
2026-07-27 14:35:57,Segmentation,0,2
2026-07-27 14:35:58,Segmentation,0,2
2026-07-27 14:35:59,Segmentation,0,2
2026-07-27 14:36:00,Segmentation,0,2
2026-07-27 14:36:01,Segmentation,0,2
2026-07-27 14:36:03,Segmentation,0,2
2026-07-27 14:36:04,Segmentation,0,2
2026-07-27 14:36:05,Segmentation,0,2
2026-07-27 14:36:06,Segmentation,0,2
2026-07-27 14:36:07,Segmentation,0,2
2026-07-27 14:36:08,Segmentation,0,2
2026-07-27 14:36:09,Segmentation,0,2
2026-07-27 14:36:10,Segmentation,0,2
2026-07-27 14:36:12,Segmentation,0,2
2026-07-27 14:36:13,Segmentation,0,2
2026-07-27 14:36:14,Segmentation,0,2
2026-07-27 14:36:15,Segmentation,0,2
2026-07-27 14:36:16,Segmentation,0,2
2026-07-27 14:36:17,Segmentation,0,2
2026-07-27 14:36:18,Segmentation,0,2
2026-07-27 14:36:19,Segmentation,0,2
2026-07-27 14:36:20,Segmentation,0,2
2026-07-27 14:36:22,Segmentation,0,2
2026-07-27 14:36:23,Segmentation,0,2
2026-07-27 14:36:24,Segmentation,0,2
2026-07-27 14:36:25,Segmentation,0,2
2026-07-27 14:36:26,Segmentation,0,2
2026-07-27 14:36:27,Segmentation,0,2
2026-07-27 14:36:28,Segmentation,0,2
2026-07-27 14:36:30,Segmentation,0,2
2026-07-27 14:36:31,Segmentation,0,2
2026-07-27 14:36:32,Segmentation,0,2
2026-07-27 14:36:33,Segmentation,0,2
2026-07-27 14:36:34,Segmentation,0,2
2026-07-27 14:36:35,Segmentation,0,2
2026-07-27 14:36:36,Segmentation,0,2
2026-07-27 14:36:37,Segmentation,0,2
2026-07-27 14:36:38,Segmentation,0,2
2026-07-27 14:36:40,Segmentation,0,2
2026-07-27 14:36:41,Segmentation,0,2
2026-07-27 14:36:42,Segmentation,0,2
2026-07-27 14:36:43,Segmentation,0,2
2026-07-27 14:36:44,Segmentation,0,2
2026-07-27 14:36:45,Segmentation,0,2
2026-07-27 14:36:47,Segmentation,0,2
2026-07-27 14:36:48,Segmentation,0,2
2026-07-27 14:36:49,Segmentation,0,2
2026-07-27 14:36:50,Segmentation,0,2
2026-07-27 14:36:51,Segmentation,0,2
2026-07-27 14:36:52,Segmentation,0,2
2026-07-27 14:36:53,Segmentation,0,2
2026-07-27 14:36:54,Segmentation,0,2
2026-07-27 14:36:55,Segmentation,0,2
2026-07-27 14:36:57,Segmentation,0,2
2026-07-27 14:36:58,Segmentation,0,2
2026-07-27 14:36:59,Segmentation,0,2
2026-07-27 14:37:01,Segmentation,0,2
2026-07-27 14:37:02,Segmentation,0,2
2026-07-27 14:37:04,Segmentation,0,2
2026-07-27 14:37:06,Segmentation,0,2
2026-07-27 14:37:07,Segmentation,0,2
2026-07-27 14:37:09,Segmentation,0,2
2026-07-27 14:37:10,Segmentation,0,2
2026-07-27 14:37:11,Segmentation,0,2
2026-07-27 14:37:13,Segmentation,0,2
2026-07-27 14:37:14,Segmentation,0,2
2026-07-27 14:37:16,Segmentation,0,2
2026-07-27 14:37:17,Segmentation,0,2
2026-07-27 14:37:19,Segmentation,0,2
2026-07-27 14:37:20,Segmentation,0,2
2026-07-27 14:37:21,Segmentation,0,2
2026-07-27 14:37:22,Segmentation,0,2
2026-07-27 14:37:24,Segmentation,0,2
2026-07-27 14:37:25,Segmentation,0,2
2026-07-27 14:37:27,Segmentation,0,2
2026-07-27 14:37:28,Segmentation,0,2
2026-07-27 14:37:30,Segmentation,0,2
2026-07-27 14:37:31,Segmentation,0,2
2026-07-27 14:37:32,Segmentation,0,2
2026-07-27 14:37:33,Segmentation,0,2
2026-07-27 14:37:34,Segmentation,0,2
2026-07-27 14:37:36,Segmentation,0,2
2026-07-27 14:37:37,Segmentation,0,2
2026-07-27 14:37:39,Segmentation,0,2
2026-07-27 14:37:40,Segmentation,0,2
2026-07-27 14:37:41,Segmentation,0,2
2026-07-27 14:37:43,Segmentation,0,2
2026-07-27 14:37:44,Segmentation,0,2
2026-07-27 14:37:45,Segmentation,0,2
2026-07-27 14:37:47,Segmentation,0,2
2026-07-27 14:37:48,Segmentation,0,2
2026-07-27 14:37:50,Segmentation,0,2
2026-07-27 14:37:51,Segmentation,0,2
2026-07-27 14:37:52,Segmentation,0,2
2026-07-27 14:37:53,Segmentation,0,2
2026-07-27 14:37:54,Segmentation,0,2
2026-07-27 14:37:56,Segmentation,0,2
2026-07-27 14:37:57,Segmentation,0,2
2026-07-27 14:37:58,Segmentation,0,2
2026-07-27 14:38:00,Segmentation,0,2
2026-07-27 14:38:01,Segmentation,0,2
2026-07-27 14:38:02,Segmentation,0,2
2026-07-27 14:38:03,Segmentation,0,2
2026-07-27 14:38:05,Segmentation,0,2
2026-07-27 14:38:06,Segmentation,0,2
2026-07-27 14:38:07,Segmentation,0,2
2026-07-27 14:38:08,Segmentation,0,2
2026-07-27 14:38:10,Segmentation,0,2
2026-07-27 14:38:11,Segmentation,0,2
2026-07-27 14:38:12,Segmentation,0,2
2026-07-27 14:38:13,Segmentation,0,2
2026-07-27 14:38:15,Segmentation,0,2
2026-07-27 14:38:16,Segmentation,0,2
2026-07-27 14:38:17,Segmentation,0,2
2026-07-27 14:38:18,Segmentation,0,2
2026-07-27 14:38:20,Segmentation,0,2
2026-07-27 14:38:21,Segmentation,0,2
2026-07-27 14:38:22,Segmentation,0,2
2026-07-27 14:38:23,Segmentation,0,2
2026-07-27 14:38:25,Segmentation,0,2
2026-07-27 14:38:26,Segmentation,0,2
2026-07-27 14:38:27,Segmentation,0,2
2026-07-27 14:38:28,Segmentation,0,2
2026-07-27 14:38:30,Segmentation,0,2
2026-07-27 14:38:31,Segmentation,0,2
2026-07-27 14:38:32,Segmentation,0,2
2026-07-27 14:38:33,Segmentation,0,2
2026-07-27 14:38:35,Segmentation,0,2
2026-07-27 14:38:36,Segmentation,0,2
2026-07-27 14:38:37,Segmentation,0,2
2026-07-27 14:38:38,Segmentation,0,2
2026-07-27 14:38:39,Segmentation,0,2
2026-07-27 14:38:40,Segmentation,0,2
2026-07-27 14:38:41,Segmentation,0,2
2026-07-27 14:38:43,Segmentation,0,2
2026-07-27 14:38:44,Segmentation,0,2
2026-07-27 14:38:45,Segmentation,0,2
2026-07-27 14:38:47,Segmentation,0,2
2026-07-27 14:38:48,Segmentation,0,2
2026-07-27 14:38:49,Segmentation,0,2
2026-07-27 14:38:50,Segmentation,0,2
2026-07-27 14:38:51,Segmentation,0,2
2026-07-27 14:38:53,Segmentation,0,2
2026-07-27 14:38:54,Segmentation,0,2
2026-07-27 14:38:56,Segmentation,0,2
2026-07-27 14:38:57,Segmentation,0,2
2026-07-27 14:38:58,Segmentation,0,2
2026-07-27 14:38:59,Segmentation,0,2
2026-07-27 14:39:00,Segmentation,0,2
2026-07-27 14:39:02,Segmentation,0,2
2026-07-27 14:39:03,Segmentation,0,2
2026-07-27 14:39:04,Segmentation,0,2
2026-07-27 14:39:05,Segmentation,0,2
2026-07-27 14:39:06,Segmentation,0,2
2026-07-27 14:39:07,Segmentation,0,2
2026-07-27 14:39:08,Segmentation,0,2
2026-07-27 14:39:09,Segmentation,0,2
2026-07-27 14:39:10,Segmentation,0,2
2026-07-27 14:39:12,Segmentation,0,2
2026-07-27 14:39:13,Segmentation,0,2
2026-07-27 14:39:14,Segmentation,0,2
2026-07-27 14:39:15,Segmentation,0,2
2026-07-27 14:39:16,Segmentation,0,2
2026-07-27 14:39:18,Segmentation,0,2
2026-07-27 14:39:19,Segmentation,0,2
2026-07-27 14:39:20,Segmentation,0,2
2026-07-27 14:39:21,Segmentation,0,2
2026-07-27 14:39:22,Segmentation,0,2
2026-07-27 14:39:24,Segmentation,0,2
2026-07-27 14:39:25,Segmentation,0,2
2026-07-27 14:39:26,Segmentation,0,2
2026-07-27 14:39:27,Segmentation,0,2
2026-07-27 14:39:28,Segmentation,0,2
2026-07-27 14:39:30,Segmentation,0,2
2026-07-27 14:39:31,Segmentation,0,2
2026-07-27 14:39:32,Segmentation,0,2
2026-07-27 14:39:33,Segmentation,0,2
2026-07-27 14:39:34,Segmentation,0,2
2026-07-27 14:39:35,Segmentation,0,2
2026-07-27 14:39:36,Segmentation,0,2
2026-07-27 14:39:37,Segmentation,0,2
2026-07-27 14:39:39,Segmentation,0,2
2026-07-27 14:39:40,Segmentation,0,2
2026-07-27 14:39:41,Segmentation,0,2
2026-07-27 14:39:42,Segmentation,0,2
2026-07-27 14:39:43,Segmentation,0,2
2026-07-27 14:39:44,Segmentation,0,2
2026-07-27 14:39:45,Segmentation,0,2
2026-07-27 14:39:47,Segmentation,0,2
2026-07-27 14:39:48,Segmentation,0,2
2026-07-27 14:39:49,Segmentation,0,2
2026-07-27 14:39:50,Segmentation,0,2
2026-07-27 14:39:51,Segmentation,0,2
2026-07-27 14:39:52,Segmentation,0,2
2026-07-27 14:39:53,Segmentation,0,2
2026-07-27 14:39:54,Segmentation,0,2
2026-07-27 14:39:55,Segmentation,0,2
2026-07-27 14:39:57,Segmentation,0,2
2026-07-27 14:39:58,Segmentation,0,2
2026-07-27 14:39:59,Segmentation,0,2
2026-07-27 14:40:00,Segmentation,0,2
2026-07-27 14:40:01,Segmentation,0,2
2026-07-27 14:40:02,Segmentation,0,2
2026-07-27 14:40:04,Segmentation,0,2
2026-07-27 14:40:05,Segmentation,0,2
2026-07-27 14:40:06,Segmentation,0,2
2026-07-27 14:40:07,Segmentation,0,2
2026-07-27 14:40:08,Segmentation,0,2
2026-07-27 14:40:09,Segmentation,0,2
2026-07-27 14:40:11,Segmentation,0,2
2026-07-27 14:40:12,Segmentation,0,2
2026-07-27 14:40:13,Segmentation,0,2
2026-07-27 14:40:14,Segmentation,0,2
2026-07-27 14:40:15,Segmentation,0,2
2026-07-27 14:40:16,Segmentation,0,2
2026-07-27 14:40:17,Segmentation,0,2
2026-07-27 14:40:18,Segmentation,0,2
2026-07-27 14:40:19,Segmentation,0,2
2026-07-27 14:40:21,Segmentation,0,2
2026-07-27 14:40:22,Segmentation,0,2
2026-07-27 14:40:23,Segmentation,0,2
2026-07-27 14:40:24,Segmentation,0,2
2026-07-27 14:40:25,Segmentation,0,2
2026-07-27 14:40:26,Segmentation,0,2
2026-07-27 14:40:27,Segmentation,0,2
2026-07-27 14:40:28,Segmentation,0,2
2026-07-27 14:40:29,Segmentation,0,2
2026-07-27 14:40:30,Segmentation,0,2
2026-07-27 14:40:32,Segmentation,0,2
2026-07-27 14:40:33,Segmentation,0,2
2026-07-27 14:40:34,Segmentation,0,2
2026-07-27 14:40:35,Segmentation,0,2
2026-07-27 14:40:36,Segmentation,0,2
2026-07-27 14:40:37,Segmentation,0,2
2026-07-27 14:40:38,Segmentation,0,2
2026-07-27 14:40:39,Segmentation,0,2
2026-07-27 14:40:40,Segmentation,0,2
2026-07-27 14:40:41,Segmentation,0,2
2026-07-27 14:40:42,Segmentation,0,2
2026-07-27 14:40:44,Segmentation,0,2
2026-07-27 14:40:45,Segmentation,0,2
2026-07-27 14:40:46,Segmentation,0,2
2026-07-27 14:40:47,Segmentation,0,2
2026-07-27 14:40:48,Segmentation,0,2
2026-07-27 14:40:49,Segmentation,0,2
2026-07-27 14:40:50,Segmentation,0,2
2026-07-27 14:40:51,Segmentation,0,2
2026-07-27 14:40:52,Segmentation,0,2
2026-07-27 14:40:53,Segmentation,0,2
2026-07-27 14:40:54,Segmentation,0,2
2026-07-27 14:40:56,Segmentation,0,2
2026-07-27 14:40:57,Segmentation,0,2
2026-07-27 14:40:58,Segmentation,0,2
2026-07-27 14:40:59,Segmentation,0,2
2026-07-27 14:41:00,Segmentation,0,2
2026-07-27 14:41:01,Segmentation,0,2
2026-07-27 14:41:03,Segmentation,0,2
2026-07-27 14:41:04,Segmentation,0,2
2026-07-27 14:41:05,Segmentation,0,2
2026-07-27 14:41:06,Segmentation,0,2
2026-07-27 14:41:07,Segmentation,0,2
2026-07-27 14:41:08,Segmentation,0,2
2026-07-27 14:41:09,Segmentation,0,2
2026-07-27 14:41:11,Segmentation,0,2
2026-07-27 14:41:12,Segmentation,0,2
2026-07-27 14:41:13,Segmentation,0,2
2026-07-27 14:41:14,Segmentation,0,2
2026-07-27 14:41:15,Segmentation,0,2
2026-07-27 14:41:16,Segmentation,0,2
2026-07-27 14:41:17,Segmentation,0,2
2026-07-27 14:41:18,Segmentation,0,2
2026-07-27 14:41:19,Segmentation,0,2
2026-07-27 14:41:21,Segmentation,0,2
2026-07-27 14:41:22,Segmentation,0,2
2026-07-27 14:41:23,Segmentation,0,2
2026-07-27 14:41:24,Segmentation,0,2
2026-07-27 14:41:25,Segmentation,0,2
2026-07-27 14:41:26,Segmentation,0,2
2026-07-27 14:41:28,Segmentation,0,2
2026-07-27 14:41:29,Segmentation,0,2
2026-07-27 14:41:30,Segmentation,0,2
2026-07-27 14:41:31,Segmentation,0,2
2026-07-27 14:41:32,Segmentation,0,2
2026-07-27 14:41:33,Segmentation,0,2
2026-07-27 14:41:34,Segmentation,0,2
2026-07-27 14:41:35,Segmentation,0,2
2026-07-27 14:41:37,Segmentation,0,2
2026-07-27 14:41:38,Segmentation,0,2
2026-07-27 14:41:39,Segmentation,0,2
2026-07-27 14:41:40,Segmentation,0,2
2026-07-27 14:41:41,Segmentation,0,2
2026-07-27 14:41:42,Segmentation,0,2
2026-07-27 14:41:43,Segmentation,0,2
2026-07-27 14:41:45,Segmentation,0,2
2026-07-27 14:41:46,Segmentation,0,2
2026-07-27 14:41:47,Segmentation,0,2
2026-07-27 14:41:48,Segmentation,0,2
2026-07-27 14:41:49,Segmentation,0,2
2026-07-27 14:41:50,Segmentation,0,2
2026-07-27 14:41:51,Segmentation,0,2
2026-07-27 14:41:53,Segmentation,0,2
2026-07-27 14:41:54,Segmentation,0,2
2026-07-27 14:41:55,Segmentation,0,2
2026-07-27 14:41:56,Segmentation,0,2
2026-07-27 14:41:57,Segmentation,0,2
2026-07-27 14:41:58,Segmentation,0,2
2026-07-27 14:41:59,Segmentation,0,2
2026-07-27 14:42:00,Segmentation,0,2
2026-07-27 14:42:01,Segmentation,0,2
2026-07-27 14:42:02,Segmentation,0,2
2026-07-27 14:42:03,Segmentation,0,2
2026-07-27 14:42:05,Segmentation,0,2
2026-07-27 14:42:06,Segmentation,0,2
2026-07-27 14:42:07,Segmentation,0,2
2026-07-27 14:42:08,Segmentation,0,2
2026-07-27 14:42:09,Segmentation,0,2
2026-07-27 14:42:10,Segmentation,0,2
2026-07-27 14:42:12,Segmentation,0,2
2026-07-27 14:42:13,Segmentation,0,2
2026-07-27 14:42:14,Segmentation,0,2
2026-07-27 14:42:15,Segmentation,0,2
2026-07-27 14:42:16,Segmentation,0,2
2026-07-27 14:42:17,Segmentation,0,2
2026-07-27 14:42:18,Segmentation,0,2
2026-07-27 14:42:19,Segmentation,0,2
2026-07-27 14:42:20,Segmentation,0,2
2026-07-27 14:42:21,Segmentation,0,2
2026-07-27 14:42:23,Segmentation,0,2
2026-07-27 14:42:24,Segmentation,0,2
2026-07-27 14:42:25,Segmentation,0,2
2026-07-27 14:42:26,Segmentation,0,2
2026-07-27 14:42:27,Segmentation,0,2
2026-07-27 14:42:28,Segmentation,0,2
2026-07-27 14:42:29,Segmentation,0,2
2026-07-27 14:42:30,Segmentation,0,2
2026-07-27 14:42:31,Segmentation,0,2
2026-07-27 14:42:32,Segmentation,0,2
2026-07-27 14:42:33,Segmentation,0,2
2026-07-27 14:42:35,Segmentation,0,2
2026-07-27 14:42:36,Segmentation,0,2
2026-07-27 14:42:37,Segmentation,0,2
2026-07-27 14:42:38,Segmentation,0,2
2026-07-27 14:42:39,Segmentation,0,2
2026-07-27 14:42:40,Segmentation,0,2
2026-07-27 14:42:41,Segmentation,0,2
2026-07-27 14:42:42,Segmentation,0,2
2026-07-27 14:42:43,Segmentation,0,2
2026-07-27 14:42:44,Segmentation,0,2
2026-07-27 14:42:46,Segmentation,0,2
2026-07-27 14:42:47,Segmentation,0,2
2026-07-27 14:42:48,Segmentation,0,2
2026-07-27 14:42:49,Segmentation,0,2
2026-07-27 14:42:50,Segmentation,0,2
2026-07-27 14:42:51,Segmentation,0,2
2026-07-27 14:42:52,Segmentation,0,2
2026-07-27 14:42:53,Segmentation,0,2
2026-07-27 14:42:54,Segmentation,0,2
2026-07-27 14:42:56,Segmentation,0,2
2026-07-27 14:42:57,Segmentation,0,2
2026-07-27 14:42:58,Segmentation,0,2
2026-07-27 14:42:59,Segmentation,0,2
2026-07-27 14:43:00,Segmentation,0,2
2026-07-27 14:43:01,Segmentation,0,2
2026-07-27 14:43:02,Segmentation,0,2
2026-07-27 14:43:04,Segmentation,0,2
2026-07-27 14:43:05,Segmentation,0,2
2026-07-27 14:43:06,Segmentation,0,2
2026-07-27 14:43:07,Segmentation,0,2
2026-07-27 14:43:08,Segmentation,0,2
2026-07-27 14:43:09,Segmentation,0,2
2026-07-27 14:43:10,Segmentation,0,2
2026-07-27 14:43:11,Segmentation,0,2
2026-07-27 14:43:12,Segmentation,0,2
2026-07-27 14:43:14,Segmentation,0,2
2026-07-27 14:43:15,Segmentation,0,2
2026-07-27 14:43:16,Segmentation,0,2
2026-07-27 14:43:17,Segmentation,0,2
2026-07-27 14:43:18,Segmentation,0,2
2026-07-27 14:43:19,Segmentation,0,2
2026-07-27 14:43:20,Segmentation,0,2
2026-07-27 14:43:22,Segmentation,0,2
2026-07-27 14:43:23,Segmentation,0,2
2026-07-27 14:43:24,Segmentation,0,2
2026-07-27 14:43:25,Segmentation,0,2
2026-07-27 14:43:26,Segmentation,0,2
2026-07-27 14:43:27,Segmentation,0,2
2026-07-27 14:43:28,Segmentation,0,2
2026-07-27 14:43:30,Segmentation,0,2
2026-07-27 14:43:31,Segmentation,0,2
2026-07-27 14:43:32,Segmentation,0,2
2026-07-27 14:43:33,Segmentation,0,2
2026-07-27 14:43:34,Segmentation,0,2
2026-07-27 14:43:35,Segmentation,0,2
2026-07-27 14:43:36,Segmentation,0,2
2026-07-27 14:43:37,Segmentation,0,2
2026-07-27 14:43:39,Segmentation,0,2
2026-07-27 14:43:40,Segmentation,0,2
2026-07-27 14:43:41,Segmentation,0,2
2026-07-27 14:43:42,Segmentation,0,2
2026-07-27 14:43:43,Segmentation,0,2
2026-07-27 14:43:44,Segmentation,0,2
2026-07-27 14:43:45,Segmentation,0,2
2026-07-27 14:43:46,Segmentation,0,2
2026-07-27 14:43:47,Segmentation,0,2
2026-07-27 14:43:48,Segmentation,0,2
2026-07-27 14:43:50,Segmentation,0,2
2026-07-27 14:43:51,Segmentation,0,2
2026-07-27 14:43:52,Segmentation,0,2
2026-07-27 14:43:53,Segmentation,0,2
2026-07-27 14:43:54,Segmentation,0,2
2026-07-27 14:43:55,Segmentation,0,2
2026-07-27 14:43:56,Segmentation,0,2
2026-07-27 14:43:57,Segmentation,0,2
2026-07-27 14:43:58,Segmentation,0,2
2026-07-27 14:43:59,Segmentation,0,2
2026-07-27 14:44:00,Segmentation,0,2
2026-07-27 14:44:01,Segmentation,0,2
2026-07-27 14:44:02,Segmentation,0,2
2026-07-27 14:44:04,Segmentation,0,2
2026-07-27 14:44:05,Segmentation,0,2
2026-07-27 14:44:06,Segmentation,0,2
2026-07-27 14:44:07,Segmentation,0,2
2026-07-27 14:44:08,Segmentation,0,2
2026-07-27 14:44:09,Segmentation,0,2
2026-07-27 14:44:10,Segmentation,0,2
2026-07-27 14:44:11,Segmentation,0,2
2026-07-27 14:44:12,Segmentation,0,2
2026-07-27 14:44:13,Segmentation,0,2
2026-07-27 14:44:14,Segmentation,0,2
2026-07-27 14:44:15,Segmentation,0,2
2026-07-27 14:44:17,Segmentation,0,2
2026-07-27 14:44:18,Segmentation,0,2
2026-07-27 14:44:19,Segmentation,0,2
2026-07-27 14:44:20,Segmentation,0,2
2026-07-27 14:44:21,Segmentation,0,2
2026-07-27 14:44:22,Segmentation,0,2
2026-07-27 14:44:23,Segmentation,0,2
2026-07-27 14:44:24,Segmentation,0,2
2026-07-27 14:44:25,Segmentation,0,2
2026-07-27 14:44:26,Segmentation,0,2
2026-07-27 14:44:28,Segmentation,0,2
2026-07-27 14:44:29,Segmentation,0,2
2026-07-27 14:44:30,Segmentation,0,2
2026-07-27 14:44:31,Segmentation,0,2
2026-07-27 14:44:32,Segmentation,0,2
2026-07-27 14:44:33,Segmentation,0,2
2026-07-27 14:44:34,Segmentation,0,2
2026-07-27 14:44:35,Segmentation,0,2
2026-07-27 14:44:37,Segmentation,0,2
2026-07-27 14:44:38,Segmentation,0,2
2026-07-27 14:44:39,Segmentation,0,2
2026-07-27 14:44:40,Segmentation,0,2
2026-07-27 14:44:41,Segmentation,0,2
2026-07-27 14:44:42,Segmentation,0,2
2026-07-27 14:44:43,Segmentation,0,2
2026-07-27 14:44:44,Segmentation,0,2
2026-07-27 14:44:45,Segmentation,0,2
2026-07-27 14:44:46,Segmentation,0,2
2026-07-27 14:44:47,Segmentation,0,2
2026-07-27 14:44:49,Segmentation,0,2
2026-07-27 14:44:50,Segmentation,0,2
2026-07-27 14:44:51,Segmentation,0,2
2026-07-27 14:44:52,Segmentation,0,2
2026-07-27 14:44:53,Segmentation,0,2
2026-07-27 14:44:54,Segmentation,0,2
2026-07-27 14:44:56,Segmentation,0,2
2026-07-27 14:44:57,Segmentation,0,2
2026-07-27 14:44:58,Segmentation,0,2
2026-07-27 14:44:59,Segmentation,0,2
2026-07-27 14:45:00,Segmentation,0,2
2026-07-27 14:45:01,Segmentation,0,2
2026-07-27 14:45:02,Segmentation,0,2
2026-07-27 14:45:03,Segmentation,0,2
2026-07-27 14:45:04,Segmentation,0,2
2026-07-27 14:45:05,Segmentation,0,2
2026-07-27 14:45:06,Segmentation,0,2
2026-07-27 14:45:07,Segmentation,0,2
2026-07-27 14:45:09,Segmentation,0,2
2026-07-27 14:45:10,Segmentation,0,2
2026-07-27 14:45:11,Segmentation,0,2
2026-07-27 14:45:12,Segmentation,0,2
2026-07-27 14:45:13,Segmentation,0,2
2026-07-27 14:45:14,Segmentation,0,2
2026-07-27 14:45:15,Segmentation,0,2
2026-07-27 14:45:16,Segmentation,0,2
2026-07-27 14:45:17,Segmentation,0,2
2026-07-27 14:45:18,Segmentation,0,2
2026-07-27 14:45:19,Segmentation,0,2
2026-07-27 14:45:21,Segmentation,0,2
2026-07-27 14:45:22,Segmentation,0,2
2026-07-27 14:45:23,Segmentation,0,2
2026-07-27 14:45:24,Segmentation,0,2
2026-07-27 14:45:25,Segmentation,0,2
2026-07-27 14:45:26,Segmentation,0,2
2026-07-27 14:45:27,Segmentation,0,2
2026-07-27 14:45:28,Segmentation,0,2
2026-07-27 14:45:29,Segmentation,0,2
2026-07-27 14:45:31,Segmentation,0,2
2026-07-27 14:45:32,Segmentation,0,2
2026-07-27 14:45:33,Segmentation,0,2
2026-07-27 14:45:34,Segmentation,0,2
2026-07-27 14:45:35,Segmentation,0,2
2026-07-27 14:45:36,Segmentation,0,2
2026-07-27 14:45:38,Segmentation,0,2
2026-07-27 14:45:39,Segmentation,0,2
2026-07-27 14:45:40,Segmentation,0,2
2026-07-27 14:45:41,Segmentation,0,2
2026-07-27 14:45:42,Segmentation,0,2
2026-07-27 14:45:43,Segmentation,0,2
2026-07-27 14:45:44,Segmentation,0,2
2026-07-27 14:45:45,Segmentation,0,2
2026-07-27 14:45:46,Segmentation,0,2
2026-07-27 14:45:48,Segmentation,0,2
2026-07-27 14:45:49,Segmentation,0,2
2026-07-27 14:45:50,Segmentation,0,2
2026-07-27 14:45:51,Segmentation,0,2
2026-07-27 14:45:52,Segmentation,0,2
2026-07-27 14:45:53,Segmentation,0,2
2026-07-27 14:45:54,Segmentation,0,2
2026-07-27 14:45:55,Segmentation,0,2
2026-07-27 14:45:57,Segmentation,0,2
2026-07-27 14:45:58,Segmentation,0,2
2026-07-27 14:45:59,Segmentation,0,2
2026-07-27 14:46:00,Segmentation,0,2
2026-07-27 14:46:01,Segmentation,0,2
2026-07-27 14:46:02,Segmentation,0,2
2026-07-27 14:46:03,Segmentation,0,2
2026-07-27 14:46:04,Segmentation,0,2
2026-07-27 14:46:05,Segmentation,0,2
2026-07-27 14:46:06,Segmentation,0,2
2026-07-27 14:46:08,Segmentation,0,2
2026-07-27 14:46:09,Segmentation,0,2
2026-07-27 14:46:10,Segmentation,0,2
2026-07-27 14:46:11,Segmentation,0,2
2026-07-27 14:46:12,Segmentation,0,2
2026-07-27 14:46:13,Segmentation,0,2
2026-07-27 14:46:14,Segmentation,0,2
2026-07-27 14:46:15,Segmentation,0,2
2026-07-27 14:46:16,Segmentation,0,2
2026-07-27 14:46:17,Segmentation,0,2
2026-07-27 14:46:19,Segmentation,0,2
2026-07-27 14:46:20,Segmentation,0,2
2026-07-27 14:46:21,Segmentation,0,2
2026-07-27 14:46:22,Segmentation,0,2
2026-07-27 14:46:23,Segmentation,0,2
2026-07-27 14:46:24,Segmentation,0,2
2026-07-27 14:46:25,Segmentation,0,2
2026-07-27 14:46:26,Segmentation,0,2
2026-07-27 14:46:27,Segmentation,0,2
2026-07-27 14:46:29,Segmentation,0,2
2026-07-27 14:46:30,Segmentation,0,2
2026-07-27 14:46:31,Segmentation,0,2
2026-07-27 14:46:32,Segmentation,0,2
2026-07-27 14:46:33,Segmentation,0,2
2026-07-27 14:46:34,Segmentation,0,2
2026-07-27 14:46:35,Segmentation,0,2
2026-07-27 14:46:36,Segmentation,0,2
2026-07-27 14:46:37,Segmentation,0,2
2026-07-27 14:46:38,Segmentation,0,2
2026-07-27 14:46:39,Segmentation,0,2
2026-07-27 14:46:40,Segmentation,0,2
2026-07-27 14:46:41,Segmentation,0,2
2026-07-27 14:46:43,Segmentation,0,2
2026-07-27 14:46:44,Segmentation,0,2
2026-07-27 14:46:45,Segmentation,0,2
2026-07-27 14:46:46,Segmentation,0,2
2026-07-27 14:46:47,Segmentation,0,2
2026-07-27 14:46:48,Segmentation,0,2
2026-07-27 14:46:50,Segmentation,0,2
2026-07-27 14:46:51,Segmentation,0,2
2026-07-27 14:46:52,Segmentation,0,2
2026-07-27 14:46:53,Segmentation,0,2
2026-07-27 14:46:54,Segmentation,0,2
2026-07-27 14:46:55,Segmentation,0,2
2026-07-27 14:46:56,Segmentation,0,2
2026-07-27 14:46:57,Segmentation,0,2
2026-07-27 14:46:59,Segmentation,0,2
2026-07-27 14:47:00,Segmentation,0,2
2026-07-27 14:47:01,Segmentation,0,2
2026-07-27 14:47:02,Segmentation,0,2
2026-07-27 14:47:03,Segmentation,0,2
2026-07-27 14:47:04,Segmentation,0,2
2026-07-27 14:47:05,Segmentation,0,2
2026-07-27 14:47:06,Segmentation,0,2
2026-07-27 14:47:08,Segmentation,0,2
2026-07-27 14:47:09,Segmentation,0,2
2026-07-27 14:47:10,Segmentation,0,2
2026-07-27 14:47:11,Segmentation,0,2
2026-07-27 14:47:12,Segmentation,0,2
2026-07-27 14:47:13,Segmentation,0,2
2026-07-27 14:47:14,Segmentation,0,2
2026-07-27 14:47:15,Segmentation,0,2
2026-07-27 14:47:16,Segmentation,0,2
2026-07-27 14:47:17,Segmentation,0,2
2026-07-27 14:47:18,Segmentation,0,2
2026-07-27 14:47:19,Segmentation,0,2
2026-07-27 14:47:21,Segmentation,0,2
2026-07-27 14:47:22,Segmentation,0,2
2026-07-27 14:47:23,Segmentation,0,2
2026-07-27 14:47:24,Segmentation,0,2
2026-07-27 14:47:25,Segmentation,0,2
2026-07-27 14:47:26,Segmentation,0,2
2026-07-27 14:47:27,Segmentation,0,2
2026-07-27 14:47:28,Segmentation,0,2
2026-07-27 14:47:29,Segmentation,0,2
2026-07-27 14:47:30,Segmentation,0,2
2026-07-27 14:47:31,Segmentation,0,2
2026-07-27 14:47:33,Segmentation,0,2
2026-07-27 14:47:34,Segmentation,0,2
2026-07-27 14:47:35,Segmentation,0,2
2026-07-27 14:47:36,Segmentation,0,2
2026-07-27 14:47:37,Segmentation,0,2
2026-07-27 14:47:38,Segmentation,0,2
2026-07-27 14:47:39,Segmentation,0,2
2026-07-27 14:47:40,Segmentation,0,2
2026-07-27 14:47:42,Segmentation,0,2
2026-07-27 14:47:43,Segmentation,0,2
2026-07-27 14:47:44,Segmentation,0,2
2026-07-27 14:47:45,Segmentation,0,2
2026-07-27 14:47:46,Segmentation,0,2
2026-07-27 14:47:47,Segmentation,0,2
2026-07-27 14:47:48,Segmentation,0,2
2026-07-27 14:47:49,Segmentation,0,2
2026-07-27 14:47:50,Segmentation,0,2
2026-07-27 14:47:52,Segmentation,0,2
2026-07-27 14:47:53,Segmentation,0,2
2026-07-27 14:47:54,Segmentation,0,2
2026-07-27 14:47:55,Segmentation,0,2
2026-07-27 14:47:56,Segmentation,0,2
2026-07-27 14:47:57,Segmentation,0,2
2026-07-27 14:47:58,Segmentation,0,2
2026-07-27 14:47:59,Segmentation,0,2
2026-07-27 14:48:01,Segmentation,0,2
2026-07-27 14:48:02,Segmentation,0,2
2026-07-27 14:48:03,Segmentation,0,2
2026-07-27 14:48:04,Segmentation,0,2
2026-07-27 14:48:05,Segmentation,0,2
2026-07-27 14:48:06,Segmentation,0,2
2026-07-27 14:48:07,Segmentation,0,2
2026-07-27 14:48:08,Segmentation,0,2
2026-07-27 14:48:09,Segmentation,0,2
2026-07-27 14:48:11,Segmentation,0,2
2026-07-27 14:48:12,Segmentation,0,2
2026-07-27 14:48:13,Segmentation,0,2
2026-07-27 14:48:14,Segmentation,0,2
2026-07-27 14:48:15,Segmentation,0,2
2026-07-27 14:48:16,Segmentation,0,2
2026-07-27 14:48:17,Segmentation,0,2
2026-07-27 14:48:19,Segmentation,0,2
2026-07-27 14:48:20,Segmentation,0,2
2026-07-27 14:48:21,Segmentation,0,2
2026-07-27 14:48:22,Segmentation,0,2
2026-07-27 14:48:23,Segmentation,0,2
2026-07-27 14:48:24,Segmentation,0,2
2026-07-27 14:48:25,Segmentation,0,2
2026-07-27 14:48:26,Segmentation,0,2
2026-07-27 14:48:28,Segmentation,0,2
2026-07-27 14:48:29,Segmentation,0,2
2026-07-27 14:48:30,Segmentation,0,2
2026-07-27 14:48:31,Segmentation,0,2
2026-07-27 14:48:32,Segmentation,0,2
2026-07-27 14:48:34,Segmentation,0,2
2026-07-27 14:48:35,Segmentation,0,2
2026-07-27 14:48:36,Segmentation,0,2
2026-07-27 14:48:37,Segmentation,0,2
2026-07-27 14:48:39,Segmentation,0,2
2026-07-27 14:48:40,Segmentation,0,2
2026-07-27 14:48:41,Segmentation,0,2
2026-07-27 14:48:42,Segmentation,0,2
2026-07-27 14:48:43,Segmentation,0,2
2026-07-27 14:48:44,Segmentation,0,2
2026-07-27 14:48:45,Segmentation,0,2
2026-07-27 14:48:47,Segmentation,0,2
2026-07-27 14:48:48,Segmentation,0,2
2026-07-27 14:48:49,Segmentation,0,2
2026-07-27 14:48:50,Segmentation,0,2
2026-07-27 14:48:51,Segmentation,0,2
2026-07-27 14:48:52,Segmentation,0,2
2026-07-27 14:48:54,Segmentation,0,2
2026-07-27 14:48:55,Segmentation,0,2
2026-07-27 14:48:56,Segmentation,0,2
2026-07-27 14:48:57,Segmentation,0,2
2026-07-27 14:48:58,Segmentation,0,2
2026-07-27 14:48:59,Segmentation,0,2
2026-07-27 14:49:00,Segmentation,0,2
2026-07-27 14:49:02,Segmentation,0,2
2026-07-27 14:49:03,Segmentation,0,2
2026-07-27 14:49:04,Segmentation,0,2
2026-07-27 14:49:05,Segmentation,0,2
2026-07-27 14:49:06,Segmentation,0,2
2026-07-27 14:49:07,Segmentation,0,2
2026-07-27 14:49:09,Segmentation,0,2
2026-07-27 14:49:10,Segmentation,0,2
2026-07-27 14:49:11,Segmentation,0,2
2026-07-27 14:49:12,Segmentation,0,2
2026-07-27 14:49:13,Segmentation,0,2
2026-07-27 14:49:14,Segmentation,0,2
2026-07-27 14:49:15,Segmentation,0,2
2026-07-27 14:49:16,Segmentation,0,2
2026-07-27 14:49:18,Segmentation,0,2
2026-07-27 14:49:19,Segmentation,0,2
2026-07-27 14:49:20,Segmentation,0,2
2026-07-27 14:49:21,Segmentation,0,2
2026-07-27 14:49:22,Segmentation,0,2
2026-07-27 14:49:23,Segmentation,0,2
2026-07-27 14:49:24,Segmentation,0,2
2026-07-27 14:49:26,Segmentation,0,2
2026-07-27 14:49:27,Segmentation,0,2
2026-07-27 14:49:28,Segmentation,0,2
2026-07-27 14:49:29,Segmentation,0,2
2026-07-27 14:49:30,Segmentation,0,2
2026-07-27 14:49:31,Segmentation,0,2
2026-07-27 14:49:32,Segmentation,0,2
2026-07-27 14:49:33,Segmentation,0,2
2026-07-27 14:49:35,Segmentation,0,2
2026-07-27 14:49:36,Segmentation,0,2
2026-07-27 14:49:37,Segmentation,0,2
2026-07-27 14:49:38,Segmentation,0,2
2026-07-27 14:49:39,Segmentation,0,2
2026-07-27 14:49:40,Segmentation,0,2
2026-07-27 14:49:42,Segmentation,0,2
2026-07-27 14:49:43,Segmentation,0,2
2026-07-27 14:49:44,Segmentation,0,2
2026-07-27 14:49:45,Segmentation,0,2
2026-07-27 14:49:46,Segmentation,0,2
2026-07-27 14:49:48,Segmentation,0,2
2026-07-27 14:49:49,Segmentation,0,2
2026-07-27 14:49:50,Segmentation,0,2
2026-07-27 14:49:52,Segmentation,0,2
2026-07-27 14:49:53,Segmentation,0,2
2026-07-27 14:49:54,Segmentation,0,2
2026-07-27 14:49:55,Segmentation,0,2
2026-07-27 14:49:56,Segmentation,0,2
2026-07-27 14:49:57,Segmentation,0,2
2026-07-27 14:49:58,Segmentation,0,2
2026-07-27 14:49:59,Segmentation,0,2
2026-07-27 14:50:01,Segmentation,0,2
2026-07-27 14:50:02,Segmentation,0,2
2026-07-27 14:50:03,Segmentation,0,2
2026-07-27 14:50:04,Segmentation,0,2
2026-07-27 14:50:05,Segmentation,0,2
2026-07-27 14:50:06,Segmentation,0,2
2026-07-27 14:50:07,Segmentation,0,2
2026-07-27 14:50:08,Segmentation,0,2
2026-07-27 14:50:09,Segmentation,0,2
2026-07-27 14:50:10,Segmentation,0,2
2026-07-27 14:50:11,Segmentation,0,2
2026-07-27 14:50:13,Segmentation,0,2
2026-07-27 14:50:14,Segmentation,0,2
2026-07-27 14:50:15,Segmentation,0,2
2026-07-27 14:50:16,Segmentation,0,2
2026-07-27 14:50:17,Segmentation,0,2
2026-07-27 14:50:18,Segmentation,0,2
2026-07-27 14:50:20,Segmentation,0,2
2026-07-27 14:50:21,Segmentation,0,2
2026-07-27 14:50:22,Segmentation,0,2
2026-07-27 14:50:23,Segmentation,0,2
2026-07-27 14:50:24,Segmentation,0,2
2026-07-27 14:50:25,Segmentation,0,2
2026-07-27 14:50:26,Segmentation,0,2
2026-07-27 14:50:27,Segmentation,0,2
2026-07-27 14:50:28,Segmentation,0,2
2026-07-27 14:50:29,Segmentation,0,2
2026-07-27 14:50:31,Segmentation,0,2
2026-07-27 14:50:32,Segmentation,0,2
2026-07-27 14:50:33,Segmentation,0,2
2026-07-27 14:50:34,Segmentation,0,2
2026-07-27 14:50:35,Segmentation,0,2
2026-07-27 14:50:36,Segmentation,0,2
2026-07-27 14:50:37,Segmentation,0,2
2026-07-27 14:50:39,Segmentation,0,2
2026-07-27 14:50:40,Segmentation,0,2
2026-07-27 14:50:41,Segmentation,0,2
2026-07-27 14:50:42,Segmentation,0,2
2026-07-27 14:50:43,Segmentation,0,2
2026-07-27 14:50:44,Segmentation,0,2
2026-07-27 14:50:45,Segmentation,0,2
2026-07-27 14:50:46,Segmentation,0,2
2026-07-27 14:50:47,Segmentation,0,2
2026-07-27 14:50:48,Segmentation,0,2
2026-07-27 14:50:49,Segmentation,0,2
2026-07-27 14:50:51,Segmentation,0,2
2026-07-27 14:50:52,Segmentation,0,2
2026-07-27 14:50:53,Segmentation,0,2
2026-07-27 14:50:54,Segmentation,0,2
2026-07-27 14:50:55,Segmentation,0,2
2026-07-27 14:50:56,Segmentation,0,2
2026-07-27 14:50:58,Segmentation,0,2
2026-07-27 14:50:59,Segmentation,0,2
2026-07-27 14:51:00,Segmentation,0,2
2026-07-27 14:51:01,Segmentation,0,2
2026-07-27 14:51:02,Segmentation,0,2
2026-07-27 14:51:03,Segmentation,0,2
2026-07-27 14:51:04,Segmentation,0,2
2026-07-27 14:51:05,Segmentation,0,2
2026-07-27 14:51:07,Segmentation,0,2
2026-07-27 14:51:08,Segmentation,0,2
2026-07-27 14:51:09,Segmentation,0,2
2026-07-27 14:51:10,Segmentation,0,2
2026-07-27 14:51:11,Segmentation,0,2
2026-07-27 14:51:12,Segmentation,0,2
2026-07-27 14:51:14,Segmentation,0,2
2026-07-27 14:51:15,Segmentation,0,2
2026-07-27 14:51:16,Segmentation,0,2
2026-07-27 14:51:17,Segmentation,0,2
2026-07-27 14:51:18,Segmentation,0,2
2026-07-27 14:51:20,Segmentation,0,2
2026-07-27 14:51:21,Segmentation,0,2
2026-07-27 14:51:22,Segmentation,0,2
2026-07-27 14:51:23,Segmentation,0,2
2026-07-27 14:51:24,Segmentation,0,2
2026-07-27 14:51:25,Segmentation,0,2
2026-07-27 14:51:26,Segmentation,0,2
2026-07-27 14:51:27,Segmentation,0,2
2026-07-27 14:51:28,Segmentation,0,2
2026-07-27 14:51:30,Segmentation,0,2
2026-07-27 14:51:31,Segmentation,0,2
2026-07-27 14:51:32,Segmentation,0,2
2026-07-27 14:51:33,Segmentation,0,2
2026-07-27 14:51:34,Segmentation,0,2
2026-07-27 14:51:35,Segmentation,0,2
2026-07-27 14:51:37,Segmentation,0,2
2026-07-27 14:51:38,Segmentation,0,2
2026-07-27 14:51:39,Segmentation,0,2
2026-07-27 14:51:40,Segmentation,0,2
2026-07-27 14:51:41,Segmentation,0,2
2026-07-27 14:51:42,Segmentation,0,2
2026-07-27 14:51:43,Segmentation,0,2
2026-07-27 14:51:45,Segmentation,0,2
2026-07-27 14:51:46,Segmentation,0,2
2026-07-27 14:51:47,Segmentation,0,2
2026-07-27 14:51:48,Segmentation,0,2
2026-07-27 14:51:50,Segmentation,0,2
2026-07-27 14:51:51,Segmentation,0,2
2026-07-27 14:51:52,Segmentation,0,2
2026-07-27 14:51:53,Segmentation,0,2
2026-07-27 14:51:54,Segmentation,0,2
2026-07-27 14:51:55,Segmentation,0,2
2026-07-27 14:51:56,Segmentation,0,2
2026-07-27 14:51:57,Segmentation,0,2
2026-07-27 14:51:58,Pose,0,2
2026-07-27 14:51:59,Pose,0,2
2026-07-27 14:52:01,Tracking,0,3
2026-07-27 14:52:02,Detection,0,2
2026-07-27 14:52:03,Segmentation,0,3
2026-07-27 14:52:04,Segmentation,0,3
2026-07-27 14:52:05,Tactical HUD,0,3
2026-07-27 14:52:06,Tactical HUD,0,3
2026-07-27 14:52:07,Tactical HUD,0,3
2026-07-27 14:52:08,Tactical HUD,0,3
2026-07-27 14:52:09,Tactical HUD,0,4
2026-07-27 14:52:10,Tactical HUD,0,4
2026-07-27 14:52:12,Tactical HUD,0,5
2026-07-27 14:52:13,Tactical HUD,0,4
2026-07-27 14:52:14,Tactical HUD,0,4
2026-07-27 14:52:15,Tactical HUD,0,3
2026-07-27 14:52:16,Tactical HUD,0,4
2026-07-27 14:52:17,Tactical HUD,0,4
2026-07-27 14:52:18,Tactical HUD,0,3
2026-07-27 14:52:20,Tactical HUD,0,4
2026-07-27 14:52:21,Tactical HUD,0,2
2026-07-27 14:52:22,Tactical HUD,0,3
2026-07-27 14:52:23,Tactical HUD,0,3
2026-07-27 14:52:24,Tactical HUD,0,3
2026-07-27 14:52:25,Tactical HUD,0,3
2026-07-27 14:52:27,Tactical HUD,0,3
2026-07-27 14:52:28,Detection,0,4
2026-07-27 14:52:29,Tracking,0,2
2026-07-27 14:52:30,Pose,0,2
2026-07-27 14:52:31,Pose,0,2
2026-07-27 14:52:32,Pose,0,2
2026-07-27 14:52:34,Pose,0,2
2026-07-27 14:52:35,Pose,0,2
2026-07-27 14:52:36,Pose,0,2
2026-07-27 14:52:37,Pose,0,2
2026-07-27 14:52:38,Pose,0,2
2026-07-27 14:52:39,Pose,0,2
2026-07-27 14:52:41,Pose,0,2
2026-07-27 14:52:42,Pose,0,2
2026-07-27 14:52:43,Pose,0,2
2026-07-27 14:52:44,Pose,0,2
2026-07-27 14:52:45,Pose,0,2
2026-07-27 14:52:46,Pose,0,2
2026-07-27 14:52:48,Pose,0,2
2026-07-27 14:52:49,Pose,0,2
2026-07-27 14:52:50,Pose,0,2
2026-07-27 14:52:51,Pose,0,2
2026-07-27 14:52:52,Pose,0,2
2026-07-27 14:52:53,Pose,0,2
2026-07-27 14:52:54,Pose,0,2
2026-07-27 14:52:55,Pose,0,2
2026-07-27 14:52:57,Pose,0,2
2026-07-27 14:52:58,Pose,0,2
2026-07-27 14:52:59,Pose,0,2
2026-07-27 14:53:00,Pose,0,2
2026-07-27 14:53:01,Pose,0,2
2026-07-27 14:53:02,Pose,0,2
2026-07-27 14:53:03,Pose,0,2
2026-07-27 14:53:04,Pose,0,2
2026-07-27 14:53:05,Pose,0,2
2026-07-27 14:53:06,Pose,0,2
2026-07-27 14:53:08,Pose,0,2
2026-07-27 14:53:09,Pose,0,2
2026-07-27 14:53:10,Pose,0,2
2026-07-27 14:53:11,Pose,0,2
2026-07-27 14:53:12,Pose,0,2
2026-07-27 14:53:13,Pose,0,2
2026-07-27 14:53:14,Pose,0,2
2026-07-27 14:53:15,Pose,0,2
2026-07-27 14:53:16,Pose,0,2
2026-07-27 14:53:17,Pose,0,2
2026-07-27 14:53:18,Pose,0,2
2026-07-27 14:53:19,Pose,0,2
2026-07-27 14:53:20,Pose,0,2
2026-07-27 14:53:22,Pose,0,2
2026-07-27 14:53:23,Pose,0,2
2026-07-27 14:53:24,Pose,0,2
2026-07-27 14:53:25,Pose,0,2
2026-07-27 14:53:26,Pose,0,2
2026-07-27 14:53:27,Pose,0,2
2026-07-27 14:53:28,Pose,0,2
2026-07-27 14:53:29,Pose,0,2
2026-07-27 14:53:30,Pose,0,2
2026-07-27 14:53:31,Pose,0,2
2026-07-27 14:53:32,Pose,0,2
2026-07-27 14:53:33,Pose,0,2
2026-07-27 14:53:35,Pose,0,2
2026-07-27 14:53:36,Pose,0,2
2026-07-27 14:53:37,Pose,0,2
2026-07-27 14:53:38,Pose,0,2
2026-07-27 14:53:39,Pose,0,2
2026-07-27 14:53:40,Pose,0,2
2026-07-27 14:53:41,Pose,0,2
2026-07-27 14:53:42,Pose,0,2
2026-07-27 14:53:44,Pose,0,2
2026-07-27 14:53:45,Pose,0,2
2026-07-27 14:53:46,Pose,0,2
2026-07-27 14:53:47,Pose,0,2
2026-07-27 14:53:48,Pose,0,2
2026-07-27 14:53:49,Pose,0,2
2026-07-27 14:53:50,Pose,0,2
2026-07-27 14:53:51,Pose,0,2
2026-07-27 14:53:53,Pose,0,2
2026-07-27 14:53:54,Pose,0,2
2026-07-27 14:53:55,Pose,0,2
2026-07-27 14:53:56,Pose,0,2
2026-07-27 14:53:57,Pose,0,2
2026-07-27 14:53:58,Pose,0,2
2026-07-27 14:54:00,Pose,0,2
2026-07-27 14:54:01,Pose,0,2
2026-07-27 14:54:02,Pose,0,2
2026-07-27 14:54:03,Pose,0,2
2026-07-27 14:54:04,Pose,0,2
2026-07-27 14:54:05,Pose,0,2
2026-07-27 14:54:06,Pose,0,2
2026-07-27 14:54:07,Pose,0,2
2026-07-27 14:54:08,Pose,0,2
2026-07-27 14:54:09,Pose,0,2
2026-07-27 14:54:10,Pose,0,2
2026-07-27 14:54:11,Pose,0,2
2026-07-27 14:54:12,Pose,0,2
2026-07-27 14:54:14,Pose,0,2
2026-07-27 14:54:15,Pose,0,2
2026-07-27 14:54:16,Pose,0,2
2026-07-27 14:54:17,Pose,0,2
2026-07-27 14:54:18,Pose,0,2
2026-07-27 14:54:19,Pose,0,2
2026-07-27 14:54:20,Pose,0,2
2026-07-27 14:54:21,Pose,0,2
2026-07-27 14:54:22,Pose,0,2
2026-07-27 14:54:23,Pose,0,2
2026-07-27 14:54:24,Pose,0,2
2026-07-27 14:54:26,Pose,0,2
2026-07-27 14:54:27,Pose,0,2
2026-07-27 14:54:28,Pose,0,2
2026-07-27 14:54:29,Pose,0,2
2026-07-27 14:54:30,Pose,0,2
2026-07-27 14:54:31,Pose,0,2
2026-07-27 14:54:32,Pose,0,2
2026-07-27 14:54:33,Pose,0,2
2026-07-27 14:54:34,Pose,0,2
2026-07-27 14:54:35,Pose,0,2
2026-07-27 14:54:37,Pose,0,2
2026-07-27 14:54:38,Pose,0,2
2026-07-27 14:54:39,Pose,0,2
2026-07-27 14:54:40,Pose,0,2
2026-07-27 14:54:41,Pose,0,2
2026-07-27 14:54:43,Pose,0,2
2026-07-27 14:54:44,Pose,0,2
2026-07-27 14:54:45,Pose,0,2
2026-07-27 14:54:46,Pose,0,2
2026-07-27 14:54:47,Pose,0,2
2026-07-27 14:54:48,Pose,0,2
2026-07-27 14:54:49,Pose,0,2
2026-07-27 14:54:50,Pose,0,2
2026-07-27 14:54:51,Pose,0,2
2026-07-27 14:54:52,Pose,0,2
2026-07-27 14:54:54,Pose,0,2
2026-07-27 14:54:55,Pose,0,2
2026-07-27 14:54:56,Pose,0,2
2026-07-27 14:54:57,Pose,0,2
2026-07-27 14:54:58,Pose,0,2
2026-07-27 14:54:59,Pose,0,2
2026-07-27 14:55:00,Pose,0,2
2026-07-27 14:55:01,Pose,0,2
2026-07-27 14:55:02,Pose,0,2
2026-07-27 14:55:03,Pose,0,2
2026-07-27 14:55:05,Pose,0,2
2026-07-27 14:55:06,Pose,0,2
2026-07-27 14:55:07,Pose,0,2
2026-07-27 14:55:08,Pose,0,2
2026-07-27 14:55:09,Pose,0,2
2026-07-27 14:55:10,Pose,0,2
2026-07-27 14:55:11,Pose,0,2
2026-07-27 14:55:12,Pose,0,2
2026-07-27 14:55:13,Pose,0,2
2026-07-27 14:55:14,Pose,0,2
2026-07-27 14:55:15,Pose,0,2
2026-07-27 14:55:17,Pose,0,2
2026-07-27 14:55:18,Pose,0,2
2026-07-27 14:55:19,Pose,0,2
2026-07-27 14:55:20,Pose,0,2
2026-07-27 14:55:21,Pose,0,2
2026-07-27 14:55:22,Pose,0,2
2026-07-27 14:55:23,Pose,0,2
2026-07-27 14:55:24,Pose,0,2
2026-07-27 14:55:25,Pose,0,2
2026-07-27 14:55:26,Pose,0,2
2026-07-27 14:55:27,Pose,0,2
2026-07-27 14:55:29,Detection,0,3
2026-07-27 14:55:30,Tactical HUD,0,3
2026-07-27 14:55:31,Tactical HUD,0,3
2026-07-27 14:55:32,Tactical HUD,0,2
2026-07-27 14:55:33,Tactical HUD,0,5
2026-07-27 14:55:34,Tactical HUD,0,5
2026-07-27 14:55:35,Tactical HUD,0,5
2026-07-27 14:55:36,Tactical HUD,0,5
2026-07-27 14:55:38,Tactical HUD,0,5
2026-07-27 14:55:39,Tactical HUD,0,4
2026-07-27 14:55:40,Tactical HUD,0,4
2026-07-27 14:55:41,Tactical HUD,0,3
2026-07-27 14:55:42,Tactical HUD,0,4
2026-07-27 14:55:43,Tactical HUD,0,4
2026-07-27 14:55:44,Tactical HUD,0,4
2026-07-27 14:55:46,Tactical HUD,0,4
2026-07-27 14:55:47,Tactical HUD,0,4
2026-07-27 14:55:48,Tactical HUD,0,4
2026-07-27 14:55:49,Tactical HUD,0,3
2026-07-27 14:55:50,Tactical HUD,0,4
2026-07-27 14:55:51,Tactical HUD,0,3
2026-07-27 14:55:52,Tactical HUD,0,5
2026-07-27 14:55:53,Detection,0,6
2026-07-27 14:55:54,Tracking,0,5
2026-07-27 14:55:55,Segmentation,0,5
2026-07-27 14:55:56,Segmentation,0,5
2026-07-27 14:55:58,Pose,0,5
2026-07-27 14:55:59,Pose,0,5
2026-07-27 14:56:00,Pose,0,5
2026-07-27 14:56:01,Pose,0,5
2026-07-27 14:56:02,Pose,0,5
2026-07-27 14:56:03,Pose,0,5
2026-07-27 14:56:04,Pose,0,5
2026-07-27 14:56:05,Pose,0,5
2026-07-27 14:56:07,Pose,0,5
2026-07-27 14:56:08,Pose,0,5
2026-07-27 14:56:09,Pose,0,5
2026-07-27 14:56:10,Pose,0,5
2026-07-27 14:56:11,Pose,0,5
2026-07-27 14:56:12,Pose,0,5
2026-07-27 14:56:13,Pose,0,5
2026-07-27 14:56:14,Pose,0,5
2026-07-27 14:56:15,Pose,0,5
2026-07-27 14:56:16,Pose,0,5
2026-07-27 14:56:17,Pose,0,5
2026-07-27 14:56:18,Pose,0,5
2026-07-27 14:56:19,Pose,0,5
2026-07-27 14:56:20,Pose,0,5
2026-07-27 14:56:21,Pose,0,5
2026-07-27 14:56:23,Pose,0,5
2026-07-27 14:56:24,Pose,0,5
2026-07-27 14:56:25,Pose,0,5
2026-07-27 14:56:26,Pose,0,5
2026-07-27 14:56:27,Pose,0,5
2026-07-27 14:56:28,Pose,0,5
2026-07-27 14:56:29,Pose,0,5
2026-07-27 14:56:30,Pose,0,5
2026-07-27 14:56:31,Pose,0,5
2026-07-27 14:56:32,Pose,0,5
2026-07-27 14:56:33,Pose,0,5
2026-07-27 14:56:35,Pose,0,5
2026-07-27 14:56:36,Pose,0,5
2026-07-27 14:56:37,Pose,0,5
2026-07-27 14:56:38,Pose,0,5
2026-07-27 14:56:39,Pose,0,5
2026-07-27 14:56:40,Pose,0,5
2026-07-27 14:56:41,Pose,0,5
2026-07-27 14:56:42,Pose,0,5
2026-07-27 14:56:43,Pose,0,5
2026-07-27 14:56:44,Pose,0,5
2026-07-27 14:56:45,Pose,0,5
2026-07-27 14:56:46,Pose,0,5
2026-07-27 14:56:47,Pose,0,5
2026-07-27 14:56:48,Pose,0,5
2026-07-27 14:56:49,Pose,0,5
2026-07-27 14:56:51,Pose,0,5
2026-07-27 14:56:52,Pose,0,5
2026-07-27 14:56:53,Pose,0,5
2026-07-27 14:56:54,Pose,0,5
2026-07-27 14:56:55,Pose,0,5
2026-07-27 14:56:56,Pose,0,5
2026-07-27 14:56:57,Pose,0,5
2026-07-27 14:56:58,Pose,0,5
2026-07-27 14:56:59,Pose,0,5
2026-07-27 14:57:00,Pose,0,5
2026-07-27 14:57:01,Pose,0,5
2026-07-27 14:57:03,Pose,0,5
2026-07-27 14:57:04,Pose,0,5
2026-07-27 14:57:05,Pose,0,5
2026-07-27 14:57:06,Pose,0,5
2026-07-27 14:57:07,Pose,0,5
2026-07-27 14:57:08,Pose,0,5
2026-07-27 14:57:09,Pose,0,5
2026-07-27 14:57:10,Pose,0,5
2026-07-27 14:57:11,Pose,0,5
2026-07-27 14:57:12,Pose,0,5
2026-07-27 14:57:14,Pose,0,5
2026-07-27 14:57:15,Pose,0,5
2026-07-27 14:57:16,Pose,0,5
2026-07-27 14:57:17,Pose,0,5
2026-07-27 14:57:18,Pose,0,5
2026-07-27 14:57:19,Pose,0,5
2026-07-27 14:57:20,Pose,0,5
2026-07-27 14:57:21,Pose,0,5
2026-07-27 14:57:22,Pose,0,5
2026-07-27 14:57:24,Pose,0,5
2026-07-27 14:57:25,Pose,0,5
2026-07-27 14:57:26,Pose,0,5
2026-07-27 14:57:27,Pose,0,5
2026-07-27 14:57:28,Pose,0,5
2026-07-27 14:57:29,Pose,0,5
2026-07-27 14:57:30,Pose,0,5
2026-07-27 14:57:31,Pose,0,5
2026-07-27 14:57:32,Pose,0,5
2026-07-27 14:57:33,Pose,0,5
2026-07-27 14:57:34,Pose,0,5
2026-07-27 14:57:36,Pose,0,5
2026-07-27 14:57:37,Pose,0,5
2026-07-27 14:57:38,Pose,0,5
2026-07-27 14:57:39,Pose,0,5
2026-07-27 14:57:40,Pose,0,5
2026-07-27 14:57:41,Pose,0,5
2026-07-27 14:57:42,Pose,0,5
2026-07-27 14:57:43,Pose,0,5
2026-07-27 14:57:44,Pose,0,5
2026-07-27 14:57:45,Pose,0,5
2026-07-27 14:57:47,Pose,0,5
2026-07-27 14:57:48,Pose,0,5
2026-07-27 14:57:49,Pose,0,5
2026-07-27 14:57:50,Pose,0,5
2026-07-27 14:57:51,Pose,0,5
2026-07-27 14:57:52,Pose,0,5
2026-07-27 14:57:53,Pose,0,5
2026-07-27 14:57:54,Pose,0,5
2026-07-27 14:57:55,Pose,0,5
2026-07-27 14:57:57,Pose,0,5
2026-07-27 14:57:58,Pose,0,5
2026-07-27 14:57:59,Pose,0,5
2026-07-27 14:58:00,Pose,0,5
2026-07-27 14:58:01,Pose,0,5
2026-07-27 14:58:02,Pose,0,5
2026-07-27 14:58:03,Pose,0,5
2026-07-27 14:58:04,Pose,0,5
2026-07-27 14:58:05,Pose,0,5
2026-07-27 14:58:06,Pose,0,5
2026-07-27 14:58:07,Pose,0,5
2026-07-27 14:58:09,Pose,0,5
2026-07-27 14:58:10,Pose,0,5
2026-07-27 14:58:11,Pose,0,5
2026-07-29 06:40:31,Tactical HUD,0,5
2026-07-29 06:40:32,Tactical HUD,0,4
2026-07-29 06:40:33,Tactical HUD,0,2
2026-07-29 06:40:34,Tactical HUD,0,3
2026-07-29 06:40:35,Tactical HUD,0,3
2026-07-29 06:40:36,Tactical HUD,0,2
2026-07-29 06:40:37,Tactical HUD,0,3
2026-07-29 06:40:38,Tactical HUD,0,2
2026-07-29 06:40:39,Tactical HUD,0,2
2026-07-29 06:40:40,Tactical HUD,0,2
2026-07-29 06:40:41,Tactical HUD,0,2
2026-07-29 06:40:42,Tactical HUD,0,3
2026-07-29 06:40:43,Tactical HUD,0,4
2026-07-29 06:40:44,Tactical HUD,0,3
2026-07-29 06:40:45,Tactical HUD,0,4
2026-07-29 06:40:46,Tactical HUD,0,3
2026-07-29 06:40:47,Tactical HUD,0,2
2026-07-29 06:40:48,Tactical HUD,0,4
2026-07-29 06:40:49,Tactical HUD,0,2
2026-07-29 06:40:50,Tactical HUD,0,3
2026-07-29 06:40:51,Tactical HUD,0,2
2026-07-29 06:40:52,Tactical HUD,0,3
2026-07-29 06:40:53,Tactical HUD,0,3
2026-07-29 06:40:54,Tactical HUD,0,3
2026-07-29 06:40:55,Tactical HUD,0,2
2026-07-29 06:40:56,Tactical HUD,0,3
2026-07-29 06:40:57,Tactical HUD,0,3
2026-07-29 06:40:58,Tactical HUD,0,2
2026-07-29 06:40:59,Tactical HUD,0,2
2026-07-29 06:41:00,Tactical HUD,0,2
2026-07-29 06:41:01,Tactical HUD,0,2
2026-07-29 06:41:02,Tactical HUD,0,2
2026-07-29 06:41:03,Tactical HUD,0,2
2026-07-29 06:41:04,Tactical HUD,0,2
2026-07-29 06:41:05,Tactical HUD,0,2
2026-07-29 06:41:06,Tactical HUD,0,2
2026-07-29 06:41:07,Tactical HUD,0,2
2026-07-29 06:41:08,Tactical HUD,0,4
2026-07-29 06:41:09,Tactical HUD,0,4
2026-07-29 06:41:10,Tactical HUD,0,4
2026-07-29 06:41:11,Tactical HUD,0,4
2026-07-29 06:41:12,Tactical HUD,0,4
2026-07-29 06:41:13,Tactical HUD,0,4
2026-07-29 06:41:14,Tactical HUD,0,4
2026-07-29 06:41:15,Tactical HUD,0,4
2026-07-29 06:41:16,Tactical HUD,0,4
2026-07-29 06:41:17,Tactical HUD,0,4
2026-07-29 06:41:18,Tactical HUD,0,4
2026-07-29 06:41:19,Tactical HUD,0,4
2026-07-29 06:41:20,Tactical HUD,0,4
2026-07-29 06:41:21,Tactical HUD,0,4
2026-07-29 06:41:22,Tactical HUD,0,4
2026-07-29 06:41:23,Tactical HUD,0,4
2026-07-29 06:41:24,Tactical HUD,0,4
2026-07-29 06:41:25,Tactical HUD,0,4
2026-07-29 06:41:26,Tactical HUD,0,4
2026-07-29 06:41:27,Tactical HUD,0,4
2026-07-29 06:41:28,Tactical HUD,0,4
2026-07-29 06:41:29,Tactical HUD,0,4
2026-07-29 06:41:30,Tactical HUD,0,4
2026-07-29 06:41:31,Tactical HUD,0,4
2026-07-29 06:41:32,Tactical HUD,0,4
2026-07-29 06:41:33,Tactical HUD,0,4
2026-07-29 06:41:34,Tactical HUD,0,4
2026-07-29 06:41:36,Tactical HUD,0,4
2026-07-29 06:41:37,Tactical HUD,0,4
2026-07-29 06:41:38,Tactical HUD,0,4
2026-07-29 06:41:39,Tactical HUD,0,4
2026-07-29 06:41:40,Tactical HUD,0,4
2026-07-29 06:41:41,Tactical HUD,0,4
2026-07-29 06:41:42,Tactical HUD,0,4
2026-07-29 06:41:43,Tactical HUD,0,4
2026-07-29 06:41:44,Tactical HUD,0,4
2026-07-29 06:41:45,Tactical HUD,0,4
2026-07-29 06:41:46,Tactical HUD,0,4
2026-07-29 06:41:47,Tactical HUD,0,4
2026-07-29 06:41:48,Tactical HUD,0,4
2026-07-29 06:41:49,Tactical HUD,0,4
2026-07-29 06:41:50,Tactical HUD,0,4
2026-07-29 06:41:51,Tactical HUD,0,4
2026-07-29 06:41:52,Tactical HUD,0,4
2026-07-29 06:41:53,Tactical HUD,0,4
2026-07-29 06:41:54,Tactical HUD,0,4
2026-07-29 06:41:55,Tactical HUD,0,4
2026-07-29 06:41:56,Tactical HUD,0,4
2026-07-29 06:41:57,Tactical HUD,0,4
2026-07-29 06:41:58,Tactical HUD,0,4
2026-07-29 06:41:59,Tactical HUD,0,4
2026-07-29 06:42:00,Tactical HUD,0,4
2026-07-29 06:42:01,Tactical HUD,0,4
2026-07-29 06:42:02,Tactical HUD,0,4
2026-07-29 06:42:03,Tactical HUD,0,4
2026-07-29 06:42:04,Tactical HUD,0,4
2026-07-29 06:42:05,Tactical HUD,0,4
2026-07-29 06:42:06,Tactical HUD,0,4
2026-07-29 06:42:07,Tactical HUD,0,4
2026-07-29 06:42:08,Tactical HUD,0,4
2026-07-29 06:42:09,Tactical HUD,0,4
2026-07-29 06:42:10,Tactical HUD,0,4
2026-07-29 06:42:11,Tactical HUD,0,4
2026-07-29 06:42:12,Tactical HUD,0,4
2026-07-29 06:42:13,Tactical HUD,0,4
2026-07-29 06:42:14,Tactical HUD,0,4
2026-07-29 06:42:15,Tactical HUD,0,4
2026-07-29 06:42:16,Tactical HUD,0,4
2026-07-29 06:42:17,Tactical HUD,0,4
2026-07-29 06:42:18,Tactical HUD,0,4
2026-07-29 06:42:19,Tactical HUD,0,4
2026-07-29 06:42:20,Tactical HUD,0,4
2026-07-29 06:42:21,Tactical HUD,0,4
2026-07-29 06:42:22,Tactical HUD,0,4
2026-07-29 06:42:23,Tactical HUD,0,4
2026-07-29 06:42:24,Tactical HUD,0,4
2026-07-29 06:42:25,Tactical HUD,0,4
2026-07-29 06:42:26,Tactical HUD,0,4
2026-07-29 06:42:27,Tactical HUD,0,4
2026-07-29 06:42:28,Tactical HUD,0,4
2026-07-29 06:42:29,Tactical HUD,0,4
2026-07-29 06:42:30,Tactical HUD,0,4
2026-07-29 06:42:31,Tactical HUD,0,4
2026-07-29 06:42:32,Tactical HUD,0,4
2026-07-29 06:42:33,Tactical HUD,0,4
2026-07-29 06:42:34,Tactical HUD,0,4
2026-07-29 06:42:35,Tactical HUD,0,4
2026-07-29 06:42:36,Tactical HUD,0,4
2026-07-29 06:42:37,Tactical HUD,0,4
2026-07-29 06:42:38,Tactical HUD,0,4
2026-07-29 06:42:39,Tactical HUD,0,4
2026-07-29 06:42:40,Tactical HUD,0,4
2026-07-29 06:42:41,Tactical HUD,0,4
2026-07-29 06:42:42,Tactical HUD,0,4
2026-07-29 06:42:43,Tactical HUD,0,4
2026-07-29 06:42:44,Tactical HUD,0,4
2026-07-29 06:42:45,Tactical HUD,0,4
2026-07-29 06:42:46,Tactical HUD,0,4
2026-07-29 06:42:47,Tactical HUD,0,4
2026-07-29 06:42:48,Tactical HUD,0,4
2026-07-29 06:42:49,Tactical HUD,0,4
2026-07-29 06:42:50,Tactical HUD,0,4
2026-07-29 06:42:51,Tactical HUD,0,4
2026-07-29 06:42:52,Tactical HUD,0,4
2026-07-29 06:42:53,Tactical HUD,0,4
2026-07-29 06:42:54,Tactical HUD,0,4
2026-07-29 06:42:55,Tactical HUD,0,4
2026-07-29 06:42:56,Tactical HUD,0,4
2026-07-29 06:42:57,Tactical HUD,0,4
2026-07-29 06:42:58,Tactical HUD,0,4
2026-07-29 06:42:59,Tactical HUD,0,4
2026-07-29 06:43:00,Tactical HUD,0,4
2026-07-29 06:43:02,Tactical HUD,0,4
2026-07-29 06:43:03,Tactical HUD,0,4
2026-07-29 06:43:04,Tactical HUD,0,4
2026-07-29 06:43:05,Tactical HUD,0,4
2026-07-29 06:43:06,Tactical HUD,0,4
2026-07-29 06:43:07,Tactical HUD,0,4
2026-07-29 06:43:08,Tactical HUD,0,4
2026-07-29 06:43:09,Tactical HUD,0,4
2026-07-29 06:43:10,Tactical HUD,0,4
2026-07-29 06:43:11,Tactical HUD,0,4
2026-07-29 06:43:12,Tactical HUD,0,4
2026-07-29 06:43:13,Tactical HUD,0,4
2026-07-29 06:43:14,Tactical HUD,0,4
2026-07-29 06:43:15,Tactical HUD,0,4
2026-07-29 06:43:16,Tactical HUD,0,4
2026-07-29 06:43:17,Tactical HUD,0,4
2026-07-29 06:43:18,Tactical HUD,0,4
2026-07-29 06:43:19,Tactical HUD,0,4
2026-07-29 06:43:20,Tactical HUD,0,4
2026-07-29 06:43:21,Tactical HUD,0,4
2026-07-29 06:43:22,Tactical HUD,0,4
2026-07-29 06:43:23,Tactical HUD,0,4
2026-07-29 06:43:24,Tactical HUD,0,4
2026-07-29 06:43:25,Tactical HUD,0,4
2026-07-29 06:43:26,Tactical HUD,0,4
2026-07-29 06:43:27,Tactical HUD,0,4
2026-07-29 06:43:28,Tactical HUD,0,4
2026-07-29 06:43:29,Tactical HUD,0,4
2026-07-29 06:43:30,Tactical HUD,0,4
2026-07-29 06:43:31,Tactical HUD,0,4
2026-07-29 06:43:32,Tactical HUD,0,4
2026-07-29 06:43:33,Tactical HUD,0,4
2026-07-29 06:43:34,Tactical HUD,0,4
2026-07-29 06:43:35,Tactical HUD,0,4
2026-07-29 06:43:36,Tactical HUD,0,4
2026-07-29 06:43:37,Tactical HUD,0,4
2026-07-29 06:43:38,Tactical HUD,0,4
2026-07-29 06:43:39,Tactical HUD,0,4
2026-07-29 06:43:40,Tactical HUD,0,4
2026-07-29 06:43:41,Tactical HUD,0,4
2026-07-29 06:43:42,Tactical HUD,0,4
2026-07-29 06:43:43,Tactical HUD,0,4
2026-07-29 06:43:44,Tactical HUD,0,4
2026-07-29 06:43:45,Tactical HUD,0,4
2026-07-29 06:43:46,Tactical HUD,0,4
2026-07-29 06:43:47,Tactical HUD,0,4
2026-07-29 06:43:48,Tactical HUD,0,4
2026-07-29 06:43:49,Tactical HUD,0,4
2026-07-29 06:43:50,Tactical HUD,0,4
2026-07-29 06:43:51,Tactical HUD,0,4
2026-07-29 06:43:52,Tactical HUD,0,4
2026-07-29 06:43:53,Tactical HUD,0,4
2026-07-29 06:43:54,Tactical HUD,0,4
2026-07-29 06:43:55,Tactical HUD,0,4
2026-07-29 06:43:56,Tactical HUD,0,4
2026-07-29 06:43:57,Tactical HUD,0,4
2026-07-29 06:43:58,Tactical HUD,0,4
2026-07-29 06:43:59,Tactical HUD,0,4
2026-07-29 06:44:00,Tactical HUD,0,4
2026-07-29 06:44:01,Tactical HUD,0,4
2026-07-29 06:44:02,Tactical HUD,0,4
2026-07-29 06:44:03,Tactical HUD,0,4
2026-07-29 06:44:04,Tactical HUD,0,4
2026-07-29 06:44:05,Tactical HUD,0,4
2026-07-29 06:44:06,Tactical HUD,0,4
2026-07-29 06:44:07,Tactical HUD,0,4
2026-07-29 06:44:08,Tactical HUD,0,4
2026-07-29 06:44:09,Tactical HUD,0,4
2026-07-29 06:44:10,Tactical HUD,0,4
2026-07-29 06:44:11,Tactical HUD,0,4
2026-07-29 06:44:12,Tactical HUD,0,4
2026-07-29 06:44:13,Tactical HUD,0,4
2026-07-29 06:44:14,Tactical HUD,0,4
2026-07-29 06:44:15,Tactical HUD,0,4
2026-07-29 06:44:17,Tactical HUD,0,4
2026-07-29 06:44:18,Tactical HUD,0,4
2026-07-29 06:44:19,Tactical HUD,0,4
2026-07-29 06:44:20,Tactical HUD,0,4
2026-07-29 06:44:21,Tactical HUD,0,1
2026-07-29 06:44:22,Tactical HUD,0,1
2026-07-29 06:44:23,Tactical HUD,0,1
2026-07-29 06:44:24,Tactical HUD,0,1
2026-07-29 06:44:25,Tactical HUD,0,1
2026-07-29 06:44:26,Tactical HUD,0,1
2026-07-29 06:44:27,Tactical HUD,0,1
2026-07-29 06:44:28,Tactical HUD,0,2
2026-07-29 06:44:29,Tactical HUD,0,1
2026-07-29 06:44:30,Tactical HUD,0,1
2026-07-29 06:44:31,Tactical HUD,0,1
2026-07-29 06:44:32,Tactical HUD,0,1
2026-07-29 06:44:33,Tactical HUD,0,1
2026-07-29 06:44:34,Tactical HUD,0,1
2026-07-29 06:44:35,Tactical HUD,0,1
2026-07-29 06:44:36,Tactical HUD,0,1
2026-07-29 06:44:37,Tactical HUD,0,1
2026-07-29 06:44:38,Tactical HUD,0,1
2026-07-29 06:44:39,Tactical HUD,0,1
2026-07-29 06:44:40,Tactical HUD,0,2
2026-07-29 06:44:41,Tactical HUD,0,1
2026-07-29 06:44:42,Tactical HUD,0,1
2026-07-29 06:44:43,Tactical HUD,0,1
2026-07-29 06:44:44,Tactical HUD,0,1
2026-07-29 06:44:45,Tactical HUD,0,1
2026-07-29 06:44:46,Tactical HUD,0,1
2026-07-29 06:44:47,Tactical HUD,0,1
2026-07-29 06:44:48,Tactical HUD,0,1
2026-07-29 06:44:49,Tactical HUD,0,1
2026-07-29 06:44:50,Tactical HUD,0,1
2026-07-29 06:44:51,Tactical HUD,0,1
2026-07-29 06:44:52,Tactical HUD,0,1
2026-07-29 06:44:53,Tactical HUD,0,1
2026-07-29 06:44:54,Tactical HUD,0,1
2026-07-29 06:44:55,Tactical HUD,0,1
2026-07-29 06:44:56,Tactical HUD,0,1
2026-07-29 06:44:57,Tactical HUD,0,1
2026-07-29 06:44:58,Detection,0,0
2026-07-29 06:44:59,Detection,0,0
2026-07-29 06:45:00,Detection,0,0
2026-07-29 06:45:01,Detection,0,0
2026-07-29 06:45:02,Detection,0,0
2026-07-29 06:45:03,Detection,0,0
2026-07-29 06:45:04,Detection,0,0
2026-07-29 06:45:05,Detection,0,0
2026-07-29 06:45:06,Detection,0,0
2026-07-29 06:45:07,Detection,0,0
2026-07-29 06:45:08,Detection,0,0
2026-07-29 06:45:09,Detection,0,0
2026-07-29 06:45:10,Detection,0,0
2026-07-29 06:45:11,Detection,0,0
2026-07-29 06:45:12,Detection,0,0
2026-07-29 06:45:13,Detection,0,0
2026-07-29 06:45:14,Detection,0,0
2026-07-29 06:45:15,Detection,0,0
2026-07-29 06:45:16,Detection,0,0
2026-07-29 06:45:17,Detection,0,0
2026-07-29 06:45:18,Detection,0,0
2026-07-29 06:45:19,Detection,0,0
2026-07-29 06:45:22,Tracking,0,0
2026-07-29 06:45:23,Tracking,0,0
2026-07-29 06:45:24,Tracking,0,1
2026-07-29 06:45:25,Tracking,0,0
2026-07-29 06:45:26,Pose,0,0
2026-07-29 06:45:28,Pose,0,0
2026-07-29 06:45:29,Pose,0,0
2026-07-29 06:45:30,Pose,0,0
2026-07-29 06:45:31,Pose,0,0
2026-07-29 06:45:32,Pose,0,0
2026-07-29 06:45:33,Pose,0,0
2026-07-29 06:45:34,Pose,0,0
2026-07-29 06:45:35,Pose,0,0
2026-07-29 06:45:36,Pose,0,0
2026-07-29 06:45:37,Pose,0,0
2026-07-29 06:45:38,Pose,0,0
2026-07-29 06:45:39,Pose,0,0
2026-07-29 06:45:40,Segmentation,0,0
2026-07-29 06:45:41,Segmentation,0,0
2026-07-29 06:45:42,Segmentation,0,0
2026-07-29 06:45:43,Segmentation,0,0
2026-07-29 06:45:44,Segmentation,0,0
2026-07-29 06:45:45,Segmentation,0,0
2026-07-29 06:45:46,Segmentation,0,0
2026-07-29 06:45:47,Segmentation,0,0
2026-07-29 06:45:48,Segmentation,0,0
2026-07-29 06:45:49,Segmentation,0,0
2026-07-29 06:45:50,Segmentation,0,0
2026-07-29 06:45:51,Segmentation,0,0
2026-07-29 06:45:52,Segmentation,0,0
2026-07-29 06:45:53,Segmentation,0,0
2026-07-29 06:45:54,Segmentation,0,0
2026-07-29 06:45:55,Segmentation,0,0
2026-07-29 06:45:56,Segmentation,0,0
2026-07-29 06:45:57,Segmentation,0,0
2026-07-29 06:45:58,Tactical HUD,0,1
2026-07-29 06:45:59,Tactical HUD,0,1
2026-07-29 06:46:00,Tactical HUD,0,1
2026-07-29 06:46:01,Tactical HUD,0,1
2026-07-29 06:46:02,Tactical HUD,0,1
2026-07-29 06:46:03,Tactical HUD,0,1
2026-07-29 06:46:04,Tactical HUD,0,1
2026-07-29 06:46:05,Tactical HUD,0,1
2026-07-29 06:46:06,Tactical HUD,0,1
2026-07-29 06:46:07,Tactical HUD,0,1
2026-07-29 06:46:08,Tactical HUD,0,1
2026-07-29 06:46:09,Tactical HUD,0,1
2026-07-29 06:46:10,Tactical HUD,0,1
2026-07-29 06:46:11,Tactical HUD,0,1
2026-07-29 06:46:12,Tactical HUD,0,1
2026-07-29 06:46:13,Tactical HUD,0,1
2026-07-29 06:46:14,Tactical HUD,0,1
2026-07-29 06:46:15,Tactical HUD,0,1
2026-07-29 06:46:16,Tactical HUD,0,1
2026-07-29 06:46:17,Tactical HUD,0,1
2026-07-29 06:46:18,Tactical HUD,0,1
2026-07-29 06:46:19,Tactical HUD,0,1
2026-07-29 06:46:20,Tactical HUD,0,1
2026-07-29 06:46:21,Tactical HUD,0,1
2026-07-29 06:46:22,Tactical HUD,0,1
2026-07-29 06:46:23,Tactical HUD,0,1
2026-07-29 06:46:24,Tactical HUD,0,2
2026-07-29 06:46:25,Tactical HUD,0,1
2026-07-29 06:46:26,Tactical HUD,0,1
2026-07-29 06:46:27,Tactical HUD,0,1
2026-07-29 06:46:29,Tactical HUD,0,1
2026-07-29 06:46:30,Tactical HUD,0,1
2026-07-29 06:46:31,Tactical HUD,0,1
2026-07-29 06:46:32,Tactical HUD,0,1
2026-07-29 06:46:33,Tactical HUD,0,1
2026-07-29 06:46:34,Tactical HUD,0,1
2026-07-29 06:46:35,Tactical HUD,0,1
2026-07-29 06:46:36,Tactical HUD,0,1
2026-07-29 06:46:37,Tactical HUD,0,1
2026-07-29 06:46:38,Tactical HUD,0,1
2026-07-29 06:46:39,Tactical HUD,0,1
2026-07-29 06:46:40,Tactical HUD,0,1
2026-07-29 06:46:41,Tactical HUD,0,1
2026-07-29 06:46:42,Tactical HUD,0,1
2026-07-29 06:46:43,Tactical HUD,0,1
2026-07-29 06:46:44,Tactical HUD,0,1
2026-07-29 06:46:45,Tactical HUD,0,1
2026-07-29 06:46:46,Tactical HUD,0,1
2026-07-29 06:46:47,Tactical HUD,0,1
2026-07-29 06:46:48,Tactical HUD,0,1
2026-07-29 06:46:49,Tactical HUD,0,1
2026-07-29 06:46:50,Tactical HUD,0,1
2026-07-29 06:46:51,Tactical HUD,0,1
2026-07-29 06:46:52,Tactical HUD,0,1
2026-07-29 06:46:53,Tactical HUD,0,1
2026-07-29 06:46:54,Tactical HUD,0,1
2026-07-29 06:46:55,Tactical HUD,0,1
2026-07-29 06:46:56,Tactical HUD,0,1
2026-07-29 06:46:57,Tactical HUD,0,1
2026-07-29 06:46:58,Tactical HUD,0,1
2026-07-29 06:46:59,Tactical HUD,0,1
2026-07-29 06:47:00,Tactical HUD,0,1
2026-07-29 06:47:01,Tactical HUD,0,1
2026-07-29 06:47:02,Tactical HUD,0,2
2026-07-29 06:47:03,Tactical HUD,0,1
2026-07-29 06:47:04,Tactical HUD,0,1
2026-07-29 06:47:05,Tactical HUD,0,1
2026-07-29 06:47:06,Tactical HUD,0,1
2026-07-29 06:47:07,Tactical HUD,0,1
2026-07-29 06:47:08,Tactical HUD,0,1
2026-07-29 06:47:09,Tactical HUD,0,1
2026-07-29 06:47:10,Tactical HUD,0,1
2026-07-29 06:47:11,Detection,0,0
2026-07-29 06:47:12,Detection,0,0
2026-07-29 06:47:13,Detection,0,0
2026-07-29 06:47:14,Detection,0,0
2026-07-29 06:47:15,Tracking,0,0
2026-07-29 06:47:16,Tracking,0,0
2026-07-29 06:47:17,Tracking,0,0
2026-07-29 06:47:18,Pose,0,0
2026-07-29 06:47:19,Pose,0,0
2026-07-29 06:47:20,Segmentation,0,0
2026-07-29 06:47:21,Segmentation,0,0
2026-07-29 06:47:22,Segmentation,0,0
2026-07-29 06:47:23,Segmentation,0,0
2026-07-29 06:47:24,Pose,0,0
2026-07-29 06:47:25,Detection,0,0
2026-07-29 06:47:27,Detection,0,0
2026-07-29 06:47:28,Tracking,0,0
2026-07-29 06:47:29,Tactical HUD,0,1
2026-07-29 06:47:30,Tactical HUD,0,1
2026-07-29 06:47:31,Tactical HUD,0,1
2026-07-29 06:47:32,Tactical HUD,0,1
2026-07-29 06:47:33,Tactical HUD,0,1
2026-07-29 06:47:34,Tactical HUD,0,1
2026-07-29 06:47:35,Tactical HUD,0,1
2026-07-29 06:47:36,Tactical HUD,0,1
2026-07-29 06:47:37,Tactical HUD,0,1
2026-07-29 06:47:38,Tactical HUD,0,1
2026-07-29 06:47:39,Tactical HUD,0,1
2026-07-29 06:47:40,Detection,0,0
2026-07-29 06:47:41,Detection,0,0
2026-07-29 06:47:42,Detection,0,0
2026-07-29 06:47:43,Detection,0,0
2026-07-29 06:47:44,Detection,0,0
2026-07-29 06:47:45,Detection,0,0
2026-07-29 06:47:46,Detection,0,0
2026-07-29 06:47:47,Detection,0,0
2026-07-29 06:47:48,Detection,0,0
2026-07-29 06:47:49,Detection,0,0
2026-07-29 06:47:50,Detection,0,0
2026-07-29 06:47:51,Detection,0,0
2026-07-29 06:47:52,Detection,0,0
2026-07-29 06:47:53,Detection,0,0
2026-07-29 06:47:54,Detection,0,0
2026-07-29 06:47:55,Detection,0,0
2026-07-29 06:47:56,Detection,0,0
2026-07-29 06:47:57,Detection,0,0
2026-07-29 06:47:58,Detection,0,0
2026-07-29 06:47:59,Detection,0,0
2026-07-29 06:48:00,Detection,0,0
2026-07-29 06:48:01,Detection,0,0
2026-07-29 06:48:02,Detection,0,0
2026-07-29 06:48:03,Detection,0,0
2026-07-29 06:48:04,Detection,0,0
2026-07-29 06:48:05,Detection,0,0
2026-07-29 06:48:06,Detection,0,0
2026-07-29 06:48:07,Detection,0,0
2026-07-29 06:48:08,Detection,0,0
2026-07-29 06:48:09,Detection,0,0
2026-07-29 06:48:10,Detection,0,0
2026-07-29 06:48:11,Detection,0,0
2026-07-29 06:48:12,Detection,0,0
2026-07-29 06:48:13,Detection,0,0
2026-07-29 06:48:14,Detection,0,0
2026-07-29 06:48:15,Detection,0,0
2026-07-29 06:48:16,Detection,0,0
2026-07-29 06:48:17,Detection,0,0
2026-07-29 06:48:18,Detection,0,0
2026-07-29 06:48:19,Detection,0,0
2026-07-29 06:48:20,Detection,0,0
2026-07-29 06:48:21,Detection,0,0
2026-07-29 06:48:22,Detection,0,0
2026-07-29 06:48:23,Detection,0,0
2026-07-29 06:48:24,Detection,0,0
2026-07-29 06:48:25,Detection,0,0
2026-07-29 06:48:26,Detection,0,0
2026-07-29 06:48:27,Detection,0,0
2026-07-29 06:48:28,Detection,0,0
2026-07-29 06:48:29,Detection,0,0
2026-07-29 06:48:30,Detection,0,0
2026-07-29 06:48:31,Detection,0,0
2026-07-29 06:48:32,Detection,0,0
2026-07-29 06:48:33,Detection,0,0
2026-07-29 06:48:34,Detection,0,0
2026-07-29 06:48:35,Detection,0,0
2026-07-29 06:48:36,Detection,0,0
2026-07-29 06:48:37,Detection,0,0
2026-07-29 06:48:38,Detection,0,0
2026-07-29 06:48:39,Detection,0,0
2026-07-29 06:48:40,Detection,0,0
2026-07-29 06:48:41,Detection,0,0
2026-07-29 06:48:42,Detection,0,0
2026-07-29 06:48:43,Detection,0,0
2026-07-29 06:48:44,Detection,0,0
2026-07-29 06:48:45,Detection,0,0
2026-07-29 06:48:46,Detection,0,0
2026-07-29 06:48:47,Detection,0,0
2026-07-29 06:48:48,Detection,0,0
2026-07-29 06:48:49,Detection,0,0
2026-07-29 06:48:50,Detection,0,0
2026-07-29 06:48:51,Detection,0,0
2026-07-29 06:48:52,Detection,0,0
2026-07-29 06:48:54,Detection,0,0
2026-07-29 06:48:55,Detection,0,0
2026-07-29 06:48:56,Detection,0,0
2026-07-29 06:48:57,Detection,0,0
2026-07-29 06:48:58,Detection,0,0
2026-07-29 06:48:59,Detection,0,0
2026-07-29 06:49:00,Detection,0,0
2026-07-29 06:49:01,Detection,0,0
2026-07-29 06:49:02,Detection,0,0
2026-07-29 06:49:03,Detection,0,0
2026-07-29 06:49:04,Detection,0,0
2026-07-29 06:49:05,Detection,0,0
2026-07-29 06:49:06,Detection,0,0
2026-07-29 06:49:07,Detection,0,0
2026-07-29 06:49:08,Detection,0,0
2026-07-29 06:49:09,Detection,0,0
2026-07-29 06:49:10,Detection,0,0
2026-07-29 06:49:11,Detection,0,0
2026-07-29 06:49:12,Detection,0,0
2026-07-29 06:49:13,Detection,0,0
2026-07-29 06:49:14,Detection,0,0
2026-07-29 06:49:15,Detection,0,0
2026-07-29 06:49:16,Detection,0,0
2026-07-29 06:49:17,Detection,0,0
2026-07-29 06:49:18,Detection,0,0
2026-07-29 06:49:19,Detection,0,0
2026-07-29 06:49:20,Detection,0,0
2026-07-29 06:49:21,Detection,0,0
2026-07-29 06:49:22,Detection,0,0
2026-07-29 06:49:23,Detection,0,0
2026-07-29 06:49:24,Detection,0,1
2026-07-29 06:49:25,Detection,0,0
2026-07-29 06:49:26,Detection,0,0
2026-07-29 06:49:27,Detection,0,0
2026-07-29 06:49:28,Detection,0,0
2026-07-29 06:49:29,Detection,0,0
2026-07-29 06:49:30,Detection,0,0
2026-07-29 06:49:31,Detection,0,0
2026-07-29 06:49:32,Detection,0,0
2026-07-29 06:49:33,Detection,0,0
2026-07-29 06:49:34,Detection,0,0
2026-07-29 06:49:35,Detection,0,0
2026-07-29 06:49:36,Detection,0,0
2026-07-29 06:49:37,Detection,0,0
2026-07-29 06:49:38,Detection,0,0
2026-07-29 06:49:39,Detection,0,0
2026-07-29 06:49:40,Detection,0,0
2026-07-29 06:49:41,Detection,0,0
2026-07-29 06:49:42,Detection,0,0
2026-07-29 06:49:43,Detection,0,0
2026-07-29 06:49:44,Detection,0,0
2026-07-29 06:49:45,Detection,0,0
2026-07-29 06:49:46,Detection,0,0
2026-07-29 06:49:47,Detection,0,0
2026-07-29 06:49:48,Detection,0,0
2026-07-29 06:49:49,Detection,0,0
2026-07-29 06:49:50,Detection,0,0
2026-07-29 06:49:51,Detection,0,0
2026-07-29 06:49:52,Detection,0,0
2026-07-29 06:49:53,Detection,0,0
2026-07-29 06:49:54,Detection,0,0
2026-07-29 06:49:55,Detection,0,0
2026-07-29 06:49:56,Detection,0,0
2026-07-29 06:49:57,Detection,0,0
2026-07-29 06:49:58,Detection,0,0
2026-07-29 06:49:59,Detection,0,0
2026-07-29 06:50:00,Detection,0,0
2026-07-29 06:50:01,Detection,0,0
2026-07-29 06:50:02,Detection,0,0
2026-07-29 06:50:03,Detection,0,0
2026-07-29 06:50:04,Detection,0,0
2026-07-29 06:50:05,Detection,0,0
2026-07-29 06:50:06,Detection,0,0
2026-07-29 06:50:07,Detection,0,0
2026-07-29 06:50:08,Detection,0,0
2026-07-29 06:50:09,Detection,0,0
2026-07-29 06:50:10,Detection,0,0
2026-07-29 06:50:11,Detection,0,0
2026-07-29 06:50:13,Detection,0,0
2026-07-29 06:50:14,Detection,0,0
2026-07-29 06:50:15,Detection,0,0
2026-07-29 06:50:16,Detection,0,0
2026-07-29 06:50:17,Detection,0,0
2026-07-29 06:50:18,Detection,0,0
2026-07-29 06:50:19,Detection,0,0
2026-07-29 06:50:20,Detection,0,0
2026-07-29 06:50:21,Detection,0,0
2026-07-29 06:50:22,Detection,0,0
2026-07-29 06:50:23,Detection,0,0
2026-07-29 06:50:24,Detection,0,0
2026-07-29 06:50:25,Detection,0,0
2026-07-29 06:50:26,Detection,0,0
2026-07-29 06:50:27,Detection,0,0
2026-07-29 06:50:28,Detection,0,0
2026-07-29 06:50:29,Detection,0,0
2026-07-29 06:50:30,Detection,0,0
2026-07-29 06:50:31,Detection,0,0
2026-07-29 06:50:32,Detection,0,0
2026-07-29 06:50:33,Detection,0,0
2026-07-29 06:50:34,Detection,0,0
2026-07-29 06:50:35,Detection,0,0
2026-07-29 06:50:36,Detection,0,0
2026-07-29 06:50:37,Detection,0,0
2026-07-29 06:50:38,Detection,0,0
2026-07-29 06:50:39,Detection,0,0
2026-07-29 06:50:40,Detection,0,0
2026-07-29 06:50:41,Detection,0,0
2026-07-29 06:50:42,Detection,0,0
2026-07-29 06:50:43,Detection,0,0
2026-07-29 06:50:44,Detection,0,0
2026-07-29 06:50:45,Detection,0,0
2026-07-29 06:50:46,Detection,0,0
2026-07-29 06:50:47,Detection,0,0
2026-07-29 06:50:48,Detection,0,0
2026-07-29 06:50:49,Detection,0,0
2026-07-29 06:50:50,Detection,0,0
2026-07-29 06:50:51,Detection,0,0
2026-07-29 06:50:52,Detection,0,0
2026-07-29 06:50:53,Detection,0,0
2026-07-29 06:50:54,Detection,0,0
2026-07-29 06:50:55,Detection,0,0
2026-07-29 06:50:56,Detection,0,0
2026-07-29 06:50:57,Detection,0,0
2026-07-29 06:50:58,Detection,0,0
2026-07-29 06:50:59,Detection,0,0
2026-07-29 06:51:00,Detection,0,0
2026-07-29 06:51:01,Detection,0,0
2026-07-29 06:51:02,Detection,0,0
2026-07-29 06:51:03,Detection,0,0
2026-07-29 06:51:04,Detection,0,0
2026-07-29 06:51:05,Detection,0,0
2026-07-29 06:51:06,Detection,0,0
2026-07-29 06:51:07,Detection,0,0
2026-07-29 06:51:08,Detection,0,0
2026-07-29 06:51:09,Detection,0,0
2026-07-29 06:51:10,Detection,0,0
2026-07-29 06:51:11,Detection,0,0
2026-07-29 06:51:12,Detection,0,0
2026-07-29 06:51:13,Detection,0,0
2026-07-29 06:51:14,Detection,0,0
2026-07-29 06:51:15,Detection,0,0
2026-07-29 06:51:16,Detection,0,0
2026-07-29 06:51:17,Detection,0,0
2026-07-29 06:51:18,Detection,0,0
2026-07-29 06:51:19,Detection,0,0
2026-07-29 06:51:20,Detection,0,0
2026-07-29 06:51:21,Detection,0,0
2026-07-29 06:51:22,Detection,0,0
2026-07-29 06:51:23,Detection,0,0
2026-07-29 06:51:24,Detection,0,0
2026-07-29 06:51:25,Detection,0,0
2026-07-29 06:51:26,Detection,0,0
2026-07-29 06:51:28,Detection,0,0
2026-07-29 06:51:29,Detection,0,0
2026-07-29 06:51:30,Detection,0,0
2026-07-29 06:51:31,Detection,0,0
2026-07-29 06:51:32,Detection,0,0
2026-07-29 06:51:33,Detection,0,0
2026-07-29 06:51:34,Detection,0,0
2026-07-29 06:51:35,Detection,0,0
2026-07-29 06:51:36,Detection,0,0
2026-07-29 06:51:37,Detection,0,0
2026-07-29 06:51:38,Detection,0,0
2026-07-29 06:51:39,Detection,0,0
2026-07-29 06:51:40,Detection,0,0
2026-07-29 06:51:41,Detection,0,0
2026-07-29 06:51:42,Detection,0,0
2026-07-29 06:51:43,Detection,0,0
2026-07-29 06:51:44,Detection,0,0
2026-07-29 06:51:45,Detection,0,0
2026-07-29 06:51:46,Detection,0,0
2026-07-29 06:51:47,Detection,0,0
2026-07-29 06:51:48,Detection,0,0
2026-07-29 06:51:49,Detection,0,0
2026-07-29 06:51:50,Detection,0,0
2026-07-29 06:51:51,Detection,0,0
2026-07-29 06:51:52,Detection,0,0
2026-07-29 06:51:53,Detection,0,0
2026-07-29 06:51:54,Detection,0,0
2026-07-29 06:51:55,Detection,0,0
2026-07-29 06:51:56,Detection,0,0
2026-07-29 06:51:57,Detection,0,0
2026-07-29 06:51:58,Detection,0,0
2026-07-29 06:51:59,Detection,0,0
2026-07-29 06:52:00,Detection,0,0
2026-07-29 06:52:01,Detection,0,0
2026-07-29 06:52:02,Detection,0,0
2026-07-29 06:52:03,Detection,0,0
2026-07-29 06:52:04,Detection,0,0
2026-07-29 06:52:05,Detection,0,0
2026-07-29 06:52:06,Detection,0,0
2026-07-29 06:52:07,Detection,0,0
2026-07-29 06:52:08,Detection,0,0
2026-07-29 06:52:09,Detection,0,0
2026-07-29 06:52:10,Detection,0,0
2026-07-29 06:52:11,Detection,0,0
2026-07-29 06:52:12,Detection,0,0
2026-07-29 06:52:13,Detection,0,0
2026-07-29 06:52:14,Detection,0,0
2026-07-29 06:52:15,Detection,0,0
2026-07-29 06:52:16,Detection,0,0
2026-07-29 06:52:17,Detection,0,0
2026-07-29 06:52:18,Detection,0,0
2026-07-29 06:52:19,Detection,0,0
2026-07-29 06:52:20,Detection,0,0
2026-07-29 06:52:21,Detection,0,0
2026-07-29 06:52:22,Detection,0,0
2026-07-29 06:52:23,Detection,0,0
2026-07-29 06:52:24,Detection,0,0
2026-07-29 06:52:25,Detection,0,0
2026-07-29 06:52:26,Detection,0,0
2026-07-29 06:52:27,Detection,0,0
2026-07-29 06:52:28,Detection,0,0
2026-07-29 06:52:29,Detection,0,0
2026-07-29 06:52:30,Detection,0,0
2026-07-29 06:52:31,Detection,0,0
2026-07-29 06:52:32,Detection,0,0
2026-07-29 06:52:33,Detection,0,0
2026-07-29 06:52:34,Detection,0,0
2026-07-29 06:52:35,Detection,0,0
2026-07-29 06:52:36,Detection,0,0
2026-07-29 06:52:37,Detection,0,0
2026-07-29 06:52:38,Detection,0,0
2026-07-29 06:52:39,Detection,0,0
2026-07-29 06:52:40,Detection,0,0
2026-07-29 06:52:41,Detection,0,0
2026-07-29 06:52:42,Detection,0,0
2026-07-29 06:52:43,Detection,0,0
2026-07-29 06:52:44,Detection,0,0
2026-07-29 06:52:45,Detection,0,0
2026-07-29 06:52:46,Detection,0,0
2026-07-29 06:52:47,Detection,0,0
2026-07-29 06:52:48,Detection,0,0
2026-07-29 06:52:49,Detection,0,0
2026-07-29 06:52:51,Detection,0,0
2026-07-29 06:52:52,Detection,0,0
2026-07-29 06:52:53,Detection,0,0
2026-07-29 06:52:54,Detection,0,0
2026-07-29 06:52:55,Detection,0,0
2026-07-29 06:52:56,Detection,0,0
2026-07-29 06:52:57,Detection,0,0
2026-07-29 06:52:58,Detection,0,0
2026-07-29 06:52:59,Detection,0,0
2026-07-29 06:53:00,Detection,0,0
2026-07-29 06:53:01,Detection,0,0
2026-07-29 06:53:02,Detection,0,0
2026-07-29 06:53:03,Detection,0,0
2026-07-29 06:53:04,Detection,0,0
2026-07-29 06:53:05,Detection,0,0
2026-07-29 06:53:06,Detection,0,0
2026-07-29 06:53:07,Detection,0,0
2026-07-29 06:53:08,Detection,0,0
2026-07-29 06:53:09,Detection,0,0
2026-07-29 06:53:10,Detection,0,0
2026-07-29 06:53:11,Detection,0,0
2026-07-29 06:53:12,Detection,0,0
2026-07-29 06:53:13,Detection,0,0
2026-07-29 06:53:14,Detection,0,0
2026-07-29 06:53:15,Detection,0,0
2026-07-29 06:53:16,Detection,0,0
2026-07-29 06:53:17,Detection,0,0
2026-07-29 06:53:18,Detection,0,0
2026-07-29 06:53:19,Detection,0,0
2026-07-29 06:53:20,Detection,0,0
2026-07-29 06:53:21,Detection,0,0
2026-07-29 06:53:22,Detection,0,0
2026-07-29 06:53:23,Detection,0,0
2026-07-29 06:53:24,Detection,0,0
2026-07-29 06:53:25,Detection,0,0
2026-07-29 06:53:26,Detection,0,0
2026-07-29 06:53:27,Detection,0,0
2026-07-29 06:53:28,Detection,0,0
2026-07-29 06:53:29,Detection,0,0
2026-07-29 06:53:30,Detection,0,0
2026-07-29 06:53:31,Detection,0,0
2026-07-29 06:53:32,Detection,0,0
2026-07-29 06:53:33,Detection,0,0
2026-07-29 06:53:34,Detection,0,0
2026-07-29 06:53:35,Detection,0,0
2026-07-29 06:53:36,Detection,0,0
2026-07-29 06:53:37,Detection,0,0
2026-07-29 06:53:38,Detection,0,0
2026-07-29 06:53:39,Detection,0,0
2026-07-29 06:53:40,Detection,0,0
2026-07-29 06:53:41,Detection,0,0
2026-07-29 06:53:42,Detection,0,0
2026-07-29 06:53:43,Detection,0,0
2026-07-29 06:53:44,Detection,0,0
2026-07-29 06:53:45,Detection,0,0
2026-07-29 06:53:46,Detection,0,0
2026-07-29 06:53:47,Detection,0,0
2026-07-29 06:53:48,Detection,0,0
2026-07-29 06:53:49,Detection,0,0
2026-07-29 06:53:50,Detection,0,0
2026-07-29 06:53:51,Detection,0,0
2026-07-29 06:53:52,Detection,0,0
2026-07-29 06:53:53,Detection,0,0
2026-07-29 06:53:54,Detection,0,0
2026-07-29 06:53:55,Detection,0,0
2026-07-29 06:53:56,Detection,0,0
2026-07-29 06:53:57,Detection,0,0
2026-07-29 06:53:58,Detection,0,0
2026-07-29 06:53:59,Detection,0,0
2026-07-29 06:54:00,Detection,0,0
2026-07-29 06:54:01,Detection,0,0
2026-07-29 06:54:02,Detection,0,0
2026-07-29 06:54:03,Detection,0,0
2026-07-29 06:54:04,Detection,0,0
2026-07-29 06:54:05,Detection,0,0
2026-07-29 06:54:06,Detection,0,0
2026-07-29 06:54:07,Detection,0,0
2026-07-29 06:54:08,Detection,0,0
2026-07-29 06:54:10,Detection,0,0
2026-07-29 06:54:11,Detection,0,0
2026-07-29 06:54:12,Detection,0,0
2026-07-29 06:54:13,Detection,0,0
2026-07-29 06:54:14,Detection,0,0
2026-07-29 06:54:15,Detection,0,0
2026-07-29 06:54:16,Detection,0,0
2026-07-29 06:54:17,Detection,0,0
2026-07-29 06:54:18,Detection,0,0
2026-07-29 06:54:19,Detection,0,0
2026-07-29 06:54:20,Detection,0,0
2026-07-29 06:54:21,Detection,0,0
2026-07-29 06:54:22,Detection,0,0
2026-07-29 06:54:23,Detection,0,0
2026-07-29 06:54:24,Detection,0,0
2026-07-29 06:54:25,Detection,0,0
2026-07-29 06:54:26,Detection,0,0
2026-07-29 06:54:27,Detection,0,0
2026-07-29 06:54:28,Detection,0,0
2026-07-29 06:54:29,Detection,0,0
2026-07-29 06:54:30,Detection,0,0
2026-07-29 06:54:31,Detection,0,0
2026-07-29 06:54:32,Detection,0,0
2026-07-29 06:54:33,Detection,0,0
2026-07-29 06:54:34,Detection,0,0
2026-07-29 06:54:35,Detection,0,0
2026-07-29 06:54:36,Detection,0,0
2026-07-29 06:54:37,Detection,0,0
2026-07-29 06:54:38,Detection,0,0
2026-07-29 06:54:39,Detection,0,0
2026-07-29 06:54:40,Detection,0,0
2026-07-29 06:54:41,Detection,0,0
2026-07-29 06:54:42,Detection,0,0
2026-07-29 06:54:43,Detection,0,0
2026-07-29 06:54:44,Detection,0,0
2026-07-29 06:54:45,Detection,0,0
2026-07-29 06:54:46,Detection,0,0
2026-07-29 06:54:47,Detection,0,0
2026-07-29 06:54:48,Detection,0,0
2026-07-29 06:54:49,Detection,0,0
2026-07-29 06:54:50,Detection,0,0
2026-07-29 06:54:51,Detection,0,0
2026-07-29 06:54:52,Detection,0,0
2026-07-29 06:54:53,Detection,0,0
2026-07-29 06:54:54,Detection,0,0
2026-07-29 06:54:55,Detection,0,0
2026-07-29 06:54:56,Detection,0,0
2026-07-29 06:54:57,Detection,0,0
2026-07-29 06:54:58,Detection,0,0
2026-07-29 06:54:59,Detection,0,0
2026-07-29 06:55:00,Detection,0,0
2026-07-29 06:55:01,Detection,0,0
2026-07-29 06:55:02,Detection,0,0
2026-07-29 06:55:03,Detection,0,0
2026-07-29 06:55:04,Detection,0,0
2026-07-29 06:55:05,Detection,0,0
2026-07-29 06:55:06,Detection,0,0
2026-07-29 06:55:07,Detection,0,0
2026-07-29 06:55:08,Detection,0,0
2026-07-29 06:55:09,Detection,0,0
2026-07-29 06:55:10,Detection,0,0
2026-07-29 06:55:11,Detection,0,0
2026-07-29 06:55:12,Detection,0,0
2026-07-29 06:55:13,Detection,0,0
2026-07-29 06:55:14,Detection,0,0
2026-07-29 06:55:15,Detection,0,0
2026-07-29 06:55:16,Detection,0,0
2026-07-29 06:55:17,Detection,0,0
2026-07-29 06:55:18,Detection,0,0
2026-07-29 06:55:19,Detection,0,0
2026-07-29 06:55:20,Detection,0,0
2026-07-29 06:55:21,Detection,0,0
2026-07-29 06:55:22,Detection,0,0
2026-07-29 06:55:23,Detection,0,0
2026-07-29 06:55:24,Detection,0,0
2026-07-29 06:55:25,Detection,0,0
2026-07-29 06:55:26,Detection,0,0
2026-07-29 06:55:27,Detection,0,0
2026-07-29 06:55:28,Detection,0,0
2026-07-29 06:55:30,Detection,0,0
2026-07-29 06:55:31,Detection,0,0
2026-07-29 06:55:32,Detection,0,0
2026-07-29 06:55:33,Detection,0,0
2026-07-29 06:55:34,Detection,0,0
2026-07-29 06:55:35,Detection,0,0
2026-07-29 06:55:36,Detection,0,0
2026-07-29 06:55:37,Detection,0,0
2026-07-29 06:55:38,Detection,0,0
2026-07-29 06:55:39,Detection,0,0
2026-07-29 06:55:40,Detection,0,0
2026-07-29 06:55:41,Detection,0,0
2026-07-29 06:55:42,Detection,0,0
2026-07-29 06:55:43,Detection,0,0
2026-07-29 06:55:44,Detection,0,0
2026-07-29 06:55:45,Detection,0,0
2026-07-29 06:55:46,Detection,0,0
2026-07-29 06:55:47,Detection,0,0
2026-07-29 06:55:48,Detection,0,0
2026-07-29 06:55:49,Detection,0,0
2026-07-29 06:55:50,Detection,0,0
2026-07-29 06:55:51,Detection,0,0
2026-07-29 06:55:52,Detection,0,0
2026-07-29 06:55:53,Detection,0,0
2026-07-29 06:55:54,Detection,0,0
2026-07-29 06:55:55,Detection,0,0
2026-07-29 06:55:56,Detection,0,0
2026-07-29 06:55:57,Detection,0,0
2026-07-29 06:55:58,Detection,0,0
2026-07-29 06:55:59,Detection,0,0
2026-07-29 06:56:00,Detection,0,0
2026-07-29 06:56:01,Detection,0,0
2026-07-29 06:56:02,Detection,0,0
2026-07-29 06:56:03,Detection,0,0
2026-07-29 06:56:04,Detection,0,0
2026-07-29 06:56:05,Detection,0,0
2026-07-29 06:56:06,Detection,0,0
2026-07-29 06:56:07,Detection,0,0
2026-07-29 06:56:08,Detection,0,0
2026-07-29 06:56:09,Detection,0,0
2026-07-29 06:56:10,Detection,0,0
2026-07-29 06:56:11,Detection,0,0
2026-07-29 06:56:12,Detection,0,0
2026-07-29 06:56:13,Detection,0,0
2026-07-29 06:56:14,Detection,0,0
2026-07-29 06:56:15,Detection,0,0
2026-07-29 06:56:16,Detection,0,0
2026-07-29 06:56:17,Detection,0,0
2026-07-29 06:56:18,Detection,0,0
2026-07-29 06:56:19,Detection,0,0
2026-07-29 06:56:20,Detection,0,0
2026-07-29 06:56:21,Detection,0,0
2026-07-29 06:56:22,Detection,0,0
2026-07-29 06:56:23,Detection,0,0
2026-07-29 06:56:24,Detection,0,0
2026-07-29 06:56:25,Detection,0,0
2026-07-29 06:56:26,Detection,0,0
2026-07-29 06:56:27,Detection,0,0
2026-07-29 06:56:28,Detection,0,0
2026-07-29 06:56:29,Detection,0,0
2026-07-29 06:56:30,Detection,0,0
2026-07-29 06:56:31,Detection,0,0
2026-07-29 06:56:32,Detection,0,0
2026-07-29 06:56:33,Detection,0,0
2026-07-29 06:56:34,Detection,0,0
2026-07-29 06:56:35,Detection,0,0
2026-07-29 06:56:36,Detection,0,0
2026-07-29 06:56:37,Detection,0,0
2026-07-29 06:56:38,Detection,0,0
2026-07-29 06:56:39,Detection,0,0
2026-07-29 06:56:40,Detection,0,0
2026-07-29 06:56:41,Detection,0,0
2026-07-29 06:56:42,Detection,0,0
2026-07-29 06:56:43,Detection,0,0
2026-07-29 06:56:44,Detection,0,0
2026-07-29 06:56:45,Detection,0,0
2026-07-29 06:56:47,Detection,0,0
2026-07-29 06:56:48,Detection,0,0
2026-07-29 06:56:49,Detection,0,0
2026-07-29 06:56:50,Detection,0,0
2026-07-29 06:56:51,Detection,0,0
2026-07-29 06:56:52,Detection,0,0
2026-07-29 06:56:53,Detection,0,0
2026-07-29 06:56:54,Detection,0,0
2026-07-29 06:56:55,Detection,0,0
2026-07-29 06:56:56,Detection,0,0
2026-07-29 06:56:57,Detection,0,0
2026-07-29 06:56:58,Detection,0,0
2026-07-29 06:56:59,Detection,0,0
2026-07-29 06:57:00,Detection,0,0
2026-07-29 06:57:01,Detection,0,0
2026-07-29 06:57:02,Detection,0,0
2026-07-29 06:57:03,Detection,0,0
2026-07-29 06:57:04,Detection,0,0
2026-07-29 06:57:05,Detection,0,0
2026-07-29 06:57:06,Detection,0,0
2026-07-29 06:57:07,Detection,0,0
2026-07-29 06:57:08,Detection,0,0
2026-07-29 06:57:09,Detection,0,0
2026-07-29 06:57:10,Detection,0,0
2026-07-29 06:57:11,Detection,0,0
2026-07-29 06:57:12,Detection,0,0
2026-07-29 06:57:13,Detection,0,0
2026-07-29 06:57:14,Detection,0,0
2026-07-29 06:57:15,Detection,0,0
2026-07-29 06:57:16,Detection,0,0
2026-07-29 06:57:17,Detection,0,0
2026-07-29 06:57:18,Detection,0,0
2026-07-29 06:57:19,Detection,0,0
2026-07-29 06:57:20,Detection,0,0
2026-07-29 06:57:21,Detection,0,0
2026-07-29 06:57:22,Detection,0,0
2026-07-29 06:57:23,Detection,0,0
2026-07-29 06:57:24,Detection,0,0
2026-07-29 06:57:25,Detection,0,0
2026-07-29 06:57:26,Detection,0,0
2026-07-29 06:57:27,Detection,0,0
2026-07-29 06:57:28,Detection,0,0
2026-07-29 06:57:29,Detection,0,0
2026-07-29 06:57:30,Detection,0,0
2026-07-29 06:57:31,Detection,0,0
2026-07-29 06:57:32,Detection,0,0
2026-07-29 06:57:33,Detection,0,0
2026-07-29 06:57:34,Detection,0,0
2026-07-29 06:57:35,Detection,0,0
2026-07-29 06:57:36,Detection,0,0
2026-07-29 06:57:37,Detection,0,0
2026-07-29 06:57:38,Detection,0,0
2026-07-29 06:57:39,Detection,0,0
2026-07-29 06:57:40,Detection,0,0
2026-07-29 06:57:41,Detection,0,0
2026-07-29 06:57:42,Detection,0,0
2026-07-29 06:57:43,Detection,0,0
2026-07-29 06:57:44,Detection,0,0
2026-07-29 06:57:45,Detection,0,0
2026-07-29 06:57:46,Detection,0,0
2026-07-29 06:57:47,Detection,0,0
2026-07-29 06:57:48,Detection,0,0
2026-07-29 06:57:49,Detection,0,0
2026-07-29 06:57:50,Detection,0,0
2026-07-29 06:57:51,Detection,0,0
2026-07-29 06:57:52,Detection,0,0
2026-07-29 06:57:53,Detection,0,0
2026-07-29 06:57:54,Detection,0,0
2026-07-29 06:57:55,Detection,0,0
2026-07-29 06:57:56,Detection,0,0
2026-07-29 06:57:57,Detection,0,0
2026-07-29 06:57:58,Detection,0,0
2026-07-29 06:57:59,Detection,0,0
2026-07-29 06:58:00,Detection,0,0
2026-07-29 06:58:01,Detection,0,0
2026-07-29 06:58:02,Detection,0,0
2026-07-29 06:58:04,Detection,0,0
2026-07-29 06:58:05,Detection,0,0
2026-07-29 06:58:06,Detection,0,0
2026-07-29 06:58:07,Detection,0,0
2026-07-29 06:58:08,Detection,0,0
2026-07-29 06:58:09,Detection,0,0
2026-07-29 06:58:10,Detection,0,0
2026-07-29 06:58:11,Detection,0,0
2026-07-29 06:58:12,Detection,0,0
2026-07-29 06:58:13,Detection,0,0
2026-07-29 06:58:14,Detection,0,0
2026-07-29 06:58:15,Detection,0,0
2026-07-29 06:58:16,Detection,0,0
2026-07-29 06:58:17,Detection,0,0
2026-07-29 06:58:18,Detection,0,0
2026-07-29 06:58:19,Detection,0,0
2026-07-29 06:58:20,Detection,0,0
2026-07-29 06:58:21,Detection,0,0
2026-07-29 06:58:22,Detection,0,0
2026-07-29 06:58:23,Detection,0,0
2026-07-29 06:58:24,Detection,0,0
2026-07-29 06:58:25,Detection,0,0
2026-07-29 06:58:26,Detection,0,0
2026-07-29 06:58:27,Detection,0,0
2026-07-29 06:58:28,Detection,0,0
2026-07-29 06:58:29,Detection,0,0
2026-07-29 06:58:30,Detection,0,0
2026-07-29 06:58:31,Detection,0,0
2026-07-29 06:58:32,Detection,0,0
2026-07-29 06:58:33,Detection,0,0
2026-07-29 06:58:34,Detection,0,0
2026-07-29 06:58:35,Detection,0,0
2026-07-29 06:58:36,Detection,0,0
2026-07-29 06:58:37,Detection,0,0
2026-07-29 06:58:38,Detection,0,0
2026-07-29 06:58:39,Detection,0,0
2026-07-29 06:58:40,Detection,0,0
2026-07-29 06:58:41,Detection,0,0
2026-07-29 06:58:42,Detection,0,0
2026-07-29 06:58:43,Detection,0,0
2026-07-29 06:58:44,Detection,0,0
2026-07-29 06:58:45,Detection,0,0
2026-07-29 06:58:46,Detection,0,0
2026-07-29 06:58:47,Detection,0,0
2026-07-29 06:58:48,Detection,0,0
2026-07-29 06:58:49,Detection,0,0
2026-07-29 06:58:50,Detection,0,0
2026-07-29 06:58:51,Detection,0,0
2026-07-29 06:58:52,Detection,0,0
2026-07-29 06:58:53,Detection,0,0
2026-07-29 06:58:54,Detection,0,0
2026-07-29 06:58:55,Detection,0,0
2026-07-29 06:58:56,Detection,0,0
2026-07-29 06:58:57,Detection,0,0
2026-07-29 06:58:58,Detection,0,0
2026-07-29 06:58:59,Detection,0,0
2026-07-29 06:59:00,Detection,0,0
2026-07-29 06:59:01,Detection,0,0
2026-07-29 06:59:02,Detection,0,0
2026-07-29 06:59:03,Detection,0,0
2026-07-29 06:59:04,Detection,0,0
2026-07-29 06:59:05,Detection,0,0
2026-07-29 06:59:06,Detection,0,0
2026-07-29 06:59:07,Detection,0,0
2026-07-29 06:59:08,Detection,0,0
2026-07-29 06:59:09,Detection,0,0
2026-07-29 06:59:10,Detection,0,0
2026-07-29 06:59:11,Detection,0,0
2026-07-29 06:59:12,Detection,0,0
2026-07-29 06:59:13,Detection,0,0
2026-07-29 06:59:14,Detection,0,0
2026-07-29 06:59:15,Detection,0,0
2026-07-29 06:59:16,Detection,0,0
2026-07-29 06:59:17,Detection,0,0
2026-07-29 06:59:18,Detection,0,0
2026-07-29 06:59:19,Detection,0,0
2026-07-29 06:59:20,Detection,0,0
2026-07-29 06:59:21,Detection,0,0
2026-07-29 06:59:23,Detection,0,0
2026-07-29 06:59:24,Detection,0,0
2026-07-29 06:59:25,Detection,0,0
2026-07-29 06:59:26,Detection,0,0
2026-07-29 06:59:27,Detection,0,0
2026-07-29 06:59:28,Detection,0,0
2026-07-29 06:59:29,Detection,0,0
2026-07-29 06:59:30,Detection,0,0
2026-07-29 06:59:31,Detection,0,0
2026-07-29 06:59:32,Detection,0,0
2026-07-29 06:59:33,Detection,0,0
2026-07-29 06:59:34,Detection,0,0
2026-07-29 06:59:35,Detection,0,0
2026-07-29 06:59:36,Detection,0,0
2026-07-29 06:59:37,Detection,0,0
2026-07-29 06:59:38,Detection,0,0
2026-07-29 06:59:39,Detection,0,0
2026-07-29 06:59:40,Detection,0,0
2026-07-29 06:59:41,Detection,0,0
2026-07-29 06:59:42,Detection,0,0
2026-07-29 06:59:43,Detection,0,0
2026-07-29 06:59:44,Detection,0,0
2026-07-29 06:59:45,Detection,0,0
2026-07-29 06:59:46,Detection,0,0
2026-07-29 06:59:47,Detection,0,0
2026-07-29 06:59:48,Detection,0,0
2026-07-29 06:59:49,Detection,0,0
2026-07-29 06:59:50,Detection,0,0
2026-07-29 06:59:51,Detection,0,0
2026-07-29 06:59:52,Detection,0,0
2026-07-29 06:59:53,Detection,0,0
2026-07-29 06:59:54,Detection,0,0
2026-07-29 06:59:55,Detection,0,0
2026-07-29 06:59:56,Detection,0,0
2026-07-29 06:59:57,Detection,0,0
2026-07-29 06:59:58,Detection,0,0
2026-07-29 06:59:59,Detection,0,0
2026-07-29 07:00:00,Detection,0,0
2026-07-29 07:00:01,Detection,0,0
2026-07-29 07:00:02,Detection,0,0
2026-07-29 07:00:03,Detection,0,0
2026-07-29 07:00:04,Detection,0,0
2026-07-29 07:00:05,Detection,0,0
2026-07-29 07:00:06,Detection,0,0
2026-07-29 07:00:07,Detection,0,0
2026-07-29 07:00:08,Detection,0,0
2026-07-29 07:00:09,Detection,0,0
2026-07-29 07:00:10,Detection,0,0
2026-07-29 07:00:11,Detection,0,0
2026-07-29 07:00:12,Detection,0,0
2026-07-29 07:00:13,Detection,0,0
2026-07-29 07:00:14,Detection,0,0
2026-07-29 07:00:15,Detection,0,0
2026-07-29 07:00:16,Detection,0,0
2026-07-29 07:00:17,Detection,0,0
2026-07-29 07:00:18,Detection,0,0
2026-07-29 07:00:19,Detection,0,0
2026-07-29 07:00:20,Detection,0,0
2026-07-29 07:00:21,Detection,0,0
2026-07-29 07:00:22,Detection,0,0
2026-07-29 07:00:23,Detection,0,0
2026-07-29 07:00:24,Detection,0,0
2026-07-29 07:00:25,Detection,0,0
2026-07-29 07:00:26,Detection,0,0
2026-07-29 07:00:27,Detection,0,0
2026-07-29 07:00:28,Detection,0,0
2026-07-29 07:00:29,Detection,0,0
2026-07-29 07:00:30,Detection,0,0
2026-07-29 07:00:31,Detection,0,0
2026-07-29 07:00:33,Detection,0,0
2026-07-29 07:00:34,Detection,0,0
2026-07-29 07:00:35,Detection,0,0
2026-07-29 07:00:36,Detection,0,0
2026-07-29 07:00:37,Detection,0,0
2026-07-29 07:00:38,Detection,0,0
2026-07-29 07:00:39,Detection,0,0
2026-07-29 07:00:40,Detection,0,0
2026-07-29 07:00:41,Detection,0,0
2026-07-29 07:00:42,Detection,0,0
2026-07-29 07:00:43,Detection,0,0
2026-07-29 07:00:44,Detection,0,0
2026-07-29 07:00:45,Detection,0,0
2026-07-29 07:00:46,Detection,0,0
2026-07-29 07:00:47,Detection,0,0
2026-07-29 07:00:48,Detection,0,0
2026-07-29 07:00:49,Detection,0,0
2026-07-29 07:00:50,Detection,0,0
2026-07-29 07:00:51,Detection,0,0
2026-07-29 07:00:52,Detection,0,0
2026-07-29 07:00:53,Detection,0,0
2026-07-29 07:00:54,Detection,0,0
2026-07-29 07:00:55,Detection,0,0
2026-07-29 07:00:56,Detection,0,0
2026-07-29 07:00:57,Detection,0,0
2026-07-29 07:00:58,Detection,0,0
2026-07-29 07:00:59,Detection,0,0
2026-07-29 07:01:00,Detection,0,0
2026-07-29 07:01:01,Detection,0,0
2026-07-29 07:01:02,Detection,0,0
2026-07-29 07:01:03,Detection,0,0
2026-07-29 07:01:04,Detection,0,0
2026-07-29 07:01:05,Detection,0,0
2026-07-29 07:01:06,Detection,0,0
2026-07-29 07:01:07,Detection,0,0
2026-07-29 07:01:08,Detection,0,0
2026-07-29 07:01:09,Detection,0,0
2026-07-29 07:01:10,Detection,0,0
2026-07-29 07:01:11,Detection,0,0
2026-07-29 07:01:12,Detection,0,0
2026-07-29 07:01:13,Detection,0,0
2026-07-29 07:01:14,Detection,0,0
2026-07-29 07:01:15,Detection,0,0
2026-07-29 07:01:16,Detection,0,0
2026-07-29 07:01:17,Detection,0,0
2026-07-29 07:01:18,Detection,0,0
2026-07-29 07:01:19,Detection,0,0
2026-07-29 07:01:20,Detection,0,0
2026-07-29 07:01:21,Detection,0,0
2026-07-29 07:01:22,Detection,0,0
2026-07-29 07:01:23,Detection,0,0
2026-07-29 07:01:24,Detection,0,0
2026-07-29 07:01:25,Detection,0,0
2026-07-29 07:01:26,Detection,0,0
2026-07-29 07:01:27,Detection,0,0
2026-07-29 07:01:28,Detection,0,0
2026-07-29 07:01:29,Detection,0,0
2026-07-29 07:01:30,Detection,0,0
2026-07-29 07:01:31,Detection,0,0
2026-07-29 07:01:32,Detection,0,0
2026-07-29 07:01:33,Detection,0,0
2026-07-29 07:01:34,Detection,0,0
2026-07-29 07:01:35,Detection,0,0
2026-07-29 07:01:36,Detection,0,0
2026-07-29 07:01:37,Detection,0,0
2026-07-29 07:01:38,Detection,0,0
2026-07-29 07:01:39,Detection,0,0
2026-07-29 07:01:40,Detection,0,0
2026-07-29 07:01:41,Detection,0,0
2026-07-29 07:01:42,Detection,0,0
2026-07-29 07:01:43,Detection,0,0
2026-07-29 07:01:44,Detection,0,0
2026-07-29 07:01:46,Detection,0,0
2026-07-29 07:01:47,Detection,0,0
2026-07-29 07:01:48,Detection,0,0
2026-07-29 07:01:49,Detection,0,0
2026-07-29 07:01:50,Detection,0,0
2026-07-29 07:01:51,Detection,0,0
2026-07-29 07:01:52,Detection,0,0
2026-07-29 07:01:53,Detection,0,0
2026-07-29 07:01:54,Detection,0,0
2026-07-29 07:01:55,Detection,0,0
2026-07-29 07:01:56,Detection,0,0
2026-07-29 07:01:57,Detection,0,0
2026-07-29 07:01:58,Detection,0,0
2026-07-29 07:01:59,Detection,0,0
2026-07-29 07:02:00,Detection,0,0
2026-07-29 07:02:01,Detection,0,0
2026-07-29 07:02:02,Detection,0,0
2026-07-29 07:02:03,Detection,0,0
2026-07-29 07:02:04,Detection,0,0
2026-07-29 07:02:05,Detection,0,0
2026-07-29 07:02:06,Detection,0,0
2026-07-29 07:02:07,Detection,0,0
2026-07-29 07:02:08,Detection,0,0
2026-07-29 07:02:09,Detection,0,0
2026-07-29 07:02:10,Detection,0,0
2026-07-29 07:02:11,Detection,0,0
2026-07-29 07:02:12,Detection,0,0
2026-07-29 07:02:13,Detection,0,0
2026-07-29 07:02:14,Detection,0,0
2026-07-29 07:02:15,Detection,0,0
2026-07-29 07:02:16,Detection,0,0
2026-07-29 07:02:17,Detection,0,0
2026-07-29 07:02:18,Detection,0,0
2026-07-29 07:02:19,Detection,0,0
2026-07-29 07:02:20,Detection,0,0
2026-07-29 07:02:21,Detection,0,0
2026-07-29 07:02:22,Detection,0,0
2026-07-29 07:02:23,Detection,0,0
2026-07-29 07:02:24,Detection,0,0
2026-07-29 07:02:25,Detection,0,0
2026-07-29 07:02:26,Detection,0,0
2026-07-29 07:02:27,Detection,0,0
2026-07-29 07:02:28,Detection,0,0
2026-07-29 07:02:29,Detection,0,0
2026-07-29 07:02:30,Detection,0,0
2026-07-29 07:02:31,Detection,0,0
2026-07-29 07:02:32,Detection,0,0
2026-07-29 07:02:33,Detection,0,0
2026-07-29 07:02:34,Detection,0,0
2026-07-29 07:02:35,Detection,0,0
2026-07-29 07:02:36,Detection,0,0
2026-07-29 07:02:37,Detection,0,0
2026-07-29 07:02:38,Detection,0,0
2026-07-29 07:02:39,Detection,0,0
2026-07-29 07:02:40,Detection,0,0
2026-07-29 07:02:41,Detection,0,0
2026-07-29 07:02:42,Detection,0,0
2026-07-29 07:02:43,Detection,0,0
2026-07-29 07:02:44,Detection,0,0
2026-07-29 07:02:45,Detection,0,0
2026-07-29 07:02:46,Detection,0,0
2026-07-29 07:02:47,Detection,0,0
2026-07-29 07:02:48,Detection,0,0
2026-07-29 07:02:49,Detection,0,0
2026-07-29 07:02:50,Detection,0,0
2026-07-29 07:02:51,Detection,0,0
2026-07-29 07:02:52,Detection,0,0
2026-07-29 07:02:53,Detection,0,0
2026-07-29 07:02:54,Detection,0,0
2026-07-29 07:02:55,Detection,0,0
2026-07-29 07:02:56,Detection,0,0
2026-07-29 07:02:57,Detection,0,0
2026-07-29 07:02:58,Detection,0,0
2026-07-29 07:02:59,Detection,0,0
2026-07-29 07:03:01,Detection,0,0
2026-07-29 07:03:02,Detection,0,0
2026-07-29 07:03:03,Detection,0,0
2026-07-29 07:03:04,Detection,0,0
2026-07-29 07:03:05,Detection,0,0
2026-07-29 07:03:06,Detection,0,0
2026-07-29 07:03:07,Detection,0,0
2026-07-29 07:03:08,Detection,0,0
2026-07-29 07:03:09,Detection,0,0
2026-07-29 07:03:10,Detection,0,0
2026-07-29 07:03:11,Detection,0,0
2026-07-29 07:03:12,Detection,0,0
2026-07-29 07:03:13,Detection,0,0
2026-07-29 07:03:14,Detection,0,0
2026-07-29 07:03:15,Detection,0,0
2026-07-29 07:03:16,Detection,0,0
2026-07-29 07:03:17,Detection,0,0
2026-07-29 07:03:18,Detection,0,0
2026-07-29 07:03:19,Detection,0,0
2026-07-29 07:03:20,Detection,0,0
2026-07-29 07:03:21,Detection,0,0
2026-07-29 07:03:22,Detection,0,0
2026-07-29 07:03:23,Detection,0,0
2026-07-29 07:03:24,Detection,0,0
2026-07-29 07:03:25,Detection,0,0
2026-07-29 07:03:26,Detection,0,0
2026-07-29 07:03:27,Detection,0,0
2026-07-29 07:03:28,Detection,0,0
2026-07-29 07:03:29,Detection,0,0
2026-07-29 07:03:30,Detection,0,0
2026-07-29 07:03:31,Detection,0,0
2026-07-29 07:03:32,Detection,0,0
2026-07-29 07:03:33,Detection,0,0
2026-07-29 07:03:34,Detection,0,0
2026-07-29 07:03:35,Detection,0,0
2026-07-29 07:03:36,Detection,0,0
2026-07-29 07:03:37,Detection,0,0
2026-07-29 07:03:38,Detection,0,0
2026-07-29 07:03:39,Detection,0,0
2026-07-29 07:03:40,Detection,0,0
2026-07-29 07:03:41,Detection,0,0
2026-07-29 07:03:42,Detection,0,0
2026-07-29 07:03:43,Detection,0,0
2026-07-29 07:03:44,Detection,0,0
2026-07-29 07:03:45,Detection,0,0
2026-07-29 07:03:46,Detection,0,0
2026-07-29 07:03:47,Detection,0,0
2026-07-29 07:03:48,Detection,0,0
2026-07-29 07:03:49,Detection,0,0
2026-07-29 07:03:50,Detection,0,0
2026-07-29 07:03:51,Detection,0,0
2026-07-29 07:03:52,Detection,0,0
2026-07-29 07:03:53,Detection,0,0
2026-07-29 07:03:54,Detection,0,0
2026-07-29 07:03:55,Detection,0,0
2026-07-29 07:03:56,Detection,0,0
2026-07-29 07:03:57,Detection,0,0
2026-07-29 07:03:58,Detection,0,0
2026-07-29 07:03:59,Detection,0,0
2026-07-29 07:04:00,Detection,0,0
2026-07-29 07:04:01,Detection,0,0
2026-07-29 07:04:02,Detection,0,0
2026-07-29 07:04:03,Detection,0,0
2026-07-29 07:04:04,Detection,0,0
2026-07-29 07:04:05,Detection,0,0
2026-07-29 07:04:06,Detection,0,0
2026-07-29 07:04:07,Detection,0,0
2026-07-29 07:04:08,Detection,0,0
2026-07-29 07:04:09,Detection,0,0
2026-07-29 07:04:10,Detection,0,0
2026-07-29 07:04:11,Detection,0,0
2026-07-29 07:04:13,Detection,0,0
2026-07-29 07:04:14,Detection,0,0
2026-07-29 07:04:15,Detection,0,0
2026-07-29 07:04:16,Detection,0,0
2026-07-29 07:04:17,Detection,0,0
2026-07-29 07:04:18,Detection,0,0
2026-07-29 07:04:19,Detection,0,0
2026-07-29 07:04:20,Detection,0,0
2026-07-29 07:04:21,Detection,0,0
2026-07-29 07:04:22,Detection,0,0
2026-07-29 07:04:23,Detection,0,0
2026-07-29 07:04:24,Detection,0,0
2026-07-29 07:04:25,Detection,0,0
2026-07-29 07:04:26,Detection,0,0
2026-07-29 07:04:27,Detection,0,0
2026-07-29 07:04:28,Detection,0,0
2026-07-29 07:04:29,Detection,0,0
2026-07-29 07:04:30,Detection,0,0
2026-07-29 07:04:31,Detection,0,0
2026-07-29 07:04:32,Detection,0,0
2026-07-29 07:04:33,Detection,0,0
2026-07-29 07:04:34,Detection,0,0
2026-07-29 07:04:35,Detection,0,0
2026-07-29 07:04:36,Detection,0,0
2026-07-29 07:04:37,Detection,0,0
2026-07-29 07:04:38,Detection,0,0
2026-07-29 07:04:39,Detection,0,0
2026-07-29 07:04:40,Detection,0,0
2026-07-29 07:04:41,Detection,0,0
2026-07-29 07:04:42,Detection,0,0
2026-07-29 07:04:43,Detection,0,0
2026-07-29 07:04:44,Detection,0,0
2026-07-29 07:04:45,Detection,0,0
2026-07-29 07:04:46,Detection,0,0
2026-07-29 07:04:47,Detection,0,0
2026-07-29 07:04:48,Detection,0,0
2026-07-29 07:04:49,Detection,0,0
2026-07-29 07:04:50,Detection,0,0
2026-07-29 07:04:51,Detection,0,0
2026-07-29 07:04:52,Detection,0,0
2026-07-29 07:04:53,Detection,0,0
2026-07-29 07:04:54,Detection,0,0
2026-07-29 07:04:55,Detection,0,0
2026-07-29 07:04:56,Detection,0,0
2026-07-29 07:04:57,Detection,0,0
2026-07-29 07:04:58,Detection,0,0
2026-07-29 07:04:59,Detection,0,0
2026-07-29 07:05:00,Detection,0,0
2026-07-29 07:05:01,Detection,0,0
2026-07-29 07:05:02,Detection,0,0
2026-07-29 07:05:03,Detection,0,0
2026-07-29 07:05:04,Detection,0,0
2026-07-29 07:05:05,Detection,0,0
2026-07-29 07:05:06,Detection,0,0
2026-07-29 07:05:07,Detection,0,0
2026-07-29 07:05:08,Detection,0,0
2026-07-29 07:05:09,Detection,0,0
2026-07-29 07:05:10,Detection,0,0
2026-07-29 07:05:11,Detection,0,0
2026-07-29 07:05:12,Detection,0,0
2026-07-29 07:05:13,Detection,0,0
2026-07-29 07:05:14,Detection,0,0
2026-07-29 07:05:15,Detection,0,0
2026-07-29 07:05:16,Detection,0,0
2026-07-29 07:05:17,Detection,0,0
2026-07-29 07:05:18,Detection,0,0
2026-07-29 07:05:20,Detection,0,0
2026-07-29 07:05:21,Detection,0,0
2026-07-29 07:05:22,Detection,0,0
2026-07-29 07:05:23,Detection,0,0
2026-07-29 07:05:24,Detection,0,0
2026-07-29 07:05:25,Detection,0,0
2026-07-29 07:05:26,Detection,0,0
2026-07-29 07:05:27,Detection,0,0
2026-07-29 07:05:28,Detection,0,0
2026-07-29 07:05:29,Detection,0,0
2026-07-29 07:05:30,Detection,0,0
2026-07-29 07:05:31,Detection,0,0
2026-07-29 07:05:32,Detection,0,0
2026-07-29 07:05:33,Detection,0,0
2026-07-29 07:05:34,Detection,0,0
2026-07-29 07:05:35,Detection,0,0
2026-07-29 07:05:36,Detection,0,0
2026-07-29 07:05:37,Detection,0,0
2026-07-29 07:05:38,Detection,0,0
2026-07-29 07:05:39,Detection,0,0
2026-07-29 07:05:40,Detection,0,0
2026-07-29 07:05:41,Detection,0,0
2026-07-29 07:05:42,Detection,0,0
2026-07-29 07:05:43,Detection,0,0
2026-07-29 07:05:44,Detection,0,0
2026-07-29 07:05:45,Detection,0,0
2026-07-29 07:05:46,Detection,0,0
2026-07-29 07:05:47,Detection,0,0
2026-07-29 07:05:48,Detection,0,0
2026-07-29 07:05:49,Detection,0,0
2026-07-29 07:05:50,Detection,0,0
2026-07-29 07:05:51,Detection,0,0
2026-07-29 07:05:52,Detection,0,0
2026-07-29 07:05:53,Detection,0,0
2026-07-29 07:05:54,Detection,0,0
2026-07-29 07:05:55,Detection,0,0
2026-07-29 07:05:56,Detection,0,0
2026-07-29 07:05:57,Detection,0,0
2026-07-29 07:05:58,Detection,0,0
2026-07-29 07:05:59,Detection,0,0
2026-07-29 07:06:00,Detection,0,0
2026-07-29 07:06:01,Detection,0,0
2026-07-29 07:06:02,Detection,0,0
2026-07-29 07:06:03,Detection,0,0
2026-07-29 07:06:04,Detection,0,0
2026-07-29 07:06:05,Detection,0,0
2026-07-29 07:06:06,Detection,0,0
2026-07-29 07:06:07,Detection,0,0
2026-07-29 07:06:08,Detection,0,0
2026-07-29 07:06:09,Detection,0,0
2026-07-29 07:06:10,Detection,0,0
2026-07-29 07:06:11,Detection,0,0
2026-07-29 07:06:12,Detection,0,0
2026-07-29 07:06:13,Detection,0,0
2026-07-29 07:06:14,Detection,0,0
2026-07-29 07:06:15,Detection,0,0
2026-07-29 07:06:16,Detection,0,0
2026-07-29 07:06:17,Detection,0,0
2026-07-29 07:06:18,Detection,0,0
2026-07-29 07:06:19,Detection,0,0
2026-07-29 07:06:20,Detection,0,0
2026-07-29 07:06:21,Detection,0,0
2026-07-29 07:06:22,Detection,0,0
2026-07-29 07:06:23,Detection,0,0
2026-07-29 07:06:24,Detection,0,0
2026-07-29 07:06:25,Detection,0,0
2026-07-29 07:06:26,Detection,0,0
2026-07-29 07:06:27,Detection,0,0
2026-07-29 07:06:28,Detection,0,0
2026-07-29 07:06:29,Detection,0,0
2026-07-29 07:06:30,Detection,0,0
2026-07-29 07:06:31,Detection,0,0
2026-07-29 07:06:32,Detection,0,0
2026-07-29 07:06:34,Detection,0,0
2026-07-29 07:06:35,Detection,0,0
2026-07-29 07:06:36,Detection,0,0
2026-07-29 07:06:37,Detection,0,0
2026-07-29 07:06:38,Detection,0,0
2026-07-29 07:06:39,Detection,0,0
2026-07-29 07:06:40,Detection,0,0
2026-07-29 07:06:41,Detection,0,0
2026-07-29 07:06:42,Detection,0,0
2026-07-29 07:06:43,Detection,0,0
2026-07-29 07:06:44,Detection,0,0
2026-07-29 07:06:45,Detection,0,0
2026-07-29 07:06:46,Detection,0,0
2026-07-29 07:06:47,Detection,0,0
2026-07-29 07:06:48,Detection,0,0
2026-07-29 07:06:49,Detection,0,0
2026-07-29 07:06:50,Detection,0,0
2026-07-29 07:06:51,Detection,0,0
2026-07-29 07:06:52,Detection,0,0
2026-07-29 07:06:53,Detection,0,0
2026-07-29 07:06:54,Detection,0,0
2026-07-29 07:06:55,Detection,0,0
2026-07-29 07:06:56,Detection,0,0
2026-07-29 07:06:57,Detection,0,0
2026-07-29 07:06:58,Detection,0,0
2026-07-29 07:06:59,Detection,0,0
2026-07-29 07:07:00,Detection,0,0
2026-07-29 07:07:01,Detection,0,0
2026-07-29 07:07:02,Detection,0,0
2026-07-29 07:07:03,Detection,0,0
2026-07-29 07:07:04,Detection,0,0
2026-07-29 07:07:05,Detection,0,0
2026-07-29 07:07:06,Detection,0,0
2026-07-29 07:07:07,Detection,0,0
2026-07-29 07:07:08,Detection,0,0
2026-07-29 07:07:09,Detection,0,0
2026-07-29 07:07:10,Detection,0,0
2026-07-29 07:07:11,Detection,0,0
2026-07-29 07:07:12,Detection,0,0
2026-07-29 07:07:13,Detection,0,0
2026-07-29 07:07:14,Detection,0,0
2026-07-29 07:07:15,Detection,0,0
2026-07-29 07:07:16,Detection,0,0
2026-07-29 07:07:17,Detection,0,0
2026-07-29 07:07:18,Detection,0,0
2026-07-29 07:07:19,Detection,0,0
2026-07-29 07:07:20,Detection,0,0
2026-07-29 07:07:21,Detection,0,0
2026-07-29 07:07:22,Detection,0,0
2026-07-29 07:07:23,Detection,0,0
2026-07-29 07:07:24,Detection,0,0
2026-07-29 07:07:25,Detection,0,0
2026-07-29 07:07:26,Detection,0,0
2026-07-29 07:07:27,Detection,0,0
2026-07-29 07:07:28,Detection,0,0
2026-07-29 07:07:29,Detection,0,0
2026-07-29 07:07:30,Detection,0,0
2026-07-29 07:07:31,Detection,0,0
2026-07-29 07:07:32,Detection,0,0
2026-07-29 07:07:33,Detection,0,0
2026-07-29 07:07:34,Detection,0,0
2026-07-29 07:07:35,Detection,0,0
2026-07-29 07:07:36,Detection,0,0
2026-07-29 07:07:37,Detection,0,0
2026-07-29 07:07:38,Detection,0,0
2026-07-29 07:07:39,Detection,0,0
2026-07-29 07:07:40,Detection,0,0
2026-07-29 07:07:41,Detection,0,0
2026-07-29 07:07:42,Detection,0,0
2026-07-29 07:07:43,Detection,0,0
2026-07-29 07:07:44,Detection,0,0
2026-07-29 07:07:45,Detection,0,0
2026-07-29 07:07:46,Detection,0,0
2026-07-29 07:07:47,Detection,0,0
2026-07-29 07:07:48,Detection,0,0
2026-07-29 07:07:49,Detection,0,0
2026-07-29 07:07:50,Detection,0,0
2026-07-29 07:07:51,Detection,0,0
2026-07-29 07:07:52,Detection,0,0
2026-07-29 07:07:53,Detection,0,0
2026-07-29 07:07:55,Detection,0,0
2026-07-29 07:07:56,Detection,0,0
2026-07-29 07:07:57,Detection,0,0
2026-07-29 07:07:58,Detection,0,0
2026-07-29 07:07:59,Detection,0,0
2026-07-29 07:08:00,Detection,0,0
2026-07-29 07:08:01,Detection,0,0
2026-07-29 07:08:02,Detection,0,0
2026-07-29 07:08:03,Detection,0,0
2026-07-29 07:08:04,Detection,0,0
2026-07-29 07:08:06,Detection,0,0
2026-07-29 07:08:07,Detection,0,0
2026-07-29 07:08:08,Detection,0,0
2026-07-29 07:08:09,Detection,0,0
2026-07-29 07:08:10,Detection,0,0
2026-07-29 07:08:11,Detection,0,0
2026-07-29 07:08:12,Detection,0,0
2026-07-29 07:08:13,Detection,0,0
2026-07-29 07:08:14,Detection,0,0
2026-07-29 07:08:15,Detection,0,0
2026-07-29 07:08:16,Detection,0,0
2026-07-29 07:08:17,Detection,0,0
2026-07-29 07:08:18,Detection,0,0
2026-07-29 07:08:19,Detection,0,0
2026-07-29 07:08:20,Detection,0,0
2026-07-29 07:08:21,Detection,0,0
2026-07-29 07:08:22,Detection,0,0
2026-07-29 07:08:23,Detection,0,0
2026-07-29 07:08:24,Detection,0,0
2026-07-29 07:08:25,Detection,0,0
2026-07-29 07:08:26,Detection,0,0
2026-07-29 07:08:27,Detection,0,0
2026-07-29 07:08:28,Detection,0,0
2026-07-29 07:08:29,Detection,0,0
2026-07-29 07:08:30,Detection,0,0
2026-07-29 07:08:32,Detection,0,0
2026-07-29 07:08:33,Detection,0,0
2026-07-29 07:08:34,Detection,0,0
2026-07-29 07:08:35,Detection,0,0
2026-07-29 07:08:36,Detection,0,0
2026-07-29 07:08:37,Detection,0,0
2026-07-29 07:08:38,Detection,0,0
2026-07-29 07:08:39,Detection,0,0
2026-07-29 07:08:40,Detection,0,0
2026-07-29 07:08:41,Detection,0,0
2026-07-29 07:08:42,Detection,0,0
2026-07-29 07:08:43,Detection,0,0
2026-07-29 07:08:44,Detection,0,0
2026-07-29 07:08:45,Detection,0,0
2026-07-29 07:08:46,Detection,0,0
2026-07-29 07:08:47,Detection,0,0
2026-07-29 07:08:48,Detection,0,0
2026-07-29 07:08:49,Detection,0,0
2026-07-29 07:08:50,Detection,0,0
2026-07-29 07:08:51,Detection,0,0
2026-07-29 07:08:52,Detection,0,0
2026-07-29 07:08:53,Detection,0,0
2026-07-29 07:08:54,Detection,0,0
2026-07-29 07:08:55,Detection,0,0
2026-07-29 07:08:56,Detection,0,0
2026-07-29 07:08:57,Detection,0,0
2026-07-29 07:08:58,Detection,0,0
2026-07-29 07:08:59,Detection,0,0
2026-07-29 07:09:00,Detection,0,0
2026-07-29 07:09:01,Detection,0,0
2026-07-29 07:09:02,Detection,0,0
2026-07-29 07:09:03,Detection,0,0
2026-07-29 07:09:04,Detection,0,0
2026-07-29 07:09:05,Detection,0,0
2026-07-29 07:09:06,Detection,0,0
2026-07-29 07:09:07,Detection,0,0
2026-07-29 07:09:08,Detection,0,0
2026-07-29 07:09:09,Detection,0,0
2026-07-29 07:09:10,Detection,0,0
2026-07-29 07:09:11,Detection,0,0
2026-07-29 07:09:12,Detection,0,0
2026-07-29 07:09:13,Detection,0,0
2026-07-29 07:09:14,Detection,0,0
2026-07-29 07:09:15,Detection,0,0
2026-07-29 07:09:16,Detection,0,0
2026-07-29 07:09:17,Detection,0,0
2026-07-29 07:09:18,Detection,0,0
2026-07-29 07:09:19,Detection,0,0
2026-07-29 07:09:20,Detection,0,0
2026-07-29 07:09:21,Detection,0,0
2026-07-29 07:09:22,Detection,0,0
2026-07-29 07:09:23,Detection,0,0
2026-07-29 07:09:24,Detection,0,0
2026-07-29 07:09:25,Detection,0,0
2026-07-29 07:09:26,Detection,0,0
2026-07-29 07:09:27,Detection,0,0
2026-07-29 07:09:28,Detection,0,0
2026-07-29 07:09:29,Detection,0,0
2026-07-29 07:09:30,Detection,0,0
2026-07-29 07:09:31,Detection,0,0
2026-07-29 07:09:32,Detection,0,0
2026-07-29 07:09:33,Detection,0,0
2026-07-29 07:09:34,Detection,0,0
2026-07-29 07:09:35,Detection,0,0
2026-07-29 07:09:36,Detection,0,0
2026-07-29 07:09:37,Detection,0,0
2026-07-29 07:09:38,Detection,0,0
2026-07-29 07:09:39,Detection,0,0
2026-07-29 07:09:40,Detection,0,0
2026-07-29 07:09:41,Detection,0,0
2026-07-29 07:09:42,Detection,0,0
2026-07-29 07:09:43,Detection,0,0
2026-07-29 07:09:44,Detection,0,0
2026-07-29 07:09:46,Detection,0,0
2026-07-29 07:09:47,Detection,0,0
2026-07-29 07:09:48,Detection,0,0
2026-07-29 07:09:49,Detection,0,0
2026-07-29 07:09:50,Detection,0,0
2026-07-29 07:09:51,Detection,0,0
2026-07-29 07:09:52,Detection,0,0
2026-07-29 07:09:53,Detection,0,0
2026-07-29 07:09:54,Detection,0,0
2026-07-29 07:09:55,Detection,0,0
2026-07-29 07:09:56,Detection,0,0
2026-07-29 07:09:57,Detection,0,0
2026-07-29 07:09:58,Detection,0,0
2026-07-29 07:09:59,Detection,0,0
2026-07-29 07:10:00,Detection,0,0
2026-07-29 07:10:01,Detection,0,0
2026-07-29 07:10:02,Detection,0,0
2026-07-29 07:10:03,Detection,0,0
2026-07-29 07:10:04,Detection,0,0
2026-07-29 07:10:05,Detection,0,0
2026-07-29 07:10:06,Detection,0,0
2026-07-29 07:10:07,Detection,0,0
2026-07-29 07:10:08,Detection,0,0
2026-07-29 07:10:09,Detection,0,0
2026-07-29 07:10:10,Detection,0,0
2026-07-29 07:10:11,Detection,0,0
2026-07-29 07:10:12,Detection,0,0
2026-07-29 07:10:13,Detection,0,0
2026-07-29 07:10:14,Detection,0,0
2026-07-29 07:10:15,Detection,0,0
2026-07-29 07:10:16,Detection,0,0
2026-07-29 07:10:17,Detection,0,0
2026-07-29 07:10:18,Detection,0,0
2026-07-29 07:10:19,Detection,0,0
2026-07-29 07:10:26,Tactical HUD,live,0,1
2026-07-29 07:10:27,Tactical HUD,live,0,2
2026-07-29 07:10:28,Tactical HUD,live,0,0
2026-07-29 07:10:29,Tactical HUD,live,0,1
2026-07-29 07:10:30,Tactical HUD,live,0,1
2026-07-29 07:10:31,Tactical HUD,live,0,1
2026-07-29 07:10:32,Tactical HUD,live,0,0
2026-07-29 07:10:33,Tactical HUD,live,0,1
2026-07-29 07:10:34,Tactical HUD,live,0,1
2026-07-29 07:10:35,Tactical HUD,live,0,1
2026-07-29 07:10:36,Tactical HUD,live,0,1
2026-07-29 07:10:37,Tactical HUD,live,0,1
2026-07-29 07:10:38,Tactical HUD,live,0,1
2026-07-29 07:10:39,Tactical HUD,live,0,1
2026-07-29 07:10:40,Tactical HUD,live,0,1
2026-07-29 07:10:41,Tactical HUD,live,0,0
2026-07-29 07:10:42,Tactical HUD,live,0,0
2026-07-29 07:10:43,Tactical HUD,live,0,0
2026-07-29 07:10:44,Tactical HUD,live,0,0
2026-07-29 07:10:45,Tactical HUD,live,0,0
2026-07-29 07:10:46,Tactical HUD,live,0,0
2026-07-29 07:10:47,Tactical HUD,live,0,0
2026-07-29 07:10:48,Tactical HUD,live,0,0
2026-07-29 07:10:49,Tactical HUD,live,0,0
2026-07-29 07:10:50,Tactical HUD,live,0,0
2026-07-29 07:10:51,Tactical HUD,live,0,0
2026-07-29 07:10:52,Tactical HUD,live,0,0
2026-07-29 07:10:53,Tactical HUD,live,0,0
2026-07-29 07:10:54,Tactical HUD,live,0,0
2026-07-29 07:10:55,Tactical HUD,live,0,0
2026-07-29 07:10:56,Tactical HUD,live,0,0
2026-07-29 07:10:57,Tactical HUD,live,0,0
2026-07-29 07:10:58,Tactical HUD,live,0,0
2026-07-29 07:10:59,Tactical HUD,live,0,0
2026-07-29 07:11:00,Tactical HUD,live,0,0
2026-07-29 07:11:01,Tactical HUD,live,0,0
2026-07-29 07:11:02,Tactical HUD,live,0,0
2026-07-29 07:11:03,Tactical HUD,live,0,0
2026-07-29 07:11:04,Tactical HUD,live,0,0
2026-07-29 07:11:05,Tactical HUD,live,0,0
2026-07-29 07:11:06,Tactical HUD,live,0,0
2026-07-29 07:11:07,Tactical HUD,live,0,0
2026-07-29 07:11:08,Tactical HUD,live,0,0
2026-07-29 07:11:09,Tactical HUD,live,0,0
2026-07-29 07:11:10,Tactical HUD,live,0,0
2026-07-29 07:11:11,Tactical HUD,live,0,0
2026-07-29 07:11:12,Tactical HUD,live,0,0
2026-07-29 07:11:13,Tactical HUD,live,0,0
2026-07-29 07:11:14,Tactical HUD,live,0,0
2026-07-29 07:11:15,Tactical HUD,live,0,0
2026-07-29 07:11:16,Tactical HUD,live,0,0
2026-07-29 07:11:17,Tactical HUD,live,0,0
2026-07-29 07:11:18,Tactical HUD,live,0,0
2026-07-29 07:11:19,Tactical HUD,live,0,0
2026-07-29 07:11:20,Tactical HUD,live,0,0
2026-07-29 07:11:21,Tactical HUD,live,0,0
2026-07-29 07:11:22,Tactical HUD,live,0,0
2026-07-29 07:11:23,Tactical HUD,live,0,0
2026-07-29 07:11:24,Tactical HUD,live,0,0
2026-07-29 07:11:25,Tactical HUD,live,0,0
2026-07-29 07:11:26,Tactical HUD,live,0,0
2026-07-29 07:11:27,Tactical HUD,live,0,0
2026-07-29 07:11:28,Tactical HUD,live,0,0
2026-07-29 07:11:29,Tactical HUD,live,0,0
2026-07-29 07:11:30,Tactical HUD,live,0,0
2026-07-29 07:11:31,Tactical HUD,live,0,0
2026-07-29 07:11:32,Tactical HUD,live,0,0
2026-07-29 07:11:33,Tactical HUD,live,0,0
2026-07-29 07:11:34,Tactical HUD,live,0,0
2026-07-29 07:11:35,Tactical HUD,live,0,0
2026-07-29 07:11:36,Tactical HUD,live,0,0
2026-07-29 07:11:37,Tactical HUD,live,0,0
2026-07-29 07:11:38,Tactical HUD,live,0,0
2026-07-29 07:11:40,Tactical HUD,live,0,0
2026-07-29 07:11:41,Tactical HUD,live,0,0
2026-07-29 07:11:42,Tactical HUD,live,0,0
2026-07-29 07:11:43,Tactical HUD,live,0,0
2026-07-29 07:11:44,Tactical HUD,live,0,0
2026-07-29 07:11:45,Tactical HUD,live,0,0
2026-07-29 07:11:46,Tactical HUD,live,0,0
2026-07-29 07:11:47,Tactical HUD,live,0,0
2026-07-29 07:11:48,Tactical HUD,live,0,0
2026-07-29 07:11:49,Tactical HUD,live,0,0
2026-07-29 07:11:50,Tactical HUD,live,0,0
2026-07-29 07:11:51,Tactical HUD,live,0,0
2026-07-29 07:11:52,Tactical HUD,live,0,0
2026-07-29 07:11:53,Tactical HUD,live,0,0
2026-07-29 07:11:54,Tactical HUD,live,0,0
2026-07-29 07:11:55,Tactical HUD,live,0,0
2026-07-29 07:11:56,Tactical HUD,live,0,0
2026-07-29 07:11:57,Tactical HUD,live,0,0
2026-07-29 07:11:58,Tactical HUD,live,0,0
2026-07-29 07:11:59,Tactical HUD,live,0,0
2026-07-29 07:12:00,Tactical HUD,live,0,0
2026-07-29 07:12:01,Tactical HUD,live,0,0
2026-07-29 07:12:02,Tactical HUD,live,0,0
2026-07-29 07:12:03,Tactical HUD,live,0,0
2026-07-29 07:12:04,Tactical HUD,live,0,0
2026-07-29 07:12:05,Tactical HUD,live,0,0
2026-07-29 07:12:06,Tactical HUD,live,0,0
2026-07-29 07:12:07,Tactical HUD,live,0,0
2026-07-29 07:12:08,Tactical HUD,live,0,0
2026-07-29 07:12:09,Tactical HUD,live,0,0
2026-07-29 07:12:10,Tactical HUD,live,0,0
2026-07-29 07:12:11,Tactical HUD,live,0,0
2026-07-29 07:12:12,Tactical HUD,live,0,0
2026-07-29 07:12:13,Tactical HUD,live,0,0
2026-07-29 07:12:14,Tactical HUD,live,0,0
2026-07-29 07:12:15,Tactical HUD,live,0,0
2026-07-29 07:12:16,Tactical HUD,live,0,0
2026-07-29 07:12:17,Tactical HUD,live,0,0
2026-07-29 07:12:18,Tactical HUD,live,0,0
2026-07-29 07:12:19,Tactical HUD,live,0,0
2026-07-29 07:12:20,Tactical HUD,live,0,0
2026-07-29 07:12:21,Tactical HUD,live,0,0
2026-07-29 07:12:22,Tactical HUD,live,0,0
2026-07-29 07:12:23,Tactical HUD,live,0,0
2026-07-29 07:12:24,Tactical HUD,live,0,0
2026-07-29 07:12:25,Tactical HUD,live,0,0
2026-07-29 07:12:26,Tactical HUD,live,0,0
2026-07-29 07:12:27,Tactical HUD,live,0,0
2026-07-29 07:12:28,Tactical HUD,live,0,0
2026-07-29 07:12:29,Tactical HUD,live,0,0
2026-07-29 07:12:30,Tactical HUD,live,0,0
2026-07-29 07:12:31,Tactical HUD,live,0,0
2026-07-29 07:12:32,Tactical HUD,live,0,0
2026-07-29 07:12:33,Tactical HUD,live,0,0
2026-07-29 07:12:34,Tactical HUD,live,0,0
2026-07-29 07:12:35,Tactical HUD,live,0,0
2026-07-29 07:12:36,Tactical HUD,live,0,0
2026-07-29 07:12:37,Tactical HUD,live,0,0
2026-07-29 07:12:38,Tactical HUD,live,0,0
2026-07-29 07:12:39,Tactical HUD,live,0,0
2026-07-29 07:12:40,Tactical HUD,live,0,0
2026-07-29 07:12:41,Tactical HUD,live,0,0
2026-07-29 07:12:42,Tactical HUD,live,0,0
2026-07-29 07:12:43,Tactical HUD,live,0,0
2026-07-29 07:12:44,Tactical HUD,live,0,0
2026-07-29 07:12:45,Tactical HUD,live,0,0
2026-07-29 07:12:46,Tactical HUD,live,0,0
2026-07-29 07:12:47,Tactical HUD,live,0,0
2026-07-29 07:12:48,Tactical HUD,live,0,0
2026-07-29 07:12:49,Tactical HUD,live,0,0
2026-07-29 07:12:50,Tactical HUD,live,0,0
2026-07-29 07:12:51,Tactical HUD,live,0,0
2026-07-29 07:12:52,Tactical HUD,live,0,0
2026-07-29 07:12:53,Tactical HUD,live,0,0
2026-07-29 07:12:54,Tactical HUD,live,0,0
2026-07-29 07:12:55,Tactical HUD,live,0,0
2026-07-29 07:12:56,Tactical HUD,live,0,0
2026-07-29 07:12:57,Tactical HUD,live,0,0
2026-07-29 07:12:58,Tactical HUD,live,0,0
2026-07-29 07:12:59,Tactical HUD,live,0,0
2026-07-29 07:13:00,Tactical HUD,live,0,0
2026-07-29 07:13:01,Tactical HUD,live,0,0
2026-07-29 07:13:03,Tactical HUD,live,0,0
2026-07-29 07:13:04,Tactical HUD,live,0,0
2026-07-29 07:13:05,Tactical HUD,live,0,0
2026-07-29 07:13:06,Tactical HUD,live,0,0
2026-07-29 07:13:07,Tactical HUD,live,0,0
2026-07-29 07:13:08,Tactical HUD,live,0,0
2026-07-29 07:13:09,Tactical HUD,live,0,0
2026-07-29 07:13:10,Tactical HUD,live,0,0
2026-07-29 07:13:11,Tactical HUD,live,0,0
2026-07-29 07:13:12,Tactical HUD,live,0,0
2026-07-29 07:13:13,Tactical HUD,live,0,0
2026-07-29 07:13:14,Tactical HUD,live,0,0
2026-07-29 07:13:15,Tactical HUD,live,0,0
2026-07-29 07:13:16,Tactical HUD,live,0,0
2026-07-29 07:13:17,Tactical HUD,live,0,0
2026-07-29 07:13:18,Tactical HUD,live,0,0
2026-07-29 07:13:19,Tactical HUD,live,0,0
2026-07-29 07:13:20,Tactical HUD,live,0,0
2026-07-29 07:13:21,Tactical HUD,live,0,0
2026-07-29 07:13:22,Tactical HUD,live,0,0
2026-07-29 07:13:23,Tactical HUD,live,0,0
2026-07-29 07:13:24,Tactical HUD,live,0,0
2026-07-29 07:13:25,Tactical HUD,live,0,0
2026-07-29 07:13:26,Tactical HUD,live,0,0
2026-07-29 07:13:27,Tactical HUD,live,0,0
2026-07-29 07:13:28,Tactical HUD,live,0,0
2026-07-29 07:13:29,Tactical HUD,live,0,0
2026-07-29 07:13:30,Tactical HUD,live,0,0
2026-07-29 07:13:31,Tactical HUD,live,0,0
2026-07-29 07:13:32,Tactical HUD,live,0,0
2026-07-29 07:13:33,Tactical HUD,live,0,0
2026-07-29 07:13:34,Tactical HUD,live,0,0
2026-07-29 07:13:35,Tactical HUD,live,0,0
2026-07-29 07:13:36,Tactical HUD,live,0,0
2026-07-29 07:13:37,Tactical HUD,live,0,0
2026-07-29 07:13:38,Tactical HUD,live,0,0
2026-07-29 07:13:39,Tactical HUD,live,0,0
2026-07-29 07:13:40,Tactical HUD,live,0,0
2026-07-29 07:13:41,Tactical HUD,live,0,0
2026-07-29 07:13:42,Tactical HUD,video,0,0
2026-07-29 07:13:43,Tactical HUD,video,0,8
2026-07-29 07:13:44,Tactical HUD,video,0,7
2026-07-29 07:13:45,Tactical HUD,video,0,7
2026-07-29 07:13:46,Tactical HUD,video,0,11
2026-07-29 07:13:47,Tactical HUD,video,0,10
2026-07-29 07:13:48,Tactical HUD,video,0,8
2026-07-29 07:13:49,Tactical HUD,video,0,9
2026-07-29 07:13:50,Tactical HUD,video,0,5
2026-07-29 07:13:51,Tactical HUD,video,0,6
2026-07-29 07:13:52,Tactical HUD,video,0,4
2026-07-29 07:13:53,Tactical HUD,video,0,1
2026-07-29 07:13:54,Tactical HUD,video,0,1
2026-07-29 07:13:55,Tactical HUD,video,0,3
2026-07-29 07:13:56,Tactical HUD,video,0,0
2026-07-29 07:13:57,Tactical HUD,video,0,7
2026-07-29 07:13:58,Tactical HUD,video,0,4
2026-07-29 07:13:59,Tactical HUD,video,0,7
2026-07-29 07:14:00,Tactical HUD,video,0,9
2026-07-29 07:14:01,Tactical HUD,video,0,9
2026-07-29 07:14:02,Tactical HUD,video,0,7
2026-07-29 07:14:03,Tactical HUD,video,0,7
2026-07-29 07:14:04,Tactical HUD,video,0,5
2026-07-29 07:14:05,Tactical HUD,video,0,6
2026-07-29 07:14:06,Tactical HUD,video,0,7
2026-07-29 07:14:07,Tactical HUD,video,0,3
2026-07-29 07:14:08,Tactical HUD,video,0,2
2026-07-29 07:14:09,Tactical HUD,video,0,3
2026-07-29 07:14:10,Tactical HUD,video,0,1
2026-07-29 07:14:11,Tactical HUD,video,0,0
2026-07-29 07:14:12,Tactical HUD,video,0,6
2026-07-29 07:14:13,Tactical HUD,video,0,11
2026-07-29 07:14:14,Tactical HUD,video,0,4
2026-07-29 07:14:15,Tactical HUD,video,0,12
2026-07-29 07:14:16,Tactical HUD,video,0,6
2026-07-29 07:14:17,Tactical HUD,video,0,7
2026-07-29 07:14:18,Tactical HUD,video,0,8
2026-07-29 07:14:20,Tactical HUD,video,0,5
2026-07-29 07:14:21,Tactical HUD,video,0,7
2026-07-29 07:14:22,Tactical HUD,video,0,4
2026-07-29 07:14:23,Tactical HUD,video,0,2
2026-07-29 07:14:24,Tactical HUD,video,0,1
2026-07-29 07:14:25,Tactical HUD,video,0,2
2026-07-29 07:14:26,Tactical HUD,video,0,1
2026-07-29 07:14:27,Tactical HUD,video,0,0
2026-07-29 07:14:28,Tactical HUD,video,0,6
2026-07-29 07:14:29,Tactical HUD,video,0,7
2026-07-29 07:14:30,Tactical HUD,video,0,6
2026-07-29 07:14:31,Tactical HUD,video,0,9
2026-07-29 07:14:32,Tactical HUD,video,0,8
2026-07-29 07:14:33,Tactical HUD,video,0,10
2026-07-29 07:14:34,Tactical HUD,video,0,8
2026-07-29 07:14:35,Tactical HUD,video,0,8
2026-07-29 07:14:36,Tactical HUD,video,0,6
2026-07-29 07:14:37,Tactical HUD,video,0,2
2026-07-29 07:14:38,Tactical HUD,video,0,2
2026-07-29 07:14:39,Tactical HUD,video,0,4
2026-07-29 07:14:40,Tactical HUD,video,0,1
2026-07-29 07:14:41,Tactical HUD,video,0,1
2026-07-29 07:14:42,Tactical HUD,video,0,7
2026-07-29 07:14:43,Tactical HUD,video,0,9
2026-07-29 07:14:44,Tactical HUD,video,0,7
2026-07-29 07:14:45,Tactical HUD,video,0,12
2026-07-29 07:14:46,Tactical HUD,video,0,6
2026-07-29 07:14:47,Tactical HUD,video,0,6
2026-07-29 07:14:48,Tactical HUD,video,0,8
2026-07-29 07:14:49,Tactical HUD,video,0,7
2026-07-29 07:14:50,Tactical HUD,video,0,8
2026-07-29 07:14:51,Tactical HUD,video,0,4
2026-07-29 07:14:52,Tactical HUD,video,0,4
2026-07-29 07:14:53,Tactical HUD,video,0,1
2026-07-29 07:14:54,Tactical HUD,video,0,3
2026-07-29 07:14:55,Tactical HUD,video,0,1
2026-07-29 07:14:56,Tactical HUD,video,0,0
2026-07-29 07:14:57,Tactical HUD,video,0,7
2026-07-29 07:14:58,Tactical HUD,video,0,6
2026-07-29 07:14:59,Tactical HUD,video,0,8
2026-07-29 07:15:00,Tactical HUD,video,0,7
2026-07-29 07:15:01,Tactical HUD,video,0,6
2026-07-29 07:15:02,Tactical HUD,video,0,10
2026-07-29 07:15:03,Tactical HUD,video,0,8
2026-07-29 07:15:04,Tactical HUD,video,0,6
2026-07-29 07:15:05,Tactical HUD,video,0,6
2026-07-29 07:15:06,Tactical HUD,video,0,5
2026-07-29 07:15:07,Tactical HUD,video,0,2
2026-07-29 07:15:08,Tactical HUD,video,0,3
2026-07-29 07:15:09,Tactical HUD,video,0,2
2026-07-29 07:15:10,Tactical HUD,video,0,1
2026-07-29 07:15:11,Tactical HUD,video,0,7
2026-07-29 07:15:12,Tactical HUD,video,0,8
2026-07-29 07:15:13,Tactical HUD,video,0,8
2026-07-29 07:15:14,Tactical HUD,video,0,8
2026-07-29 07:15:15,Tactical HUD,video,0,10
2026-07-29 07:15:16,Tactical HUD,video,0,7
2026-07-29 07:15:17,Tactical HUD,video,0,9
2026-07-29 07:15:18,Tactical HUD,video,0,8
2026-07-29 07:15:19,Tactical HUD,video,0,6
2026-07-29 07:15:20,Tactical HUD,video,0,6
2026-07-29 07:15:21,Tactical HUD,video,0,2
2026-07-29 07:15:22,Tactical HUD,video,0,1
2026-07-29 07:15:23,Tactical HUD,video,0,2
2026-07-29 07:15:24,Tactical HUD,video,0,1
2026-07-29 07:15:25,Tactical HUD,video,0,0
2026-07-29 07:15:26,Tactical HUD,video,0,9
2026-07-29 07:15:27,Tactical HUD,video,0,9
2026-07-29 07:15:28,Tactical HUD,video,0,7
2026-07-29 07:15:29,Tactical HUD,video,0,9
2026-07-29 07:15:30,Tactical HUD,video,0,10
2026-07-29 07:15:31,Tactical HUD,video,0,9
2026-07-29 07:15:58,Tactical HUD,live,0,0
2026-07-29 07:15:59,Tactical HUD,live,0,0
2026-07-29 07:16:00,Tactical HUD,live,0,0
2026-07-29 07:16:01,Tactical HUD,live,0,0
2026-07-29 07:16:02,Tactical HUD,live,0,0
2026-07-29 07:16:03,Tactical HUD,live,0,0
2026-07-29 07:16:04,Tactical HUD,live,0,0
2026-07-29 07:16:05,Tactical HUD,live,0,0
2026-07-29 07:16:06,Tactical HUD,live,0,0
2026-07-29 07:16:07,Tactical HUD,live,0,0
2026-07-29 07:16:08,Tactical HUD,live,0,0
2026-07-29 07:16:09,Tactical HUD,live,0,0
2026-07-29 07:16:10,Tactical HUD,live,0,0
2026-07-29 07:16:11,Tactical HUD,live,0,0
2026-07-29 07:16:12,Tactical HUD,live,0,0
2026-07-29 07:16:13,Tactical HUD,live,0,0
2026-07-29 07:16:14,Tactical HUD,live,0,0
2026-07-29 07:16:15,Tactical HUD,live,0,0
2026-07-29 07:16:16,Tactical HUD,live,0,0
2026-07-29 07:16:17,Tactical HUD,live,0,0
2026-07-29 07:16:18,Tactical HUD,live,0,0
2026-07-29 07:16:19,Tactical HUD,live,0,0
2026-07-29 07:16:20,Tactical HUD,live,0,0
2026-07-29 07:16:21,Tactical HUD,live,0,0
2026-07-29 07:16:22,Tactical HUD,live,0,0
2026-07-29 07:16:23,Tactical HUD,live,0,0
2026-07-29 07:16:24,Tactical HUD,live,0,0
2026-07-29 07:16:25,Tactical HUD,live,0,0
2026-07-29 07:16:26,Tactical HUD,live,0,0
2026-07-29 07:16:27,Tactical HUD,live,0,0
2026-07-29 07:16:28,Tactical HUD,live,0,0
2026-07-29 07:16:29,Tactical HUD,live,0,0
2026-07-29 07:16:30,Tactical HUD,live,0,0
2026-07-29 07:16:31,Tactical HUD,live,0,0
2026-07-29 07:16:32,Tactical HUD,live,0,0
2026-07-29 07:16:33,Tactical HUD,live,0,0
2026-07-29 07:16:34,Tactical HUD,live,0,0
2026-07-29 07:16:35,Tactical HUD,live,0,0
2026-07-29 07:16:36,Tactical HUD,live,0,0
2026-07-29 07:16:37,Tactical HUD,live,0,0
2026-07-29 07:16:38,Tactical HUD,live,0,0
2026-07-29 07:16:39,Tactical HUD,live,0,0
2026-07-29 07:16:40,Tactical HUD,live,0,0
2026-07-29 07:16:41,Tactical HUD,live,0,0
2026-07-29 07:16:42,Tactical HUD,live,0,0
2026-07-29 07:16:43,Tactical HUD,live,0,0
2026-07-29 07:16:44,Tactical HUD,live,0,0
2026-07-29 07:16:45,Tactical HUD,live,0,0
2026-07-29 07:16:46,Tactical HUD,live,0,0
2026-07-29 07:16:47,Tactical HUD,live,0,0
2026-07-29 07:16:48,Tactical HUD,live,0,0
2026-07-29 07:16:49,Tactical HUD,live,0,0
2026-07-29 07:16:50,Tactical HUD,live,0,0
2026-07-29 07:16:51,Tactical HUD,live,0,0
2026-07-29 07:16:52,Tactical HUD,live,0,0
2026-07-29 07:16:53,Tactical HUD,live,0,0
2026-07-29 07:16:54,Tactical HUD,live,0,0
2026-07-29 07:16:55,Tactical HUD,live,0,0
2026-07-29 07:16:56,Tactical HUD,live,0,0
2026-07-29 07:16:57,Tactical HUD,live,0,0
2026-07-29 07:16:58,Tactical HUD,live,0,0
2026-07-29 07:16:59,Tactical HUD,live,0,0
2026-07-29 07:17:00,Tactical HUD,live,0,0
2026-07-29 07:17:01,Tactical HUD,live,0,0
2026-07-29 07:17:02,Tactical HUD,live,0,0
2026-07-29 07:17:03,Tactical HUD,live,0,0
2026-07-29 07:17:04,Tactical HUD,live,0,0
2026-07-29 07:17:05,Tactical HUD,live,0,0
2026-07-29 07:17:06,Tactical HUD,live,0,0
2026-07-29 07:17:07,Tactical HUD,live,0,0
2026-07-29 07:17:08,Tactical HUD,live,0,0
2026-07-29 07:17:09,Tactical HUD,live,0,0
2026-07-29 07:17:10,Tactical HUD,live,0,0
2026-07-29 07:17:11,Tactical HUD,live,0,0
2026-07-29 07:17:12,Tactical HUD,live,0,0
2026-07-29 07:17:13,Tactical HUD,live,0,0
2026-07-29 07:17:14,Tactical HUD,live,0,0
2026-07-29 07:17:15,Tactical HUD,live,0,0
2026-07-29 07:17:16,Tactical HUD,live,0,0
2026-07-29 07:17:17,Tactical HUD,live,0,0
2026-07-29 07:17:18,Tactical HUD,live,0,0
2026-07-29 07:17:19,Tactical HUD,live,0,0
2026-07-29 07:17:20,Tactical HUD,live,0,0
2026-07-29 07:17:21,Tactical HUD,live,0,0
2026-07-29 07:17:22,Tactical HUD,live,0,0
2026-07-29 07:17:23,Tactical HUD,live,0,0
2026-07-29 07:17:24,Tactical HUD,live,0,0
2026-07-29 07:17:25,Tactical HUD,live,0,0
2026-07-29 07:17:26,Tactical HUD,live,0,0
2026-07-29 07:17:27,Tactical HUD,live,0,0
2026-07-29 07:17:28,Tactical HUD,live,0,0
2026-07-29 07:17:29,Tactical HUD,live,0,0
2026-07-29 07:17:30,Tactical HUD,live,0,0
2026-07-29 07:17:31,Tactical HUD,live,0,0
2026-07-29 07:17:32,Tactical HUD,live,0,0
2026-07-29 07:17:33,Tactical HUD,live,0,0
2026-07-29 07:17:34,Tactical HUD,live,0,0
2026-07-29 07:17:36,Tactical HUD,live,0,0
2026-07-29 07:17:37,Tactical HUD,live,0,0
2026-07-29 07:17:38,Tactical HUD,live,0,0
2026-07-29 07:17:39,Tactical HUD,live,0,0
2026-07-29 07:17:40,Tactical HUD,live,0,0
2026-07-29 07:17:41,Tactical HUD,live,0,0
2026-07-29 07:17:42,Tactical HUD,live,0,0
2026-07-29 07:17:43,Tactical HUD,live,0,0
2026-07-29 07:17:44,Tactical HUD,live,0,0
2026-07-29 07:17:45,Tactical HUD,live,0,0
2026-07-29 07:17:46,Tactical HUD,live,0,0
2026-07-29 07:17:47,Tactical HUD,live,0,0
2026-07-29 07:17:48,Tactical HUD,live,0,0
2026-07-29 07:17:49,Tactical HUD,live,0,0
2026-07-29 07:17:50,Tactical HUD,live,0,0
2026-07-29 07:17:51,Tactical HUD,live,0,0
2026-07-29 07:17:52,Tactical HUD,live,0,0
2026-07-29 07:17:53,Tactical HUD,live,0,0
2026-07-29 07:17:54,Tactical HUD,live,0,0
2026-07-29 07:17:55,Tactical HUD,live,0,0
2026-07-29 07:17:56,Tactical HUD,live,0,0
2026-07-29 07:17:57,Tactical HUD,live,0,0
2026-07-29 07:17:58,Tactical HUD,live,0,0
2026-07-29 07:17:59,Tactical HUD,live,0,0
2026-07-29 07:18:00,Tactical HUD,live,0,0
2026-07-29 07:18:01,Tactical HUD,live,0,0
2026-07-29 07:18:02,Tactical HUD,live,0,0
2026-07-29 07:18:03,Tactical HUD,live,0,0
2026-07-29 07:18:04,Tactical HUD,live,0,0
2026-07-29 07:18:05,Tactical HUD,live,0,0
2026-07-29 07:18:06,Tactical HUD,live,0,0
2026-07-29 07:18:07,Tactical HUD,live,0,0
2026-07-29 07:18:08,Tactical HUD,live,0,0
2026-07-29 07:18:09,Tactical HUD,live,0,0
2026-07-29 07:18:10,Tactical HUD,live,0,0
2026-07-29 07:18:11,Tactical HUD,live,0,0
2026-07-29 07:18:12,Tactical HUD,live,0,0
2026-07-29 07:18:13,Tactical HUD,live,0,0
2026-07-29 07:18:14,Tactical HUD,live,0,0
2026-07-29 07:18:15,Tactical HUD,live,0,0
2026-07-29 07:18:16,Tactical HUD,live,0,0
2026-07-29 07:18:17,Tactical HUD,live,0,0
2026-07-29 07:18:18,Tactical HUD,live,0,0
2026-07-29 07:18:19,Tactical HUD,live,0,0
2026-07-29 07:18:20,Tactical HUD,live,0,0
2026-07-29 07:18:21,Tactical HUD,live,0,0
2026-07-29 07:18:22,Tactical HUD,live,0,0
2026-07-29 07:18:23,Tactical HUD,live,0,0
2026-07-29 07:18:24,Tactical HUD,live,0,0
2026-07-29 07:18:25,Tactical HUD,live,0,0
2026-07-29 07:18:26,Tactical HUD,live,0,0
2026-07-29 07:18:27,Tactical HUD,live,0,0
2026-07-29 07:18:28,Tactical HUD,live,0,0
2026-07-29 07:18:29,Tactical HUD,live,0,0
2026-07-29 07:18:30,Tactical HUD,live,0,0
2026-07-29 07:18:31,Tactical HUD,live,0,0
2026-07-29 07:18:32,Tactical HUD,live,0,0
2026-07-29 07:18:33,Tactical HUD,live,0,0
2026-07-29 07:18:34,Tactical HUD,live,0,0
2026-07-29 07:18:35,Tactical HUD,live,0,0
2026-07-29 07:18:36,Tactical HUD,live,0,0
2026-07-29 07:18:37,Tactical HUD,live,0,0
2026-07-29 07:18:38,Tactical HUD,live,0,0
2026-07-29 07:18:39,Tactical HUD,live,0,0
2026-07-29 07:18:40,Tactical HUD,live,0,0
2026-07-29 07:18:41,Tactical HUD,live,0,0
2026-07-29 07:18:42,Tactical HUD,live,0,0
2026-07-29 07:18:43,Tactical HUD,live,0,0
2026-07-29 07:18:44,Tactical HUD,live,0,0
2026-07-29 07:18:45,Tactical HUD,live,0,0
2026-07-29 07:18:46,Tactical HUD,live,0,0
2026-07-29 07:18:47,Tactical HUD,live,0,0
2026-07-29 07:18:48,Tactical HUD,live,0,0
2026-07-29 07:18:49,Tactical HUD,live,0,0
2026-07-29 07:18:50,Tactical HUD,live,0,0
2026-07-29 07:18:51,Tactical HUD,live,0,0
2026-07-29 07:18:52,Tactical HUD,live,0,0
2026-07-29 07:18:53,Tactical HUD,live,0,0
2026-07-29 07:18:54,Tactical HUD,live,0,0
2026-07-29 07:18:55,Tactical HUD,live,0,0
2026-07-29 07:18:56,Tactical HUD,live,0,0
2026-07-29 07:18:57,Tactical HUD,live,0,0
2026-07-29 07:18:58,Tactical HUD,live,0,0
2026-07-29 07:18:59,Tactical HUD,live,0,0
2026-07-29 07:19:00,Tactical HUD,live,0,0
2026-07-29 07:19:01,Tactical HUD,live,0,0
2026-07-29 07:19:02,Tactical HUD,live,0,0
2026-07-29 07:19:03,Tactical HUD,live,0,0
2026-07-29 07:19:04,Tactical HUD,live,0,0
2026-07-29 07:19:05,Tactical HUD,live,0,0
2026-07-29 07:19:07,Tactical HUD,live,0,0
2026-07-29 07:19:08,Tactical HUD,live,0,0
2026-07-29 07:19:09,Tactical HUD,live,0,0
2026-07-29 07:19:10,Tactical HUD,live,0,0
2026-07-29 07:19:11,Tactical HUD,live,0,0
2026-07-29 07:19:12,Tactical HUD,live,0,0
2026-07-29 07:19:13,Tactical HUD,live,0,0
2026-07-29 07:19:14,Tactical HUD,live,0,0
2026-07-29 07:19:15,Tactical HUD,live,0,0
2026-07-29 07:19:16,Tactical HUD,live,0,0
2026-07-29 07:19:17,Tactical HUD,live,0,0
2026-07-29 07:19:18,Tactical HUD,live,0,0
2026-07-29 07:19:19,Tactical HUD,live,0,0
2026-07-29 07:19:20,Tactical HUD,live,0,0
2026-07-29 07:19:21,Tactical HUD,live,0,0
2026-07-29 07:19:22,Tactical HUD,live,0,0
2026-07-29 07:19:23,Tactical HUD,live,0,0
2026-07-29 07:19:24,Tactical HUD,live,0,0
2026-07-29 07:19:25,Tactical HUD,live,0,0
2026-07-29 07:19:26,Tactical HUD,live,0,0
2026-07-29 07:19:27,Tactical HUD,live,0,0
2026-07-29 07:19:28,Tactical HUD,live,0,0
2026-07-29 07:19:29,Tactical HUD,live,0,0
2026-07-29 07:19:30,Tactical HUD,live,0,0
2026-07-29 07:19:31,Tactical HUD,live,0,0
2026-07-29 07:19:32,Tactical HUD,live,0,0
2026-07-29 07:19:33,Tactical HUD,live,0,0
2026-07-29 07:19:34,Tactical HUD,live,0,0
2026-07-29 07:19:35,Tactical HUD,live,0,0
2026-07-29 07:19:36,Tactical HUD,live,0,0
2026-07-29 07:19:37,Tactical HUD,live,0,0
2026-07-29 07:19:38,Tactical HUD,live,0,0
2026-07-29 07:19:39,Tactical HUD,live,0,0
2026-07-29 07:19:40,Tactical HUD,live,0,0
2026-07-29 07:19:41,Tactical HUD,live,0,0
2026-07-29 07:19:42,Tactical HUD,live,0,0
2026-07-29 07:19:43,Tactical HUD,live,0,0
2026-07-29 07:19:44,Tactical HUD,live,0,0
2026-07-29 07:19:45,Tactical HUD,live,0,0
2026-07-29 07:19:46,Tactical HUD,live,0,0
2026-07-29 07:19:47,Tactical HUD,live,0,0
2026-07-29 07:19:48,Tactical HUD,live,0,0
2026-07-29 07:19:49,Tactical HUD,live,0,0
2026-07-29 07:19:50,Tactical HUD,live,0,0
2026-07-29 07:19:51,Tactical HUD,live,0,0
2026-07-29 07:19:52,Tactical HUD,live,0,0
2026-07-29 07:19:53,Tactical HUD,live,0,0
2026-07-29 07:19:54,Tactical HUD,live,0,0
2026-07-29 07:19:55,Tactical HUD,live,0,0
2026-07-29 07:19:56,Tactical HUD,live,0,0
2026-07-29 07:19:57,Tactical HUD,live,0,0
2026-07-29 07:19:58,Tactical HUD,live,0,0
2026-07-29 07:19:59,Tactical HUD,live,0,0
2026-07-29 07:20:00,Tactical HUD,live,0,0
2026-07-29 07:20:01,Tactical HUD,live,0,0
2026-07-29 07:20:02,Tactical HUD,live,0,0
2026-07-29 07:20:03,Tactical HUD,live,0,0
2026-07-29 07:20:04,Tactical HUD,live,0,0
2026-07-29 07:20:05,Tactical HUD,live,0,0
2026-07-29 07:20:06,Tactical HUD,live,0,0
2026-07-29 07:20:07,Tactical HUD,live,0,0
2026-07-29 07:20:08,Tactical HUD,live,0,0
2026-07-29 07:20:09,Tactical HUD,live,0,0
2026-07-29 07:20:10,Tactical HUD,live,0,0
2026-07-29 07:20:11,Tactical HUD,live,0,0
2026-07-29 07:20:12,Tactical HUD,live,0,0
2026-07-29 07:20:13,Tactical HUD,live,0,0
2026-07-29 07:20:14,Tactical HUD,live,0,0
2026-07-29 07:20:15,Tactical HUD,live,0,0
2026-07-29 07:20:16,Tactical HUD,live,0,0
2026-07-29 07:20:17,Tactical HUD,live,0,0
2026-07-29 07:20:18,Tactical HUD,live,0,0
2026-07-29 07:20:19,Tactical HUD,live,0,0
2026-07-29 07:20:20,Tactical HUD,live,0,0
2026-07-29 07:20:21,Tactical HUD,live,0,0
2026-07-29 07:20:22,Tactical HUD,live,0,0
2026-07-29 07:20:23,Tactical HUD,live,0,0
2026-07-29 07:20:24,Tactical HUD,live,0,0
2026-07-29 07:20:25,Tactical HUD,live,0,0
2026-07-29 07:20:26,Tactical HUD,live,0,0
2026-07-29 07:20:27,Tactical HUD,live,0,0
2026-07-29 07:20:28,Tactical HUD,live,0,0
2026-07-29 07:20:29,Tactical HUD,live,0,0
2026-07-29 07:20:30,Tactical HUD,live,0,0
2026-07-29 07:20:31,Tactical HUD,live,0,0
2026-07-29 07:20:32,Tactical HUD,live,0,0
2026-07-29 07:20:34,Tactical HUD,live,0,0
2026-07-29 07:20:35,Tactical HUD,live,0,0
2026-07-29 07:20:36,Tactical HUD,live,0,0
2026-07-29 07:20:37,Tactical HUD,live,0,0
2026-07-29 07:20:38,Tactical HUD,live,0,0
2026-07-29 07:20:39,Tactical HUD,live,0,0
2026-07-29 07:20:40,Tactical HUD,live,0,0
2026-07-29 07:20:41,Tactical HUD,live,0,0
2026-07-29 07:20:42,Tactical HUD,live,0,0
2026-07-29 07:20:43,Tactical HUD,live,0,0
2026-07-29 07:20:44,Tactical HUD,live,0,0
2026-07-29 07:20:45,Tactical HUD,live,0,0
2026-07-29 07:20:46,Tactical HUD,live,0,0
2026-07-29 07:20:47,Tactical HUD,live,0,0
2026-07-29 07:20:48,Tactical HUD,live,0,0
2026-07-29 07:20:49,Tactical HUD,live,0,0
2026-07-29 07:20:50,Tactical HUD,live,0,0
2026-07-29 07:20:51,Tactical HUD,live,0,0
2026-07-29 07:20:52,Tactical HUD,live,0,0
2026-07-29 07:20:53,Tactical HUD,live,0,0
2026-07-29 07:20:54,Tactical HUD,live,0,0
2026-07-29 07:20:55,Tactical HUD,live,0,0
2026-07-29 07:20:56,Tactical HUD,live,0,0
2026-07-29 07:20:57,Tactical HUD,live,0,0
2026-07-29 07:20:58,Tactical HUD,live,0,0
2026-07-29 07:20:59,Tactical HUD,live,0,0
2026-07-29 07:21:00,Tactical HUD,live,0,0
2026-07-29 07:21:01,Tactical HUD,live,0,0
2026-07-29 07:21:02,Tactical HUD,live,0,0
2026-07-29 07:21:03,Tactical HUD,live,0,0
2026-07-29 07:21:04,Tactical HUD,live,0,0
2026-07-29 07:21:05,Tactical HUD,live,0,0
2026-07-29 07:21:06,Tactical HUD,live,0,0
2026-07-29 07:21:07,Tactical HUD,live,0,0
2026-07-29 07:21:08,Tactical HUD,live,0,0
2026-07-29 07:21:09,Tactical HUD,live,0,0
2026-07-29 07:21:10,Tactical HUD,live,0,0
2026-07-29 07:21:11,Tactical HUD,live,0,0
2026-07-29 07:21:12,Tactical HUD,live,0,0
2026-07-29 07:21:13,Tactical HUD,live,0,0
2026-07-29 07:21:14,Tactical HUD,live,0,0
2026-07-29 07:21:15,Tactical HUD,live,0,0
2026-07-29 07:21:16,Tactical HUD,live,0,0
2026-07-29 07:21:17,Tactical HUD,live,0,0
2026-07-29 07:21:18,Tactical HUD,live,0,0
2026-07-29 07:21:19,Tactical HUD,live,0,0
2026-07-29 07:21:20,Tactical HUD,live,0,0
2026-07-29 07:21:21,Tactical HUD,live,0,0
2026-07-29 07:21:22,Tactical HUD,live,0,0
2026-07-29 07:21:23,Tactical HUD,live,0,0
2026-07-29 07:21:24,Tactical HUD,live,0,0
2026-07-29 07:21:25,Tactical HUD,live,0,0
2026-07-29 07:21:26,Tactical HUD,live,0,0
2026-07-29 07:21:27,Tactical HUD,live,0,0
2026-07-29 07:21:28,Tactical HUD,live,0,0
2026-07-29 07:21:29,Tactical HUD,live,0,0
2026-07-29 07:21:30,Tactical HUD,live,0,0
2026-07-29 07:21:31,Tactical HUD,live,0,0
2026-07-29 07:21:32,Tactical HUD,live,0,0
2026-07-29 07:21:33,Tactical HUD,live,0,0
2026-07-29 07:21:34,Tactical HUD,live,0,0
2026-07-29 07:21:35,Tactical HUD,live,0,0
2026-07-29 07:21:36,Tactical HUD,live,0,0
2026-07-29 07:21:37,Tactical HUD,live,0,0
2026-07-29 07:21:38,Tactical HUD,live,0,0
2026-07-29 07:21:39,Tactical HUD,live,0,0
2026-07-29 07:21:40,Tactical HUD,live,0,0
2026-07-29 07:21:41,Tactical HUD,live,0,0
2026-07-29 07:21:42,Tactical HUD,live,0,0
2026-07-29 07:21:43,Tactical HUD,live,0,0
2026-07-29 07:21:44,Tactical HUD,live,0,0
2026-07-29 07:21:45,Tactical HUD,live,0,0
2026-07-29 07:21:46,Tactical HUD,live,0,0
2026-07-29 07:21:47,Tactical HUD,live,0,0
2026-07-29 07:21:48,Tactical HUD,live,0,0
2026-07-29 07:21:49,Tactical HUD,live,0,0
2026-07-29 07:21:50,Tactical HUD,live,0,0
2026-07-29 07:21:51,Tactical HUD,live,0,0
2026-07-29 07:21:52,Tactical HUD,live,0,0
2026-07-29 07:21:53,Tactical HUD,live,0,0
2026-07-29 07:21:54,Tactical HUD,live,0,0
2026-07-29 07:21:56,Tactical HUD,live,0,0
2026-07-29 07:21:57,Tactical HUD,live,0,0
2026-07-29 07:21:58,Tactical HUD,live,0,0
2026-07-29 07:21:59,Tactical HUD,live,0,0
2026-07-29 07:22:00,Tactical HUD,live,0,0
2026-07-29 07:22:01,Tactical HUD,live,0,0
2026-07-29 07:22:02,Tactical HUD,live,0,0
2026-07-29 07:22:03,Tactical HUD,live,0,0
2026-07-29 07:22:04,Tactical HUD,live,0,0
2026-07-29 07:22:05,Tactical HUD,live,0,0
2026-07-29 07:22:06,Tactical HUD,live,0,0
2026-07-29 07:22:07,Tactical HUD,live,0,0
2026-07-29 07:22:08,Tactical HUD,live,0,0
2026-07-29 07:22:09,Tactical HUD,live,0,0
2026-07-29 07:22:10,Tactical HUD,live,0,0
2026-07-29 07:22:11,Tactical HUD,live,0,0
2026-07-29 07:22:12,Tactical HUD,live,0,0
2026-07-29 07:22:13,Tactical HUD,live,0,0
2026-07-29 07:22:14,Tactical HUD,live,0,0
2026-07-29 07:22:15,Tactical HUD,live,0,0
2026-07-29 07:22:16,Tactical HUD,live,0,0
2026-07-29 07:22:17,Tactical HUD,live,0,0
2026-07-29 07:22:18,Tactical HUD,live,0,0
2026-07-29 07:22:19,Tactical HUD,live,0,0
2026-07-29 07:22:20,Tactical HUD,live,0,0
2026-07-29 07:22:21,Tactical HUD,live,0,0
2026-07-29 07:22:22,Tactical HUD,live,0,0
2026-07-29 07:22:23,Tactical HUD,live,0,0
2026-07-29 07:22:24,Tactical HUD,live,0,0
2026-07-29 07:22:25,Tactical HUD,live,0,0
2026-07-29 07:22:26,Tactical HUD,live,0,0
2026-07-29 07:22:27,Tactical HUD,live,0,0
2026-07-29 07:22:28,Tactical HUD,live,0,0
2026-07-29 07:22:29,Tactical HUD,live,0,0
2026-07-29 07:22:30,Tactical HUD,live,0,0
2026-07-29 07:22:31,Tactical HUD,live,0,0
2026-07-29 07:22:32,Tactical HUD,live,0,0
2026-07-29 07:22:33,Tactical HUD,live,0,0
2026-07-29 07:22:34,Tactical HUD,live,0,0
2026-07-29 07:22:35,Tactical HUD,live,0,0
2026-07-29 07:22:36,Tactical HUD,live,0,0
2026-07-29 07:22:37,Tactical HUD,live,0,0
2026-07-29 07:22:38,Tactical HUD,live,0,0
2026-07-29 07:22:39,Tactical HUD,live,0,0
2026-07-29 07:22:40,Tactical HUD,live,0,0
2026-07-29 07:22:41,Tactical HUD,live,0,0
2026-07-29 07:22:42,Tactical HUD,live,0,0
2026-07-29 07:22:43,Tactical HUD,live,0,0
2026-07-29 07:22:44,Tactical HUD,live,0,0
2026-07-29 07:22:45,Tactical HUD,live,0,0
2026-07-29 07:22:46,Tactical HUD,live,0,0
2026-07-29 07:22:47,Tactical HUD,live,0,0
2026-07-29 07:22:48,Tactical HUD,live,0,0
2026-07-29 07:22:49,Tactical HUD,live,0,0
2026-07-29 07:22:50,Tactical HUD,live,0,0
2026-07-29 07:22:51,Tactical HUD,live,0,0
2026-07-29 07:22:52,Tactical HUD,live,0,0
2026-07-29 07:22:53,Tactical HUD,live,0,0
2026-07-29 07:22:54,Tactical HUD,live,0,0
2026-07-29 07:22:55,Tactical HUD,live,0,0
2026-07-29 07:22:56,Tactical HUD,live,0,0
2026-07-29 07:22:57,Tactical HUD,live,0,0
2026-07-29 07:22:58,Tactical HUD,live,0,0
2026-07-29 07:22:59,Tactical HUD,live,0,0
2026-07-29 07:23:00,Tactical HUD,live,0,0
2026-07-29 07:23:01,Tactical HUD,live,0,0
2026-07-29 07:23:02,Tactical HUD,live,0,0
2026-07-29 07:23:03,Tactical HUD,live,0,0
2026-07-29 07:23:04,Tactical HUD,live,0,0
2026-07-29 07:23:05,Tactical HUD,live,0,0
2026-07-29 07:23:06,Tactical HUD,live,0,0
2026-07-29 07:23:07,Tactical HUD,live,0,0
2026-07-29 07:23:08,Tactical HUD,live,0,0
2026-07-29 07:23:09,Tactical HUD,live,0,0
2026-07-29 07:23:10,Tactical HUD,live,0,0
2026-07-29 07:23:11,Tactical HUD,live,0,0
2026-07-29 07:23:12,Tactical HUD,live,0,0
2026-07-29 07:23:13,Tactical HUD,live,0,0
2026-07-29 07:23:14,Tactical HUD,live,0,0
2026-07-29 07:23:15,Tactical HUD,live,0,0
2026-07-29 07:23:16,Tactical HUD,live,0,0
2026-07-29 07:23:17,Tactical HUD,live,0,0
2026-07-29 07:23:18,Tactical HUD,live,0,0
2026-07-29 07:23:19,Tactical HUD,live,0,0
2026-07-29 07:23:20,Tactical HUD,live,0,0
2026-07-29 07:23:21,Tactical HUD,live,0,0
2026-07-29 07:23:22,Tactical HUD,live,0,0
2026-07-29 07:23:24,Tactical HUD,live,0,0
2026-07-29 07:23:25,Tactical HUD,live,0,0
2026-07-29 07:23:26,Tactical HUD,live,0,0
2026-07-29 07:23:27,Tactical HUD,live,0,0
2026-07-29 07:23:28,Tactical HUD,live,0,0
2026-07-29 07:23:29,Tactical HUD,live,0,0
2026-07-29 07:23:30,Tactical HUD,live,0,0
2026-07-29 07:23:31,Tactical HUD,live,0,0
2026-07-29 07:23:32,Tactical HUD,live,0,0
2026-07-29 07:23:33,Tactical HUD,live,0,0
2026-07-29 07:23:34,Tactical HUD,live,0,0
2026-07-29 07:23:35,Tactical HUD,live,0,0
2026-07-29 07:23:36,Tactical HUD,live,0,0
2026-07-29 07:23:37,Tactical HUD,live,0,0
2026-07-29 07:23:38,Tactical HUD,live,0,0
2026-07-29 07:23:39,Tactical HUD,live,0,0
2026-07-29 07:23:40,Tactical HUD,live,0,0
2026-07-29 07:23:41,Tactical HUD,live,0,0
2026-07-29 07:23:42,Tactical HUD,live,0,0
2026-07-29 07:23:43,Tactical HUD,live,0,0
2026-07-29 07:23:44,Tactical HUD,live,0,0
2026-07-29 07:23:45,Tactical HUD,live,0,0
2026-07-29 07:23:46,Tactical HUD,live,0,0
2026-07-29 07:23:47,Tactical HUD,live,0,0
2026-07-29 07:23:48,Tactical HUD,live,0,0
2026-07-29 07:23:49,Tactical HUD,live,0,0
2026-07-29 07:23:50,Tactical HUD,live,0,0
2026-07-29 07:23:51,Tactical HUD,live,0,0
2026-07-29 07:23:52,Tactical HUD,live,0,0
2026-07-29 07:23:53,Tactical HUD,live,0,0
2026-07-29 07:23:54,Tactical HUD,live,0,0
2026-07-29 07:23:55,Tactical HUD,live,0,0
2026-07-29 07:23:56,Tactical HUD,live,0,0
2026-07-29 07:23:57,Tactical HUD,live,0,0
2026-07-29 07:23:58,Tactical HUD,live,0,0
2026-07-29 07:23:59,Tactical HUD,live,0,0
2026-07-29 07:24:00,Tactical HUD,live,0,0
2026-07-29 07:24:01,Tactical HUD,live,0,0
2026-07-29 07:24:02,Tactical HUD,live,0,0
2026-07-29 07:24:03,Tactical HUD,live,0,0
2026-07-29 07:24:04,Tactical HUD,live,0,0
2026-07-29 07:24:05,Tactical HUD,live,0,0
2026-07-29 07:24:06,Tactical HUD,live,0,0
2026-07-29 07:24:07,Tactical HUD,live,0,0
2026-07-29 07:24:08,Tactical HUD,live,0,0
2026-07-29 07:24:09,Tactical HUD,live,0,0
2026-07-29 07:24:10,Tactical HUD,live,0,0
2026-07-29 07:24:11,Tactical HUD,live,0,0
2026-07-29 07:24:12,Tactical HUD,live,0,0
2026-07-29 07:24:13,Tactical HUD,live,0,0
2026-07-29 07:24:14,Tactical HUD,live,0,0
2026-07-29 07:24:15,Tactical HUD,live,0,0
2026-07-29 07:24:16,Tactical HUD,live,0,0
2026-07-29 07:24:17,Tactical HUD,live,0,0
2026-07-29 07:24:18,Tactical HUD,live,0,0
2026-07-29 07:24:19,Tactical HUD,live,0,0
2026-07-29 07:24:20,Tactical HUD,live,0,0
2026-07-29 07:24:21,Tactical HUD,live,0,0
2026-07-29 07:24:22,Tactical HUD,live,0,0
2026-07-29 07:24:23,Tactical HUD,live,0,0
2026-07-29 07:24:24,Tactical HUD,live,0,0
2026-07-29 07:24:25,Tactical HUD,live,0,0
2026-07-29 07:24:26,Tactical HUD,live,0,0
2026-07-29 07:24:27,Tactical HUD,live,0,0
2026-07-29 07:24:28,Tactical HUD,live,0,0
2026-07-29 07:24:29,Tactical HUD,live,0,0
2026-07-29 07:24:30,Tactical HUD,live,0,0
2026-07-29 07:24:31,Tactical HUD,live,0,0
2026-07-29 07:24:32,Tactical HUD,live,0,0
2026-07-29 07:24:33,Tactical HUD,live,0,0
2026-07-29 07:24:34,Tactical HUD,live,0,0
2026-07-29 07:24:35,Tactical HUD,live,0,0
2026-07-29 07:24:36,Tactical HUD,live,0,0
2026-07-29 07:24:37,Tactical HUD,live,0,0
2026-07-29 07:24:38,Tactical HUD,live,0,0
2026-07-29 07:24:39,Tactical HUD,live,0,0
2026-07-29 07:24:40,Tactical HUD,live,0,0
2026-07-29 07:24:41,Tactical HUD,live,0,0
2026-07-29 07:24:42,Tactical HUD,live,0,0
2026-07-29 07:24:43,Tactical HUD,live,0,0
2026-07-29 07:24:44,Tactical HUD,live,0,0
2026-07-29 07:24:45,Tactical HUD,live,0,0
2026-07-29 07:24:46,Tactical HUD,live,0,0
2026-07-29 07:24:47,Tactical HUD,live,0,0
2026-07-29 07:24:48,Tactical HUD,live,0,0
2026-07-29 07:24:50,Tactical HUD,live,0,0
2026-07-29 07:24:51,Tactical HUD,live,0,0
2026-07-29 07:24:52,Tactical HUD,live,0,0
2026-07-29 07:24:53,Tactical HUD,live,0,0
2026-07-29 07:24:54,Tactical HUD,live,0,0
2026-07-29 07:24:55,Tactical HUD,live,0,0
2026-07-29 07:24:56,Tactical HUD,live,0,0
2026-07-29 07:24:57,Tactical HUD,live,0,0
2026-07-29 07:24:58,Tactical HUD,live,0,0
2026-07-29 07:24:59,Tactical HUD,live,0,0
2026-07-29 07:25:00,Tactical HUD,live,0,0
2026-07-29 07:25:01,Tactical HUD,live,0,0
2026-07-29 07:25:02,Tactical HUD,live,0,0
2026-07-29 07:25:03,Tactical HUD,live,0,0
2026-07-29 07:25:04,Tactical HUD,live,0,0
2026-07-29 07:25:05,Tactical HUD,live,0,0
2026-07-29 07:25:06,Tactical HUD,live,0,0
2026-07-29 07:25:07,Tactical HUD,live,0,0
2026-07-29 07:25:08,Tactical HUD,live,0,0
2026-07-29 07:25:09,Tactical HUD,live,0,0
2026-07-29 07:25:10,Tactical HUD,live,0,0
2026-07-29 07:25:11,Tactical HUD,live,0,0
2026-07-29 07:25:12,Tactical HUD,live,0,0
2026-07-29 07:25:13,Tactical HUD,live,0,0
2026-07-29 07:25:14,Tactical HUD,live,0,0
2026-07-29 07:25:15,Tactical HUD,live,0,0
2026-07-29 07:25:16,Tactical HUD,live,0,0
2026-07-29 07:25:17,Tactical HUD,live,0,0
2026-07-29 07:25:18,Tactical HUD,live,0,0
2026-07-29 07:25:19,Tactical HUD,live,0,0
2026-07-29 07:25:20,Tactical HUD,live,0,0
2026-07-29 07:25:21,Tactical HUD,live,0,0
2026-07-29 07:25:22,Tactical HUD,live,0,1
2026-07-29 07:25:23,Tactical HUD,live,0,0
2026-07-29 07:25:24,Tactical HUD,live,0,0
2026-07-29 07:25:25,Tactical HUD,video,0,0
2026-07-29 07:25:26,Tactical HUD,video,0,7
2026-07-29 07:25:27,Tactical HUD,video,0,5
2026-07-29 07:25:28,Tactical HUD,video,0,9
2026-07-29 07:25:29,Tactical HUD,video,0,10
2026-07-29 07:25:30,Tactical HUD,video,0,6
2026-07-29 07:25:31,Tactical HUD,video,0,7
2026-07-29 07:25:32,Tactical HUD,video,0,8
2026-07-29 07:25:33,Tactical HUD,video,0,9
2026-07-29 07:25:34,Tactical HUD,video,0,7
2026-07-29 07:25:35,Tactical HUD,video,0,3
2026-07-29 07:25:36,Tactical HUD,video,0,2
2026-07-29 07:25:37,Tactical HUD,video,0,3
2026-07-29 07:25:38,Tactical HUD,video,0,3
2026-07-29 07:25:39,Tactical HUD,video,0,1
2026-07-29 07:25:40,Tactical HUD,video,0,10
2026-07-29 07:25:41,Tactical HUD,video,0,8
2026-07-29 07:25:42,Tactical HUD,video,0,8
2026-07-29 07:25:43,Tactical HUD,video,0,12
2026-07-29 07:25:44,Tactical HUD,video,0,10
2026-07-29 07:25:45,Tactical HUD,video,0,6
2026-07-29 07:25:46,Tactical HUD,video,0,9
2026-07-29 07:25:47,Tactical HUD,video,0,7
2026-07-29 07:25:48,Tactical HUD,video,0,6
2026-07-29 07:25:49,Tactical HUD,video,0,5
2026-07-29 07:25:50,Tactical HUD,video,0,3
2026-07-29 07:25:51,Tactical HUD,video,0,1
2026-07-29 07:25:52,Tactical HUD,video,0,3
2026-07-29 07:25:53,Tactical HUD,video,0,1
2026-07-29 07:25:54,Tactical HUD,video,0,0
2026-07-29 07:25:55,Tactical HUD,video,0,6
2026-07-29 07:25:56,Tactical HUD,video,0,11
2026-07-29 07:25:57,Tactical HUD,video,0,4
2026-07-29 07:25:58,Tactical HUD,video,0,8
2026-07-29 07:25:59,Tactical HUD,video,0,7
2026-07-29 07:26:00,Tactical HUD,video,0,7
2026-07-29 07:26:01,Tactical HUD,video,0,9
2026-07-29 07:26:02,Tactical HUD,video,0,5
2026-07-29 07:26:03,Tactical HUD,video,0,5
2026-07-29 07:26:04,Tactical HUD,video,0,4
2026-07-29 07:26:05,Tactical HUD,video,0,4
2026-07-29 07:26:06,Tactical HUD,video,0,1
2026-07-29 07:26:07,Tactical HUD,video,0,1
2026-07-29 07:26:08,Tactical HUD,video,0,0
2026-07-29 07:26:09,Tactical HUD,video,0,0
2026-07-29 07:26:11,Tactical HUD,video,0,7
2026-07-29 07:26:12,Tactical HUD,video,0,5
2026-07-29 07:26:13,Tactical HUD,video,0,9
2026-07-29 07:26:14,Tactical HUD,video,0,10
2026-07-29 07:26:15,Tactical HUD,video,0,5
2026-07-29 07:26:16,Tactical HUD,video,0,7
2026-07-29 07:26:17,Tactical HUD,video,0,8
2026-07-29 07:26:18,Tactical HUD,video,0,8
2026-07-29 07:26:19,Tactical HUD,video,0,7
2026-07-29 07:26:20,Tactical HUD,video,0,4
2026-07-29 07:26:21,Tactical HUD,video,0,2
2026-07-29 07:26:22,Tactical HUD,video,0,3
2026-07-29 07:26:23,Tactical HUD,video,0,3
2026-07-29 07:26:24,Tactical HUD,video,0,1
2026-07-29 07:26:25,Tactical HUD,video,0,10
2026-07-29 07:26:26,Tactical HUD,video,0,8
2026-07-29 07:26:27,Tactical HUD,video,0,8
2026-07-29 07:26:28,Tactical HUD,video,0,12
2026-07-29 07:26:29,Tactical HUD,video,0,10
2026-07-29 07:26:30,Tactical HUD,video,0,6
2026-07-29 07:26:31,Tactical HUD,video,0,9
2026-07-29 07:26:32,Detection,video,0,7
2026-07-29 07:26:33,Detection,video,0,8
2026-07-29 07:26:34,Detection,video,0,10
2026-07-29 07:26:35,Detection,video,0,4
2026-07-29 07:26:36,Detection,video,0,2
2026-07-29 07:26:37,Detection,video,0,1
2026-07-29 07:26:38,Detection,video,0,0
2026-07-29 07:26:39,Detection,video,0,0
2026-07-29 07:26:40,Detection,video,0,4
2026-07-29 07:26:41,Pose,video,0,4
2026-07-29 07:26:42,Pose,video,0,4
2026-07-29 07:26:43,Pose,video,0,4
2026-07-29 07:26:44,Pose,video,0,4
2026-07-29 07:26:45,Pose,video,0,4
2026-07-29 07:26:46,Pose,video,0,4
2026-07-29 07:26:47,Pose,video,0,4
2026-07-29 07:26:48,Pose,video,0,4
2026-07-29 07:26:49,Pose,video,0,4
2026-07-29 07:26:50,Pose,video,0,4
2026-07-29 07:26:51,Pose,video,0,4
2026-07-29 07:26:52,Segmentation,video,0,4
2026-07-29 07:26:53,Segmentation,video,0,4
2026-07-29 07:26:54,Segmentation,video,0,4
2026-07-29 07:26:55,Segmentation,video,0,4
2026-07-29 07:26:56,Segmentation,video,0,4
2026-07-29 07:26:57,Pose,video,0,4
2026-07-29 07:26:58,Detection,video,0,11
2026-07-29 07:26:59,Pose,video,0,8
2026-07-29 07:27:00,Segmentation,video,0,8
2026-07-29 07:27:01,Segmentation,video,0,8
2026-07-29 07:27:02,Segmentation,video,0,8
2026-07-29 07:27:03,Segmentation,video,0,8
2026-07-29 07:27:04,Segmentation,video,0,8
2026-07-29 07:27:05,Segmentation,video,0,8
2026-07-29 07:27:06,Segmentation,video,0,8
2026-07-29 07:27:07,Segmentation,video,0,8
2026-07-29 07:27:08,Segmentation,video,0,8
2026-07-29 07:27:09,Segmentation,video,0,8
2026-07-29 07:27:10,Segmentation,video,0,8
2026-07-29 07:27:11,Segmentation,video,0,8
2026-07-29 07:27:12,Segmentation,video,0,8
2026-07-29 07:27:13,Segmentation,video,0,8
2026-07-29 07:27:14,Segmentation,video,0,8
2026-07-29 07:27:15,Segmentation,video,0,8
2026-07-29 07:27:16,Segmentation,video,0,8
2026-07-29 07:27:17,Pose,video,0,8
2026-07-29 07:27:18,Pose,video,0,8
2026-07-29 07:27:19,Detection,video,0,5
2026-07-29 07:27:20,Detection,video,0,2
2026-07-29 07:27:21,Detection,video,0,1
2026-07-29 07:27:22,Detection,video,0,0
2026-07-29 07:27:23,Detection,video,0,0
2026-07-29 07:27:24,Detection,video,0,5
2026-07-29 07:27:25,Detection,video,0,10
2026-07-29 07:27:26,Detection,video,0,13
2026-07-29 07:27:27,Detection,video,0,14
2026-07-29 07:27:28,Tracking,video,0,8
2026-07-29 07:27:29,Tracking,video,0,6
2026-07-29 07:27:30,Tracking,video,0,8
2026-07-29 07:27:31,Tracking,video,0,8
2026-07-29 07:27:32,Tracking,video,0,8
2026-07-29 07:27:34,Tracking,video,0,6
2026-07-29 07:27:35,Tracking,video,0,5
2026-07-29 07:27:36,Tracking,video,0,2
2026-07-29 07:27:37,Detection,video,0,1
2026-07-29 07:27:38,Detection,video,0,3
2026-07-29 07:27:39,Detection,live,0,0
2026-07-29 07:27:40,Detection,live,0,0
2026-07-29 07:27:41,Detection,live,0,0
2026-07-29 07:27:42,Detection,live,0,0
2026-07-29 07:27:43,Detection,live,0,0
2026-07-29 07:27:44,Detection,live,0,0
2026-07-29 07:27:45,Detection,live,0,0
2026-07-29 07:27:46,Detection,live,0,0
2026-07-29 07:27:47,Detection,live,0,0
2026-07-29 07:27:48,Detection,live,0,0
2026-07-29 07:27:49,Detection,live,0,0
2026-07-29 07:27:50,Detection,live,0,0
2026-07-29 07:27:51,Detection,live,0,0
2026-07-29 07:27:52,Detection,live,0,0
2026-07-29 07:27:53,Detection,live,0,0
2026-07-29 07:27:54,Detection,live,0,0
2026-07-29 07:27:55,Detection,live,0,0
2026-07-29 07:27:56,Detection,live,0,0
2026-07-29 07:27:57,Detection,live,0,0
2026-07-29 07:27:58,Detection,live,0,0
2026-07-29 07:27:59,Detection,live,0,0
2026-07-29 07:28:00,Detection,live,0,0
2026-07-29 07:28:01,Detection,live,0,0
2026-07-29 07:28:02,Detection,live,0,0
2026-07-29 07:28:03,Detection,live,0,0
2026-07-29 07:28:04,Detection,live,0,0
2026-07-29 07:28:05,Detection,live,0,0
2026-07-29 07:28:06,Tactical HUD,live,0,2
2026-07-29 07:28:07,Tactical HUD,live,0,2
2026-07-29 07:28:08,Tactical HUD,live,0,2
2026-07-29 07:28:09,Tactical HUD,live,0,1
2026-07-29 07:28:10,Tactical HUD,live,0,1
2026-07-29 07:28:11,Tactical HUD,live,0,1
2026-07-29 07:28:12,Tactical HUD,live,0,1
2026-07-29 07:28:13,Tactical HUD,live,0,1
2026-07-29 07:28:14,Tactical HUD,live,0,1
2026-07-29 07:28:15,Tactical HUD,live,0,1
2026-07-29 07:28:16,Tactical HUD,live,0,1
2026-07-29 07:28:17,Tactical HUD,live,0,1
2026-07-29 07:28:18,Tactical HUD,live,0,1
2026-07-29 07:28:19,Tactical HUD,live,0,1
2026-07-29 07:28:20,Tactical HUD,live,0,1
2026-07-29 07:28:21,Tactical HUD,live,0,1
2026-07-29 07:28:22,Tactical HUD,live,0,1
2026-07-29 07:28:23,Tactical HUD,live,0,1
2026-07-29 07:28:24,Tactical HUD,live,0,1
2026-07-29 07:28:25,Tactical HUD,live,0,1
2026-07-29 07:28:26,Tactical HUD,live,0,1
2026-07-29 07:28:27,Tactical HUD,live,0,1
2026-07-29 07:28:28,Tactical HUD,live,0,1
2026-07-29 07:28:29,Tactical HUD,live,0,1
2026-07-29 07:28:30,Tactical HUD,live,0,1
2026-07-29 07:28:31,Tactical HUD,live,0,1
2026-07-29 07:28:32,Tactical HUD,live,0,1
2026-07-29 07:28:33,Tactical HUD,live,0,2
2026-07-29 07:28:34,Tactical HUD,live,0,3
2026-07-29 07:28:35,Tactical HUD,video,0,2
2026-07-29 07:28:36,Tactical HUD,video,0,2
2026-07-29 07:28:37,Tactical HUD,video,0,6
2026-07-29 07:28:38,Tactical HUD,video,0,6
2026-07-29 07:28:39,Tactical HUD,video,0,11
2026-07-29 07:28:40,Tactical HUD,video,0,9
2026-07-29 07:28:41,Tactical HUD,video,0,7
2026-07-29 07:28:42,Tactical HUD,video,0,10
2026-07-29 07:28:43,Tactical HUD,video,0,8
2026-07-29 07:28:44,Tactical HUD,video,0,7
2026-07-29 07:28:45,Tactical HUD,video,0,5
2026-07-29 07:28:46,Tactical HUD,video,0,2
2026-07-29 07:28:47,Tactical HUD,video,0,2
2026-07-29 07:28:48,Tactical HUD,video,0,4
2026-07-29 07:28:49,Tactical HUD,video,0,1
2026-07-29 07:28:50,Tactical HUD,video,0,1
2026-07-29 07:28:51,Tactical HUD,video,0,7
2026-07-29 07:28:53,Tactical HUD,video,0,9
2026-07-29 07:28:54,Tactical HUD,video,0,7
2026-07-29 07:28:55,Tactical HUD,video,0,12
2026-07-29 07:28:56,Tactical HUD,video,0,6
2026-07-29 07:28:57,Tactical HUD,video,0,6
2026-07-29 07:28:58,Tactical HUD,video,0,10
2026-07-29 07:28:59,Tactical HUD,video,0,8
2026-07-29 07:29:00,Tactical HUD,video,0,9
2026-07-29 07:29:01,Tactical HUD,video,0,6
2026-07-29 07:29:02,Tactical HUD,video,0,5
2026-07-29 07:29:03,Tactical HUD,video,0,1
2026-07-29 07:29:04,Tactical HUD,video,0,3
2026-07-29 07:29:05,Tactical HUD,video,0,1
2026-07-29 07:29:06,Tactical HUD,video,0,0
2026-07-29 07:29:07,Tactical HUD,video,0,7
2026-07-29 07:29:08,Tactical HUD,video,0,6
2026-07-29 07:29:09,Tactical HUD,video,0,8
2026-07-29 07:29:10,Tactical HUD,video,0,7
2026-07-29 07:29:11,Tactical HUD,video,0,6
2026-07-29 07:29:12,Tactical HUD,video,0,10
2026-07-29 07:29:13,Tactical HUD,video,0,8
2026-07-29 07:29:14,Tactical HUD,video,0,6
2026-07-29 07:29:15,Tactical HUD,video,0,5
2026-07-29 07:29:16,Tactical HUD,video,0,4
2026-07-29 07:29:17,Tactical HUD,video,0,2
2026-07-29 07:29:18,Tactical HUD,video,0,2
2026-07-29 07:29:19,Tactical HUD,video,0,4
2026-07-29 07:29:20,Tactical HUD,video,0,0
2026-07-29 07:29:21,Tactical HUD,video,0,7
2026-07-29 07:29:22,Tactical HUD,video,0,5
2026-07-29 07:29:23,Tactical HUD,video,0,7
2026-07-29 07:29:24,Tactical HUD,video,0,12
2026-07-29 07:29:25,Tactical HUD,video,0,8
2026-07-29 07:29:26,Tactical HUD,video,0,8
2026-07-29 07:29:27,Tactical HUD,video,0,8
2026-07-29 07:29:28,Tactical HUD,video,0,7
2026-07-29 07:29:29,Tactical HUD,video,0,8
2026-07-29 07:29:30,Tactical HUD,video,0,6
2026-07-29 07:29:31,Tactical HUD,video,0,2
2026-07-29 07:29:32,Tactical HUD,video,0,1
2026-07-29 07:29:33,Tactical HUD,video,0,3
2026-07-29 07:29:34,Tactical HUD,video,0,1
2026-07-29 07:29:35,Tactical HUD,video,0,0
2026-07-29 07:29:36,Tactical HUD,video,0,7
2026-07-29 07:29:37,Tactical HUD,video,0,8
2026-07-29 07:29:38,Tactical HUD,video,0,7
2026-07-29 07:29:39,Tactical HUD,video,0,9
2026-07-29 07:29:40,Tactical HUD,video,0,6
2026-07-29 07:29:41,Tactical HUD,video,0,6
2026-07-29 07:29:42,Tactical HUD,video,0,9
2026-07-29 07:29:43,Tactical HUD,video,0,8
2026-07-29 07:29:44,Tactical HUD,video,0,9
2026-07-29 07:29:45,Tactical HUD,video,0,6
2026-07-29 07:29:46,Tactical HUD,video,0,5
2026-07-29 07:29:47,Tactical HUD,video,0,1
2026-07-29 07:29:48,Tactical HUD,video,0,3
2026-07-29 07:29:49,Tactical HUD,video,0,1
2026-07-29 07:29:50,Tactical HUD,video,0,0
2026-07-29 07:29:51,Tactical HUD,video,0,7
2026-07-29 07:29:52,Tactical HUD,video,0,6
2026-07-29 07:29:53,Tactical HUD,video,0,8
2026-07-29 07:29:54,Tactical HUD,video,0,9
2026-07-29 07:29:55,Tactical HUD,video,0,6
2026-07-29 07:29:56,Tactical HUD,video,0,10
2026-07-29 07:29:57,Tactical HUD,video,0,8
2026-07-29 07:29:58,Tactical HUD,video,0,6
2026-07-29 07:29:59,Tactical HUD,video,0,7
2026-07-29 07:30:00,Tactical HUD,video,0,4
2026-07-29 07:30:01,Tactical HUD,video,0,2
2026-07-29 07:30:02,Tactical HUD,video,0,2
2026-07-29 07:30:03,Tactical HUD,video,0,4
2026-07-29 07:30:04,Tactical HUD,video,0,0
2026-07-29 07:30:05,Tactical HUD,video,0,7
2026-07-29 07:30:06,Tactical HUD,video,0,4
2026-07-29 07:30:07,Tactical HUD,video,0,7
2026-07-29 07:30:08,Tactical HUD,video,0,9
2026-07-29 07:30:09,Tactical HUD,video,0,9
2026-07-29 07:30:10,Tactical HUD,video,0,7
2026-07-29 07:30:11,Tactical HUD,video,0,7
2026-07-29 07:30:12,Tactical HUD,video,0,8
2026-07-29 07:30:13,Tactical HUD,video,0,6
2026-07-29 07:30:14,Tactical HUD,video,0,6
2026-07-29 07:30:15,Tactical HUD,video,0,3
2026-07-29 07:30:16,Tactical HUD,video,0,1
2026-07-29 07:30:17,Tactical HUD,video,0,4
2026-07-29 07:30:18,Tactical HUD,video,0,0
2026-07-29 07:30:19,Tactical HUD,video,0,0
2026-07-29 07:30:20,Tactical HUD,video,0,7
2026-07-29 07:30:21,Tactical HUD,video,0,7
2026-07-29 07:30:22,Tactical HUD,video,0,6
2026-07-29 07:30:23,Tactical HUD,video,0,8
2026-07-29 07:30:25,Tactical HUD,video,0,6
2026-07-29 07:30:26,Tactical HUD,video,0,6
2026-07-29 07:30:27,Tactical HUD,video,0,8
2026-07-29 07:30:28,Tactical HUD,video,0,5
2026-07-29 07:30:29,Tactical HUD,video,0,9
2026-07-29 07:30:30,Tactical HUD,video,0,3
2026-07-29 07:30:31,Tactical HUD,video,0,4
2026-07-29 07:30:32,Tactical HUD,video,0,1
2026-07-29 07:30:33,Tactical HUD,video,0,2
2026-07-29 07:30:34,Tactical HUD,video,0,0
2026-07-29 07:30:35,Tactical HUD,video,0,0
2026-07-29 07:30:36,Tactical HUD,video,0,6
2026-07-29 07:30:37,Tactical HUD,video,0,5
2026-07-29 07:30:38,Tactical HUD,video,0,5
2026-07-29 07:30:39,Tactical HUD,video,0,10
2026-07-29 07:30:40,Tactical HUD,video,0,6
2026-07-29 07:30:41,Tactical HUD,video,0,8
2026-07-29 07:30:42,Tactical HUD,video,0,8
2026-07-29 07:30:43,Tactical HUD,video,0,7
2026-07-29 07:30:44,Tactical HUD,video,0,6
2026-07-29 07:30:45,Tactical HUD,video,0,5
2026-07-29 07:30:46,Tactical HUD,video,0,1
2026-07-29 07:30:47,Tactical HUD,video,0,2
2026-07-29 07:30:48,Tactical HUD,video,0,3
2026-07-29 07:30:49,Tactical HUD,video,0,0
2026-07-29 07:30:50,Tactical HUD,video,0,7
2026-07-29 07:30:51,Tactical HUD,video,0,4
2026-07-29 07:30:52,Tactical HUD,video,0,8
2026-07-29 07:30:53,Tactical HUD,video,0,10
2026-07-29 07:30:54,Tactical HUD,video,0,9
2026-07-29 07:30:55,Tactical HUD,video,0,8
2026-07-29 07:30:56,Tactical HUD,video,0,10
2026-07-29 07:30:57,Tactical HUD,video,0,7
2026-07-29 07:30:58,Tactical HUD,video,0,7
2026-07-29 07:30:59,Tactical HUD,video,0,5
2026-07-29 07:31:00,Tactical HUD,video,0,2
2026-07-29 07:31:01,Tactical HUD,video,0,2
2026-07-29 07:31:02,Tactical HUD,video,0,4
2026-07-29 07:31:03,Tactical HUD,video,0,1
2026-07-29 07:31:04,Tactical HUD,video,0,1
2026-07-29 07:31:05,Tactical HUD,video,0,7
2026-07-29 07:31:06,Tactical HUD,video,0,6
2026-07-29 07:31:07,Tactical HUD,video,0,6
2026-07-29 07:31:08,Tactical HUD,video,0,12
2026-07-29 07:31:09,Tactical HUD,video,0,8
2026-07-29 07:31:10,Tactical HUD,video,0,7
2026-07-29 07:31:11,Tactical HUD,video,0,8
2026-07-29 07:31:12,Tactical HUD,video,0,9
2026-07-29 07:31:13,Tactical HUD,video,0,8
2026-07-29 07:31:14,Tactical HUD,video,0,4
2026-07-29 07:31:15,Tactical HUD,video,0,3
2026-07-29 07:31:16,Tactical HUD,video,0,1
2026-07-29 07:31:17,Tactical HUD,video,0,2
2026-07-29 07:31:18,Tactical HUD,video,0,1
2026-07-29 07:31:19,Tactical HUD,video,0,0
2026-07-29 07:31:20,Tactical HUD,video,0,6
2026-07-29 07:31:21,Tactical HUD,video,0,9
2026-07-29 07:31:22,Tactical HUD,video,0,7
2026-07-29 07:31:23,Tactical HUD,video,0,8
2026-07-29 07:31:24,Tactical HUD,video,0,6
2026-07-29 07:31:25,Tactical HUD,video,0,8
2026-07-29 07:31:26,Tactical HUD,video,0,8
2026-07-29 07:31:27,Tactical HUD,video,0,6
2026-07-29 07:31:28,Tactical HUD,video,0,7
2026-07-29 07:31:29,Tactical HUD,video,0,6
2026-07-29 07:31:30,Tactical HUD,video,0,2
2026-07-29 07:31:31,Tactical HUD,video,0,1
2026-07-29 07:31:32,Tactical HUD,video,0,2
2026-07-29 07:31:33,Tactical HUD,video,0,0
2026-07-29 07:31:34,Tactical HUD,video,0,0
2026-07-29 07:31:35,Tactical HUD,video,0,7
2026-07-29 07:31:36,Tactical HUD,video,0,5
2026-07-29 07:31:37,Tactical HUD,video,0,9
2026-07-29 07:31:38,Tactical HUD,video,0,10
2026-07-29 07:31:39,Tactical HUD,video,0,6
2026-07-29 07:31:41,Tactical HUD,video,0,7
2026-07-29 07:31:42,Tactical HUD,video,0,8
2026-07-29 07:31:43,Tactical HUD,video,0,8
2026-07-29 07:31:44,Tactical HUD,video,0,6
2026-07-29 07:31:45,Tactical HUD,video,0,5
2026-07-29 07:31:46,Tactical HUD,video,0,2
2026-07-29 07:31:47,Tactical HUD,video,0,3
2026-07-29 07:31:48,Tactical HUD,video,0,3
2026-07-29 07:31:49,Tactical HUD,video,0,1
2026-07-29 07:31:50,Tactical HUD,video,0,4
2026-07-29 07:31:51,Tactical HUD,video,0,5
2026-07-29 07:31:52,Tactical HUD,video,0,6
2026-07-29 07:31:53,Tactical HUD,video,0,9
2026-07-29 07:31:54,Tactical HUD,video,0,8
2026-07-29 07:31:55,Tactical HUD,video,0,8
2026-07-29 07:31:56,Tactical HUD,video,0,9
2026-07-29 07:31:57,Tactical HUD,video,0,7
2026-07-29 07:31:58,Tactical HUD,video,0,8
2026-07-29 07:31:59,Tactical HUD,video,0,6
2026-07-29 07:32:00,Tactical HUD,video,0,4
2026-07-29 07:32:01,Tactical HUD,video,0,1
2026-07-29 07:32:02,Tactical HUD,video,0,3
2026-07-29 07:32:03,Tactical HUD,video,0,1
2026-07-29 07:32:04,Tactical HUD,video,0,1
2026-07-29 07:32:05,Tactical HUD,video,0,7
2026-07-29 07:32:06,Tactical HUD,video,0,6
2026-07-29 07:32:07,Tactical HUD,video,0,6
2026-07-29 07:32:08,Tactical HUD,video,0,9
2026-07-29 07:32:09,Tactical HUD,video,0,8
2026-07-29 07:32:10,Tactical HUD,video,0,7
2026-07-29 07:32:11,Tactical HUD,video,0,10
2026-07-29 07:32:12,Tactical HUD,video,0,7
2026-07-29 07:32:13,Tactical HUD,video,0,6
2026-07-29 07:32:14,Tactical HUD,video,0,6
2026-07-29 07:32:15,Tactical HUD,video,0,3
2026-07-29 07:32:16,Tactical HUD,video,0,1
2026-07-29 07:32:17,Tactical HUD,video,0,3
2026-07-29 07:32:18,Tactical HUD,video,0,1
2026-07-29 07:32:19,Tactical HUD,video,0,0
2026-07-29 07:32:20,Tactical HUD,video,0,6
2026-07-29 07:32:21,Tactical HUD,video,0,10
2026-07-29 07:32:22,Tactical HUD,video,0,4
2026-07-29 07:32:23,Tactical HUD,video,0,8
2026-07-29 07:32:24,Tactical HUD,video,0,10
2026-07-29 07:32:25,Tactical HUD,video,0,6
2026-07-29 07:32:26,Tactical HUD,video,0,10
2026-07-29 07:32:27,Tactical HUD,video,0,6
2026-07-29 07:32:28,Tactical HUD,video,0,9
2026-07-29 07:32:29,Tactical HUD,video,0,3
2026-07-29 07:32:30,Tactical HUD,video,0,4
2026-07-29 07:32:31,Tactical HUD,video,0,2
2026-07-29 07:32:32,Tactical HUD,video,0,2
2026-07-29 07:32:33,Tactical HUD,video,0,1
2026-07-29 07:32:34,Tactical HUD,video,0,0
2026-07-29 07:32:35,Tactical HUD,video,0,7
2026-07-29 07:32:36,Tactical HUD,video,0,6
2026-07-29 07:32:37,Tactical HUD,video,0,7
2026-07-29 07:32:38,Tactical HUD,video,0,11
2026-07-29 07:32:39,Tactical HUD,video,0,10
2026-07-29 07:32:40,Tactical HUD,video,0,9
2026-07-29 07:32:41,Tactical HUD,video,0,8
2026-07-29 07:32:42,Tactical HUD,video,0,6
2026-07-29 07:32:43,Tactical HUD,video,0,7
2026-07-29 07:32:44,Tactical HUD,video,0,4
2026-07-29 07:32:45,Tactical HUD,video,0,1
2026-07-29 07:32:46,Tactical HUD,video,0,1
2026-07-29 07:32:47,Tactical HUD,video,0,3
2026-07-29 07:32:48,Tactical HUD,video,0,1
2026-07-29 07:32:49,Tactical HUD,video,0,7
2026-07-29 07:32:50,Tactical HUD,video,0,5
2026-07-29 07:32:51,Tactical HUD,video,0,8
2026-07-29 07:32:52,Tactical HUD,video,0,9
2026-07-29 07:32:53,Tactical HUD,video,0,10
2026-07-29 07:32:54,Tactical HUD,video,0,8
2026-07-29 07:32:55,Tactical HUD,video,0,9
2026-07-29 07:32:56,Tactical HUD,video,0,7
2026-07-29 07:32:57,Tactical HUD,video,0,7
2026-07-29 07:32:58,Tactical HUD,video,0,5
2026-07-29 07:33:00,Tactical HUD,video,0,4
2026-07-29 07:33:01,Tactical HUD,video,0,1
2026-07-29 07:33:02,Tactical HUD,video,0,3
2026-07-29 07:33:03,Tactical HUD,video,0,1
2026-07-29 07:33:04,Tactical HUD,video,0,1
2026-07-29 07:33:05,Tactical HUD,video,0,7
2026-07-29 07:33:06,Tactical HUD,video,0,9
2026-07-29 07:33:07,Tactical HUD,video,0,7
2026-07-29 07:33:08,Tactical HUD,video,0,9
2026-07-29 07:33:09,Tactical HUD,video,0,6
2026-07-29 07:33:10,Tactical HUD,video,0,6
2026-07-29 07:33:11,Tactical HUD,video,0,10
2026-07-29 07:33:12,Tactical HUD,video,0,8
2026-07-29 07:33:13,Tactical HUD,video,0,9
2026-07-29 07:33:14,Tactical HUD,video,0,6
2026-07-29 07:33:15,Tactical HUD,video,0,4
2026-07-29 07:33:16,Tactical HUD,video,0,1
2026-07-29 07:33:17,Tactical HUD,video,0,2
2026-07-29 07:33:18,Tactical HUD,video,0,1
2026-07-29 07:33:19,Tactical HUD,video,0,0
2026-07-29 07:33:20,Tactical HUD,video,0,8
2026-07-29 07:33:21,Tactical HUD,video,0,7
2026-07-29 07:33:22,Tactical HUD,video,0,7
2026-07-29 07:33:23,Tactical HUD,video,0,11
2026-07-29 07:33:24,Tactical HUD,video,0,8
2026-07-29 07:33:25,Tactical HUD,video,0,8
2026-07-29 07:33:26,Tactical HUD,video,0,9
2026-07-29 07:33:27,Tactical HUD,video,0,5
2026-07-29 07:33:28,Tactical HUD,video,0,7
2026-07-29 07:33:29,Tactical HUD,video,0,4
2026-07-29 07:33:30,Tactical HUD,video,0,2
2026-07-29 07:33:31,Tactical HUD,video,0,1
2026-07-29 07:33:32,Tactical HUD,video,0,2
2026-07-29 07:33:33,Tactical HUD,video,0,1
2026-07-29 07:33:34,Tactical HUD,video,0,0
2026-07-29 07:33:35,Tactical HUD,video,0,6
2026-07-29 07:33:36,Tactical HUD,video,0,7
2026-07-29 07:33:37,Tactical HUD,video,0,11
2026-07-29 07:33:38,Tactical HUD,video,0,9
2026-07-29 07:33:39,Tactical HUD,video,0,7
2026-07-29 07:33:40,Tactical HUD,video,0,10
2026-07-29 07:33:41,Tactical HUD,video,0,8
2026-07-29 07:33:42,Tactical HUD,video,0,8
2026-07-29 07:33:43,Tactical HUD,video,0,7
2026-07-29 07:33:44,Tactical HUD,video,0,2
2026-07-29 07:33:45,Tactical HUD,video,0,2
2026-07-29 07:33:46,Tactical HUD,video,0,3
2026-07-29 07:33:47,Tactical HUD,video,0,0
2026-07-29 07:33:48,Tactical HUD,video,0,2
2026-07-29 07:33:49,Tactical HUD,video,0,9
2026-07-29 07:33:50,Tactical HUD,video,0,5
2026-07-29 07:33:51,Tactical HUD,video,0,8
2026-07-29 07:33:52,Tactical HUD,video,0,8
2026-07-29 07:33:53,Tactical HUD,video,0,10
2026-07-29 07:33:54,Tactical HUD,video,0,6
2026-07-29 07:33:55,Tactical HUD,video,0,9
2026-07-29 07:33:56,Tactical HUD,video,0,7
2026-07-29 07:33:57,Tactical HUD,video,0,6
2026-07-29 07:33:58,Tactical HUD,video,0,6
2026-07-29 07:33:59,Tactical HUD,video,0,3
2026-07-29 07:34:00,Tactical HUD,video,0,1
2026-07-29 07:34:01,Tactical HUD,video,0,4
2026-07-29 07:34:02,Tactical HUD,video,0,1
2026-07-29 07:34:03,Tactical HUD,video,0,0
2026-07-29 07:34:04,Tactical HUD,video,0,7
2026-07-29 07:34:05,Tactical HUD,video,0,8
2026-07-29 07:34:06,Tactical HUD,video,0,9
2026-07-29 07:34:07,Tactical HUD,video,0,9
2026-07-29 07:34:08,Tactical HUD,video,0,6
2026-07-29 07:34:09,Tactical HUD,video,0,6
2026-07-29 07:34:10,Tactical HUD,video,0,9
2026-07-29 07:34:11,Tactical HUD,video,0,8
2026-07-29 07:34:12,Tactical HUD,video,0,8
2026-07-29 07:34:13,Tactical HUD,video,0,6
2026-07-29 07:34:14,Tactical HUD,video,0,4
2026-07-29 07:34:15,Tactical HUD,video,0,1
2026-07-29 07:34:16,Tactical HUD,video,0,2
2026-07-29 07:34:17,Tactical HUD,video,0,1
2026-07-29 07:34:18,Tactical HUD,video,0,0
2026-07-29 07:34:19,Tactical HUD,video,0,7
2026-07-29 07:34:20,Tactical HUD,video,0,7
2026-07-29 07:34:22,Tactical HUD,video,0,7
2026-07-29 07:34:23,Tactical HUD,video,0,11
2026-07-29 07:34:24,Tactical HUD,video,0,10
2026-07-29 07:34:25,Tactical HUD,video,0,8
2026-07-29 07:34:26,Tactical HUD,video,0,9
2026-07-29 07:34:27,Tactical HUD,video,0,7
2026-07-29 07:34:28,Tactical HUD,video,0,6
2026-07-29 07:34:29,Tactical HUD,video,0,4
2026-07-29 07:34:30,Tactical HUD,video,0,2
2026-07-29 07:34:31,Tactical HUD,video,0,1
2026-07-29 07:34:32,Tactical HUD,video,0,3
2026-07-29 07:34:33,Tactical HUD,video,0,1
2026-07-29 07:34:34,Tactical HUD,video,0,0
2026-07-29 07:34:35,Tactical HUD,video,0,6
2026-07-29 07:34:36,Tactical HUD,video,0,8
2026-07-29 07:34:37,Tactical HUD,video,0,10
2026-07-29 07:34:38,Tactical HUD,video,0,9
2026-07-29 07:34:39,Tactical HUD,video,0,8
2026-07-29 07:34:40,Tactical HUD,video,0,10
2026-07-29 07:34:41,Tactical HUD,video,0,7
2026-07-29 07:34:42,Tactical HUD,video,0,7
2026-07-29 07:34:43,Tactical HUD,video,0,5
2026-07-29 07:34:44,Tactical HUD,video,0,2
2026-07-29 07:34:45,Tactical HUD,video,0,1
2026-07-29 07:34:46,Tactical HUD,video,0,3
2026-07-29 07:34:47,Tactical HUD,video,0,1
2026-07-29 07:34:48,Tactical HUD,video,0,1
2026-07-29 07:34:49,Tactical HUD,video,0,7
2026-07-29 07:34:50,Tactical HUD,video,0,9
2026-07-29 07:34:51,Tactical HUD,video,0,7
2026-07-29 07:34:52,Tactical HUD,video,0,12
2026-07-29 07:34:53,Tactical HUD,video,0,6
2026-07-29 07:34:54,Tactical HUD,video,0,6
2026-07-29 07:34:55,Tactical HUD,video,0,9
2026-07-29 07:34:56,Tactical HUD,video,0,8
2026-07-29 07:34:57,Tactical HUD,video,0,9
2026-07-29 07:34:58,Tactical HUD,video,0,4
2026-07-29 07:34:59,Tactical HUD,video,0,4
2026-07-29 07:35:00,Tactical HUD,video,0,1
2026-07-29 07:35:01,Tactical HUD,video,0,2
2026-07-29 07:35:02,Tactical HUD,video,0,1
2026-07-29 07:35:03,Tactical HUD,video,0,0
2026-07-29 07:35:04,Tactical HUD,video,0,8
2026-07-29 07:35:05,Tactical HUD,video,0,7
2026-07-29 07:35:06,Tactical HUD,video,0,7
2026-07-29 07:35:07,Tactical HUD,video,0,11
2026-07-29 07:35:08,Tactical HUD,video,0,8
2026-07-29 07:35:09,Tactical HUD,video,0,8
2026-07-29 07:35:10,Tactical HUD,video,0,9
2026-07-29 07:35:11,Tactical HUD,video,0,5
2026-07-29 07:35:12,Tactical HUD,video,0,6
2026-07-29 07:35:13,Tactical HUD,video,0,4
2026-07-29 07:35:14,Tactical HUD,video,0,1
2026-07-29 07:35:15,Tactical HUD,video,0,1
2026-07-29 07:35:16,Tactical HUD,video,0,3
2026-07-29 07:35:17,Tactical HUD,video,0,1
2026-07-29 07:35:18,Tactical HUD,video,0,7
2026-07-29 07:35:19,Tactical HUD,video,0,6
2026-07-29 07:35:20,Tactical HUD,video,0,7
2026-07-29 07:35:21,Tactical HUD,video,0,10
2026-07-29 07:35:22,Tactical HUD,video,0,9
2026-07-29 07:35:23,Tactical HUD,video,0,8
2026-07-29 07:35:24,Tactical HUD,video,0,9
2026-07-29 07:35:25,Tactical HUD,video,0,7
2026-07-29 07:35:26,Tactical HUD,video,0,8
2026-07-29 07:35:27,Tactical HUD,video,0,6
2026-07-29 07:35:28,Tactical HUD,video,0,2
2026-07-29 07:35:30,Tactical HUD,video,0,1
2026-07-29 07:35:31,Tactical HUD,video,0,3
2026-07-29 07:35:32,Tactical HUD,video,0,1
2026-07-29 07:35:33,Tactical HUD,video,0,0
2026-07-29 07:35:34,Tactical HUD,video,0,7
2026-07-29 07:35:35,Tactical HUD,video,0,9
2026-07-29 07:35:36,Tactical HUD,video,0,9
2026-07-29 07:35:37,Tactical HUD,video,0,9
2026-07-29 07:35:38,Tactical HUD,video,0,6
2026-07-29 07:35:39,Tactical HUD,video,0,6
2026-07-29 07:35:40,Tactical HUD,video,0,9
2026-07-29 07:35:41,Tactical HUD,video,0,8
2026-07-29 07:35:42,Tactical HUD,video,0,8
2026-07-29 07:35:43,Tactical HUD,video,0,6
2026-07-29 07:35:44,Tactical HUD,video,0,5
2026-07-29 07:35:45,Tactical HUD,video,0,1
2026-07-29 07:35:46,Tactical HUD,video,0,3
2026-07-29 07:35:47,Tactical HUD,video,0,1
2026-07-29 07:35:48,Tactical HUD,video,0,0
2026-07-29 07:35:49,Tactical HUD,video,0,7
2026-07-29 07:35:50,Tactical HUD,video,0,6
2026-07-29 07:35:51,Tactical HUD,video,0,8
2026-07-29 07:35:52,Tactical HUD,video,0,9
2026-07-29 07:35:53,Tactical HUD,video,0,10
2026-07-29 07:35:54,Tactical HUD,video,0,8
2026-07-29 07:35:55,Tactical HUD,video,0,9
2026-07-29 07:35:56,Tactical HUD,video,0,5
2026-07-29 07:35:57,Tactical HUD,video,0,7
2026-07-29 07:35:58,Tactical HUD,video,0,5
2026-07-29 07:35:59,Tactical HUD,video,0,2
2026-07-29 07:36:00,Tactical HUD,video,0,1
2026-07-29 07:36:01,Tactical HUD,video,0,2
2026-07-29 07:36:02,Tactical HUD,video,0,1
2026-07-29 07:36:03,Tactical HUD,video,0,0
2026-07-29 07:36:04,Tactical HUD,video,0,6
2026-07-29 07:36:05,Tactical HUD,video,0,7
2026-07-29 07:36:06,Tactical HUD,video,0,11
2026-07-29 07:36:07,Tactical HUD,video,0,9
2026-07-29 07:36:08,Tactical HUD,video,0,7
2026-07-29 07:36:09,Tactical HUD,video,0,10
2026-07-29 07:36:10,Tactical HUD,video,0,7
2026-07-29 07:36:11,Tactical HUD,video,0,7
2026-07-29 07:36:12,Tactical HUD,video,0,6
2026-07-29 07:36:13,Tactical HUD,video,0,2
2026-07-29 07:36:14,Tactical HUD,video,0,4
2026-07-29 07:36:15,Tactical HUD,video,0,4
2026-07-29 07:36:16,Tactical HUD,video,0,1
2026-07-29 07:36:17,Tactical HUD,video,0,1
2026-07-29 07:36:18,Tactical HUD,video,0,9
2026-07-29 07:36:19,Tactical HUD,video,0,7
2026-07-29 07:36:20,Tactical HUD,video,0,8
2026-07-29 07:36:21,Tactical HUD,video,0,9
2026-07-29 07:36:22,Tactical HUD,video,0,8
2026-07-29 07:36:23,Tactical HUD,video,0,7
2026-07-29 07:36:24,Tactical HUD,video,0,10
2026-07-29 07:36:25,Tactical HUD,video,0,8
2026-07-29 07:36:26,Tactical HUD,video,0,7
2026-07-29 07:36:27,Tactical HUD,video,0,6
2026-07-29 07:36:28,Tactical HUD,video,0,4
2026-07-29 07:36:29,Tactical HUD,video,0,1
2026-07-29 07:36:30,Tactical HUD,video,0,2
2026-07-29 07:36:31,Tactical HUD,video,0,1
2026-07-29 07:36:33,Tactical HUD,video,0,0
2026-07-29 07:36:34,Tactical HUD,video,0,6
2026-07-29 07:36:35,Tactical HUD,video,0,6
2026-07-29 07:36:36,Tactical HUD,video,0,7
2026-07-29 07:36:37,Tactical HUD,video,0,8
2026-07-29 07:36:38,Tactical HUD,video,0,7
2026-07-29 07:36:39,Tactical HUD,video,0,6
2026-07-29 07:36:40,Tactical HUD,video,0,8
2026-07-29 07:36:41,Tactical HUD,video,0,6
2026-07-29 07:36:42,Tactical HUD,video,0,7
2026-07-29 07:36:43,Tactical HUD,video,0,5
2026-07-29 07:36:44,Tactical HUD,video,0,2
2026-07-29 07:36:45,Tactical HUD,video,0,1
2026-07-29 07:36:46,Tactical HUD,video,0,4
2026-07-29 07:36:47,Tactical HUD,video,0,1
2026-07-29 07:36:48,Tactical HUD,video,0,0
2026-07-29 07:36:49,Tactical HUD,video,0,7
2026-07-29 07:36:50,Tactical HUD,video,0,5
2026-07-29 07:36:51,Tactical HUD,video,0,7
2026-07-29 07:36:52,Tactical HUD,video,0,11
2026-07-29 07:36:53,Tactical HUD,video,0,6
2026-07-29 07:36:54,Tactical HUD,video,0,10
2026-07-29 07:36:55,Tactical HUD,video,0,8
2026-07-29 07:36:56,Tactical HUD,video,0,7
2026-07-29 07:36:57,Tactical HUD,video,0,6
2026-07-29 07:36:58,Tactical HUD,video,0,4
2026-07-29 07:36:59,Tactical HUD,video,0,2
2026-07-29 07:37:00,Tactical HUD,video,0,1
2026-07-29 07:37:01,Tactical HUD,video,0,4
2026-07-29 07:37:02,Tactical HUD,video,0,1
2026-07-29 07:37:03,Tactical HUD,video,0,0
2026-07-29 07:37:04,Tactical HUD,video,0,6
2026-07-29 07:37:05,Tactical HUD,video,0,5
2026-07-29 07:37:06,Tactical HUD,video,0,8
2026-07-29 07:37:07,Tactical HUD,video,0,9
2026-07-29 07:37:08,Tactical HUD,video,0,10
2026-07-29 07:37:09,Tactical HUD,video,0,8
2026-07-29 07:37:10,Tactical HUD,video,0,10
2026-07-29 07:37:11,Tactical HUD,video,0,4
2026-07-29 07:37:12,Tactical HUD,video,0,7
2026-07-29 07:37:13,Tactical HUD,video,0,6
2026-07-29 07:37:14,Tactical HUD,video,0,2
2026-07-29 07:37:15,Tactical HUD,video,0,1
2026-07-29 07:37:16,Tactical HUD,video,0,1
2026-07-29 07:37:17,Tactical HUD,video,0,0
2026-07-29 07:37:18,Tactical HUD,video,0,0
2026-07-29 07:37:19,Tactical HUD,video,0,9
2026-07-29 07:37:20,Tactical HUD,video,0,8
2026-07-29 07:37:21,Tactical HUD,video,0,8
2026-07-29 07:37:22,Tactical HUD,video,0,11
2026-07-29 07:37:23,Tactical HUD,video,0,10
2026-07-29 07:37:24,Tactical HUD,video,0,8
2026-07-29 07:37:25,Tactical HUD,video,0,9
2026-07-29 07:37:26,Tactical HUD,video,0,5
2026-07-29 07:37:27,Tactical HUD,video,0,7
2026-07-29 07:37:28,Tactical HUD,video,0,4
2026-07-29 07:37:29,Tactical HUD,video,0,2
2026-07-29 07:37:30,Tactical HUD,video,0,1
2026-07-29 07:37:31,Tactical HUD,video,0,1
2026-07-29 07:37:32,Tactical HUD,video,0,0
2026-07-29 07:37:33,Tactical HUD,video,0,0
2026-07-29 07:37:34,Tactical HUD,video,0,9
2026-07-29 07:37:35,Tactical HUD,video,0,8
2026-07-29 07:37:37,Tactical HUD,video,0,8
2026-07-29 07:37:38,Tactical HUD,video,0,9
2026-07-29 07:37:39,Tactical HUD,video,0,6
2026-07-29 07:37:40,Tactical HUD,video,0,8
2026-07-29 07:37:41,Tactical HUD,video,0,9
2026-07-29 07:37:42,Tactical HUD,video,0,5
2026-07-29 07:37:43,Tactical HUD,video,0,7
2026-07-29 07:37:44,Tactical HUD,video,0,4
2026-07-29 07:37:45,Tactical HUD,video,0,2
2026-07-29 07:37:46,Tactical HUD,video,0,1
2026-07-29 07:37:47,Tactical HUD,video,0,3
2026-07-29 07:37:48,Tactical HUD,video,0,1
2026-07-29 07:37:49,Tactical HUD,video,0,0
2026-07-29 07:37:50,Tactical HUD,video,0,6
2026-07-29 07:37:51,Tactical HUD,video,0,5
2026-07-29 07:37:52,Tactical HUD,video,0,9
2026-07-29 07:37:53,Tactical HUD,video,0,11
2026-07-29 07:37:54,Tactical HUD,video,0,6
2026-07-29 07:37:55,Tactical HUD,video,0,8
2026-07-29 07:37:56,Tactical HUD,video,0,8
2026-07-29 07:37:57,Tactical HUD,video,0,6
2026-07-29 07:37:58,Tactical HUD,video,0,7
2026-07-29 07:37:59,Tactical HUD,video,0,4
2026-07-29 07:38:00,Tactical HUD,video,0,2
2026-07-29 07:38:01,Tactical HUD,video,0,2
2026-07-29 07:38:02,Tactical HUD,video,0,4
2026-07-29 07:38:03,Tactical HUD,video,0,0
2026-07-29 07:38:04,Tactical HUD,video,0,7
2026-07-29 07:38:05,Tactical HUD,video,0,4
2026-07-29 07:38:06,Tactical HUD,video,0,6
2026-07-29 07:38:07,Tactical HUD,video,0,12
2026-07-29 07:38:08,Tactical HUD,video,0,8
2026-07-29 07:38:09,Tactical HUD,video,0,8
2026-07-29 07:38:10,Tactical HUD,video,0,9
2026-07-29 07:38:11,Tactical HUD,video,0,7
2026-07-29 07:38:12,Tactical HUD,video,0,7
2026-07-29 07:38:13,Tactical HUD,video,0,6
2026-07-29 07:38:14,Tactical HUD,video,0,3
2026-07-29 07:38:15,Tactical HUD,video,0,2
2026-07-29 07:38:16,Tactical HUD,video,0,3
2026-07-29 07:38:17,Tactical HUD,video,0,3
2026-07-29 07:38:18,Tactical HUD,video,0,0
2026-07-29 07:38:19,Tactical HUD,video,0,7
2026-07-29 07:38:20,Tactical HUD,video,0,4
2026-07-29 07:38:21,Tactical HUD,video,0,6
2026-07-29 07:38:22,Tactical HUD,video,0,10
2026-07-29 07:38:23,Tactical HUD,video,0,9
2026-07-29 07:38:24,Tactical HUD,video,0,8
2026-07-29 07:38:25,Tactical HUD,video,0,10
2026-07-29 07:38:26,Tactical HUD,video,0,8
2026-07-29 07:38:27,Tactical HUD,video,0,8
2026-07-29 07:38:28,Tactical HUD,video,0,7
2026-07-29 07:38:29,Tactical HUD,video,0,4
2026-07-29 07:38:30,Tactical HUD,video,0,2
2026-07-29 07:38:31,Tactical HUD,video,0,2
2026-07-29 07:38:32,Tactical HUD,video,0,3
2026-07-29 07:38:33,Tactical HUD,video,0,0
2026-07-29 07:38:34,Tactical HUD,video,0,7
2026-07-29 07:38:35,Tactical HUD,video,0,5
2026-07-29 07:38:36,Tactical HUD,video,0,7
2026-07-29 07:38:37,Tactical HUD,video,0,11
2026-07-29 07:38:38,Tactical HUD,video,0,9
2026-07-29 07:38:39,Tactical HUD,video,0,8
2026-07-29 07:38:40,Tactical HUD,video,0,7
2026-07-29 07:38:41,Tactical HUD,video,0,8
2026-07-29 07:38:43,Tactical HUD,video,0,8
2026-07-29 07:38:44,Tactical HUD,video,0,6
2026-07-29 07:38:45,Tactical HUD,video,0,5
2026-07-29 07:38:46,Tactical HUD,video,0,1
2026-07-29 07:38:47,Tactical HUD,video,0,2
2026-07-29 07:38:48,Tactical HUD,video,0,3
2026-07-29 07:38:49,Tactical HUD,video,0,1
2026-07-29 07:38:50,Tactical HUD,video,0,0
2026-07-29 07:38:51,Tactical HUD,video,0,6
2026-07-29 07:38:52,Tactical HUD,video,0,6
2026-07-29 07:38:53,Tactical HUD,video,0,6
2026-07-29 07:38:54,Tactical HUD,video,0,9
2026-07-29 07:38:55,Tactical HUD,video,0,8
2026-07-29 07:38:56,Tactical HUD,video,0,10
2026-07-29 07:38:57,Tactical HUD,video,0,8
2026-07-29 07:38:58,Tactical HUD,video,0,8
2026-07-29 07:38:59,Tactical HUD,video,0,6
2026-07-29 07:39:00,Tactical HUD,video,0,5
2026-07-29 07:39:01,Tactical HUD,video,0,1
2026-07-29 07:39:02,Tactical HUD,video,0,2
2026-07-29 07:39:03,Tactical HUD,video,0,3
2026-07-29 07:39:04,Tactical HUD,video,0,1
2026-07-29 07:39:05,Tactical HUD,video,0,0
2026-07-29 07:39:06,Tactical HUD,video,0,7
2026-07-29 07:39:07,Tactical HUD,video,0,7
2026-07-29 07:39:08,Tactical HUD,video,0,7
2026-07-29 07:39:09,Tactical HUD,video,0,10
2026-07-29 07:39:10,Tactical HUD,video,0,5
2026-07-29 07:39:11,Tactical HUD,video,0,8
2026-07-29 07:39:12,Tactical HUD,video,0,8
2026-07-29 07:39:13,Tactical HUD,video,0,6
2026-07-29 07:39:14,Tactical HUD,video,0,7
2026-07-29 07:39:15,Tactical HUD,video,0,4
2026-07-29 07:39:16,Tactical HUD,video,0,2
2026-07-29 07:39:17,Tactical HUD,video,0,1
2026-07-29 07:39:18,Tactical HUD,video,0,2
2026-07-29 07:39:19,Tactical HUD,video,0,0
2026-07-29 07:39:20,Tactical HUD,video,0,0
2026-07-29 07:39:21,Tactical HUD,video,0,6
2026-07-29 07:39:22,Tactical HUD,video,0,8
2026-07-29 07:39:23,Tactical HUD,video,0,8
2026-07-29 07:39:24,Tactical HUD,video,0,11
2026-07-29 07:39:25,Tactical HUD,video,0,6
2026-07-29 07:39:26,Tactical HUD,video,0,9
2026-07-29 07:39:27,Tactical HUD,video,0,9
2026-07-29 07:39:28,Tactical HUD,video,0,5
2026-07-29 07:39:29,Tactical HUD,video,0,6
2026-07-29 07:39:30,Tactical HUD,video,0,3
2026-07-29 07:39:31,Tactical HUD,video,0,4
2026-07-29 07:39:32,Tactical HUD,video,0,1
2026-07-29 07:39:33,Tactical HUD,video,0,2
2026-07-29 07:39:34,Tactical HUD,video,0,1
2026-07-29 07:39:35,Tactical HUD,video,0,0
2026-07-29 07:39:36,Tactical HUD,video,0,7
2026-07-29 07:39:37,Tactical HUD,video,0,9
2026-07-29 07:39:38,Tactical HUD,video,0,7
2026-07-29 07:39:39,Tactical HUD,video,0,8
2026-07-29 07:39:40,Tactical HUD,video,0,6
2026-07-29 07:39:41,Tactical HUD,video,0,6
2026-07-29 07:39:42,Tactical HUD,video,0,9
2026-07-29 07:39:43,Tactical HUD,video,0,5
2026-07-29 07:39:44,Tactical HUD,video,0,8
2026-07-29 07:39:45,Tactical HUD,video,0,6
2026-07-29 07:39:47,Tactical HUD,video,0,4
2026-07-29 07:39:48,Tactical HUD,video,0,1
2026-07-29 07:39:49,Tactical HUD,video,0,2
2026-07-29 07:39:50,Tactical HUD,video,0,1
2026-07-29 07:39:51,Tactical HUD,video,0,0
2026-07-29 07:39:52,Tactical HUD,video,0,6
2026-07-29 07:39:53,Tactical HUD,video,0,10
2026-07-29 07:39:54,Tactical HUD,video,0,6
2026-07-29 07:39:55,Tactical HUD,video,0,9
2026-07-29 07:39:56,Tactical HUD,video,0,8
2026-07-29 07:39:57,Tactical HUD,video,0,6
2026-07-29 07:39:58,Tactical HUD,video,0,10
2026-07-29 07:39:59,Tactical HUD,video,0,7
2026-07-29 07:40:00,Tactical HUD,video,0,7
2026-07-29 07:40:01,Tactical HUD,video,0,6
2026-07-29 07:40:02,Tactical HUD,video,0,4
2026-07-29 07:40:03,Tactical HUD,video,0,1
2026-07-29 07:40:04,Tactical HUD,video,0,2
2026-07-29 07:40:05,Tactical HUD,video,0,1
2026-07-29 07:40:06,Tactical HUD,video,0,0
2026-07-29 07:40:07,Tactical HUD,video,0,8
2026-07-29 07:40:08,Tactical HUD,video,0,8
2026-07-29 07:40:09,Tactical HUD,video,0,7
2026-07-29 07:40:10,Tactical HUD,video,0,7
2026-07-29 07:40:11,Tactical HUD,video,0,6
2026-07-29 07:40:12,Tactical HUD,video,0,6
2026-07-29 07:40:13,Tactical HUD,video,0,8
2026-07-29 07:40:14,Tactical HUD,video,0,6
2026-07-29 07:40:15,Tactical HUD,video,0,5
2026-07-29 07:40:16,Tactical HUD,video,0,6
2026-07-29 07:40:17,Tactical HUD,video,0,4
2026-07-29 07:40:18,Tactical HUD,video,0,1
2026-07-29 07:40:19,Tactical HUD,video,0,1
2026-07-29 07:40:20,Tactical HUD,video,0,0
2026-07-29 07:40:21,Tactical HUD,video,0,0
2026-07-29 07:40:22,Tactical HUD,video,0,6
2026-07-29 07:40:23,Tactical HUD,video,0,5
2026-07-29 07:40:24,Tactical HUD,video,0,7
2026-07-29 07:40:25,Tactical HUD,video,0,7
2026-07-29 07:40:26,Tactical HUD,video,0,6
2026-07-29 07:40:27,Tactical HUD,video,0,9
2026-07-29 07:40:28,Tactical HUD,video,0,9
2026-07-29 07:40:29,Tactical HUD,video,0,5
2026-07-29 07:40:30,Tactical HUD,video,0,5
2026-07-29 07:40:31,Tactical HUD,video,0,6
2026-07-29 07:40:32,Tactical HUD,video,0,3
2026-07-29 07:40:33,Tactical HUD,video,0,1
2026-07-29 07:40:34,Tactical HUD,video,0,1
2026-07-29 07:40:35,Tactical HUD,video,0,0
2026-07-29 07:40:36,Tactical HUD,video,0,0
2026-07-29 07:40:37,Tactical HUD,video,0,6
2026-07-29 07:40:38,Tactical HUD,video,0,5
2026-07-29 07:40:39,Tactical HUD,video,0,7
2026-07-29 07:40:40,Tactical HUD,video,0,11
2026-07-29 07:40:41,Tactical HUD,video,0,5
2026-07-29 07:40:42,Tactical HUD,video,0,8
2026-07-29 07:40:43,Tactical HUD,video,0,8
2026-07-29 07:40:45,Tactical HUD,video,0,6
2026-07-29 07:40:46,Tactical HUD,video,0,5
2026-07-29 07:40:47,Tactical HUD,video,0,3
2026-07-29 07:40:48,Tactical HUD,video,0,1
2026-07-29 07:40:49,Tactical HUD,video,0,2
2026-07-29 07:40:50,Tactical HUD,video,0,4
2026-07-29 07:40:51,Tactical HUD,video,0,0
2026-07-29 07:40:52,Tactical HUD,video,0,7
2026-07-29 07:40:53,Tactical HUD,video,0,4
2026-07-29 07:40:54,Tactical HUD,video,0,6
2026-07-29 07:40:55,Tactical HUD,video,0,10
2026-07-29 07:40:56,Tactical HUD,video,0,9
2026-07-29 07:40:57,Tactical HUD,video,0,8
2026-07-29 07:40:58,Tactical HUD,video,0,10
2026-07-29 07:40:59,Tactical HUD,video,0,8
2026-07-29 07:41:00,Tactical HUD,video,0,7
2026-07-29 07:41:01,Tactical HUD,video,0,6
2026-07-29 07:41:02,Tactical HUD,video,0,2
2026-07-29 07:41:03,Tactical HUD,video,0,4
2026-07-29 07:41:04,Tactical HUD,video,0,3
2026-07-29 07:41:05,Tactical HUD,video,0,0
2026-07-29 07:41:06,Tactical HUD,video,0,1
2026-07-29 07:41:07,Tactical HUD,video,0,10
2026-07-29 07:41:08,Tactical HUD,video,0,7
2026-07-29 07:41:09,Tactical HUD,video,0,8
2026-07-29 07:41:10,Tactical HUD,video,0,10
2026-07-29 07:41:11,Tactical HUD,video,0,8
2026-07-29 07:41:12,Tactical HUD,video,0,7
2026-07-29 07:41:13,Tactical HUD,video,0,10
2026-07-29 07:41:14,Tactical HUD,video,0,8
2026-07-29 07:41:15,Tactical HUD,video,0,6
2026-07-29 07:41:16,Tactical HUD,video,0,8
2026-07-29 07:41:17,Tactical HUD,video,0,2
2026-07-29 07:41:18,Tactical HUD,video,0,1
2026-07-29 07:41:19,Tactical HUD,video,0,2
2026-07-29 07:41:20,Tactical HUD,video,0,1
2026-07-29 07:41:21,Tactical HUD,video,0,0
2026-07-29 07:41:22,Tactical HUD,video,0,6
2026-07-29 07:41:23,Tactical HUD,video,0,10
2026-07-29 07:41:24,Tactical HUD,video,0,6
2026-07-29 07:41:25,Tactical HUD,video,0,9
2026-07-29 07:41:26,Tactical HUD,video,0,6
2026-07-29 07:41:27,Tactical HUD,video,0,6
2026-07-29 07:41:28,Tactical HUD,video,0,10
2026-07-29 07:41:29,Tactical HUD,video,0,8
2026-07-29 07:41:30,Tactical HUD,video,0,8
2026-07-29 07:41:31,Tactical HUD,video,0,4
2026-07-29 07:41:32,Tactical HUD,video,0,3
2026-07-29 07:41:33,Tactical HUD,video,0,1
2026-07-29 07:41:34,Tactical HUD,video,0,2
2026-07-29 07:41:35,Tactical HUD,video,0,1
2026-07-29 07:41:36,Tactical HUD,video,0,0
2026-07-29 07:41:37,Tactical HUD,video,0,6
2026-07-29 07:41:38,Tactical HUD,video,0,6
2026-07-29 07:41:39,Tactical HUD,video,0,7
2026-07-29 07:41:40,Tactical HUD,video,0,7
2026-07-29 07:41:41,Tactical HUD,video,0,6
2026-07-29 07:41:42,Tactical HUD,video,0,6
2026-07-29 07:41:43,Tactical HUD,video,0,9
2026-07-29 07:41:44,Tactical HUD,video,0,6
2026-07-29 07:41:45,Tactical HUD,video,0,7
2026-07-29 07:41:46,Tactical HUD,video,0,4
2026-07-29 07:41:47,Tactical HUD,video,0,2
2026-07-29 07:41:48,Tactical HUD,video,0,1
2026-07-29 07:41:49,Tactical HUD,video,0,4
2026-07-29 07:41:50,Tactical HUD,video,0,1
2026-07-29 07:41:51,Tactical HUD,video,0,0
2026-07-29 07:41:52,Tactical HUD,video,0,7
2026-07-29 07:41:53,Tactical HUD,video,0,6
2026-07-29 07:41:55,Tactical HUD,video,0,11
2026-07-29 07:41:56,Tactical HUD,video,0,9
2026-07-29 07:41:57,Tactical HUD,video,0,7
2026-07-29 07:41:58,Tactical HUD,video,0,10
2026-07-29 07:41:59,Tactical HUD,video,0,8
2026-07-29 07:42:00,Tactical HUD,video,0,7
2026-07-29 07:42:01,Tactical HUD,video,0,6
2026-07-29 07:42:02,Tactical HUD,video,0,2
2026-07-29 07:42:03,Tactical HUD,video,0,2
2026-07-29 07:42:04,Tactical HUD,video,0,3
2026-07-29 07:42:05,Tactical HUD,video,0,0
2026-07-29 07:42:06,Tactical HUD,video,0,1
2026-07-29 07:42:07,Tactical HUD,video,0,10
2026-07-29 07:42:08,Tactical HUD,video,0,7
2026-07-29 07:42:09,Tactical HUD,video,0,9
2026-07-29 07:42:10,Tactical HUD,video,0,12
2026-07-29 07:42:11,Tactical HUD,video,0,7
2026-07-29 07:42:12,Tactical HUD,video,0,6
2026-07-29 07:42:13,Tactical HUD,video,0,10
2026-07-29 07:42:14,Tactical HUD,video,0,7
2026-07-29 07:42:15,Tactical HUD,video,0,8
2026-07-29 07:42:16,Tactical HUD,video,0,8
2026-07-29 07:42:17,Tactical HUD,video,0,2
2026-07-29 07:42:18,Detection,video,0,2
2026-07-29 07:42:19,Detection,video,0,1
2026-07-29 07:42:20,Detection,video,0,0
2026-07-29 07:42:21,Detection,video,0,0
2026-07-29 07:42:22,Tracking,video,0,3
2026-07-29 07:42:23,Tracking,video,0,6
2026-07-29 07:42:24,Tracking,video,0,9
2026-07-29 07:42:25,Tracking,video,0,12
2026-07-29 07:42:26,Pose,video,0,8
2026-07-29 07:42:27,Pose,video,0,8
2026-07-29 07:42:28,Pose,video,0,8
2026-07-29 07:42:29,Pose,video,0,8
2026-07-29 07:42:30,Pose,video,0,8
2026-07-29 07:42:31,Pose,video,0,8
2026-07-29 07:42:32,Pose,video,0,8
2026-07-29 07:42:33,Pose,video,0,8
2026-07-29 07:42:34,Pose,video,0,8
2026-07-29 07:42:35,Pose,video,0,8
2026-07-29 07:42:36,Pose,video,0,8
2026-07-29 07:42:37,Pose,video,0,8
2026-07-29 07:42:38,Pose,video,0,8
2026-07-29 07:42:39,Pose,video,0,8
2026-07-29 07:42:40,Pose,video,0,8
2026-07-29 07:42:41,Pose,video,0,8
2026-07-29 07:42:42,Pose,video,0,8
2026-07-29 07:42:43,Pose,video,0,8
2026-07-29 07:42:44,Pose,video,0,8
2026-07-29 07:42:45,Pose,video,0,8
2026-07-29 07:42:46,Pose,video,0,8
2026-07-29 07:42:47,Pose,video,0,8
2026-07-29 07:42:48,Pose,video,0,8
2026-07-29 07:42:49,Pose,video,0,8
2026-07-29 07:42:50,Pose,video,0,8
2026-07-29 07:42:51,Segmentation,video,0,8
2026-07-29 07:42:52,Segmentation,video,0,8
2026-07-29 07:42:53,Segmentation,video,0,8
2026-07-29 07:42:54,Segmentation,video,0,8
2026-07-29 07:42:55,Segmentation,video,0,8
2026-07-29 07:42:56,Segmentation,video,0,8
2026-07-29 07:42:57,Segmentation,video,0,8
2026-07-29 07:42:58,Segmentation,video,0,8
2026-07-29 07:42:59,Segmentation,video,0,8
2026-07-29 07:43:00,Segmentation,video,0,8
2026-07-29 07:43:01,Segmentation,video,0,8
2026-07-29 07:43:02,Segmentation,video,0,8
2026-07-29 07:43:03,Segmentation,video,0,8
2026-07-29 07:43:04,Segmentation,video,0,8
2026-07-29 07:43:05,Segmentation,video,0,8
2026-07-29 07:43:06,Segmentation,video,0,8
2026-07-29 07:43:07,Segmentation,video,0,8
2026-07-29 07:43:08,Segmentation,live,0,8
2026-07-29 07:43:09,Segmentation,live,0,8
2026-07-29 07:43:10,Segmentation,live,0,8
2026-07-29 07:43:11,Segmentation,live,0,8
2026-07-29 07:43:12,Segmentation,live,0,8
2026-07-29 07:43:13,Segmentation,live,0,8
2026-07-29 07:43:14,Segmentation,live,0,8
2026-07-29 07:43:15,Segmentation,live,0,8
2026-07-29 07:43:16,Segmentation,live,0,8
2026-07-29 07:43:18,Segmentation,live,0,8
2026-07-29 07:43:19,Segmentation,live,0,8
2026-07-29 07:43:20,Segmentation,live,0,8
2026-07-29 07:43:21,Segmentation,live,0,8
2026-07-29 07:43:22,Segmentation,live,0,8
2026-07-29 07:43:23,Segmentation,live,0,8
2026-07-29 07:43:24,Segmentation,live,0,8
2026-07-29 07:43:25,Segmentation,live,0,8
2026-07-29 07:43:26,Segmentation,live,0,8
2026-07-29 07:43:27,Segmentation,live,0,8
2026-07-29 07:43:28,Segmentation,live,0,8
2026-07-29 07:43:29,Segmentation,live,0,8
2026-07-29 07:43:30,Detection,live,0,0
2026-07-29 07:43:31,Detection,live,0,0
2026-07-29 07:43:32,Detection,live,0,0
2026-07-29 07:43:33,Detection,live,0,0
2026-07-29 07:43:34,Detection,live,0,0
2026-07-29 07:43:35,Detection,live,0,0
2026-07-29 07:43:36,Detection,live,0,0
2026-07-29 07:43:37,Detection,live,0,0
2026-07-29 07:43:38,Detection,live,0,0
2026-07-29 07:43:39,Detection,live,0,0
2026-07-29 07:43:40,Detection,live,0,0
2026-07-29 07:43:41,Detection,live,0,0
2026-07-29 07:43:42,Detection,live,0,0
2026-07-29 07:43:43,Detection,live,0,0
2026-07-29 07:43:44,Detection,live,0,0
2026-07-29 07:43:45,Detection,live,0,0
2026-07-29 07:43:46,Detection,live,0,0
2026-07-29 07:43:47,Detection,live,0,0
2026-07-29 07:43:48,Tracking,live,0,0
2026-07-29 07:43:49,Tracking,live,0,0
2026-07-29 07:43:50,Pose,live,0,0
2026-07-29 07:43:51,Pose,live,0,0
2026-07-29 07:43:52,Pose,live,0,0
2026-07-29 07:43:53,Pose,live,0,0
2026-07-29 07:43:54,Pose,live,0,0
2026-07-29 07:43:55,Pose,live,0,0
2026-07-29 07:43:56,Pose,live,0,0
2026-07-29 07:43:57,Pose,live,0,0
2026-07-29 07:43:58,Pose,live,0,0
2026-07-29 07:43:59,Pose,live,0,0
2026-07-29 07:44:00,Pose,live,0,0
2026-07-29 07:44:01,Pose,live,0,0
2026-07-29 07:44:02,Pose,live,0,0
2026-07-29 07:44:03,Pose,live,0,0
2026-07-29 07:44:04,Pose,live,0,0
2026-07-29 07:44:05,Segmentation,live,0,0
2026-07-29 07:44:06,Segmentation,live,0,0
2026-07-29 07:44:07,Segmentation,live,0,0
2026-07-29 07:44:08,Segmentation,live,0,0
2026-07-29 07:44:09,Segmentation,live,0,0
2026-07-29 07:44:10,Segmentation,live,0,0
2026-07-29 07:44:11,Segmentation,live,0,0
2026-07-29 07:44:12,Segmentation,live,0,0
2026-07-29 07:44:13,Segmentation,live,0,0
2026-07-29 07:44:14,Segmentation,live,0,0
2026-07-29 07:44:15,Segmentation,live,0,0
2026-07-29 07:44:16,Segmentation,live,0,0
2026-07-29 07:44:17,Segmentation,live,0,0
2026-07-29 07:44:18,Segmentation,live,0,0
2026-07-29 07:44:19,Segmentation,live,0,0
2026-07-29 07:44:20,Segmentation,live,0,0
2026-07-29 07:44:21,Segmentation,live,0,0
2026-07-29 07:44:22,Segmentation,live,0,0
2026-07-29 07:44:23,Segmentation,live,0,0
2026-07-29 07:44:24,Segmentation,live,0,0
2026-07-29 07:44:25,Segmentation,live,0,0
2026-07-29 07:44:26,Segmentation,live,0,0
2026-07-29 07:44:27,Segmentation,live,0,0
2026-07-29 07:44:28,Pose,live,0,0
2026-07-29 07:44:29,Detection,live,0,0
2026-07-29 07:44:30,Tactical HUD,live,0,1
2026-07-29 07:44:31,Tactical HUD,live,0,1
2026-07-29 07:44:32,Tactical HUD,live,0,1
2026-07-29 07:44:33,Tactical HUD,live,0,1
2026-07-29 07:44:35,Tactical HUD,live,0,1
2026-07-29 07:44:36,Detection,live,0,0
2026-07-29 07:44:37,Tracking,live,0,0
2026-07-29 07:44:38,Pose,live,0,0
2026-07-29 07:44:39,Segmentation,live,0,0
2026-07-29 07:44:40,Segmentation,live,0,0
2026-07-29 07:44:41,Segmentation,live,0,0
2026-07-29 07:44:42,Segmentation,live,0,0
2026-07-29 07:44:43,Segmentation,live,0,0
2026-07-29 07:44:44,Segmentation,live,0,0
2026-07-29 07:44:45,Segmentation,live,0,0
2026-07-29 07:44:46,Segmentation,live,0,0
2026-07-29 07:44:47,Segmentation,live,0,0
2026-07-29 07:44:48,Segmentation,live,0,0
2026-07-29 07:44:49,Segmentation,live,0,0
2026-07-29 07:44:50,Segmentation,live,0,0
2026-07-29 07:44:51,Segmentation,live,0,0
2026-07-29 07:44:52,Segmentation,live,0,0
2026-07-29 07:44:53,Segmentation,live,0,0
2026-07-29 07:44:54,Segmentation,live,0,0
2026-07-29 07:44:55,Segmentation,live,0,0
2026-07-29 07:44:56,Segmentation,live,0,0
2026-07-29 07:44:57,Segmentation,live,0,0
2026-07-29 07:44:58,Segmentation,live,0,0
2026-07-29 07:44:59,Segmentation,live,0,0
2026-07-29 07:45:00,Segmentation,live,0,0
2026-07-29 07:45:01,Segmentation,live,0,0
2026-07-29 07:45:02,Segmentation,live,0,0
2026-07-29 07:45:03,Segmentation,live,0,0
2026-07-29 07:45:04,Segmentation,live,0,0
2026-07-29 07:45:05,Segmentation,live,0,0
2026-07-29 07:45:06,Segmentation,live,0,0
2026-07-29 07:45:07,Segmentation,live,0,0
2026-07-29 07:45:08,Segmentation,live,0,0
2026-07-29 07:45:09,Segmentation,live,0,0
2026-07-29 07:45:10,Segmentation,live,0,0
2026-07-29 07:45:11,Segmentation,live,0,0
2026-07-29 07:45:12,Segmentation,live,0,0
2026-07-29 07:45:13,Segmentation,live,0,0
2026-07-29 07:45:14,Segmentation,live,0,0
2026-07-29 07:45:15,Segmentation,live,0,0
2026-07-29 07:45:16,Segmentation,live,0,0
2026-07-29 07:45:17,Segmentation,live,0,0
2026-07-29 07:45:18,Segmentation,live,0,0
2026-07-29 07:45:19,Segmentation,live,0,0
2026-07-29 07:45:20,Segmentation,live,0,0
2026-07-29 07:45:21,Segmentation,live,0,0
2026-07-29 07:45:22,Segmentation,live,0,0
2026-07-29 07:45:23,Segmentation,live,0,0
2026-07-29 07:45:24,Segmentation,live,0,0
2026-07-29 07:45:25,Segmentation,live,0,0
2026-07-29 07:45:26,Segmentation,live,0,0
2026-07-29 07:45:27,Segmentation,live,0,0
2026-07-29 07:45:28,Segmentation,live,0,0
2026-07-29 07:45:29,Segmentation,live,0,0
2026-07-29 07:45:30,Segmentation,live,0,0
2026-07-29 07:45:31,Segmentation,live,0,0
2026-07-29 07:45:32,Segmentation,live,0,0
2026-07-29 07:45:33,Segmentation,live,0,0
2026-07-29 07:45:34,Segmentation,live,0,0
2026-07-29 07:45:35,Segmentation,live,0,0
2026-07-29 07:45:36,Segmentation,live,0,0
2026-07-29 07:45:37,Segmentation,live,0,0
2026-07-29 07:45:38,Segmentation,live,0,0
2026-07-29 07:45:39,Segmentation,live,0,0
2026-07-29 07:45:40,Segmentation,live,0,0
2026-07-29 07:45:41,Segmentation,live,0,0
2026-07-29 07:45:42,Segmentation,live,0,0
2026-07-29 07:45:43,Segmentation,live,0,0
2026-07-29 07:45:44,Segmentation,live,0,0
2026-07-29 07:45:45,Segmentation,live,0,0
2026-07-29 07:45:46,Segmentation,live,0,0
2026-07-29 07:45:47,Segmentation,live,0,0
2026-07-29 07:45:48,Segmentation,live,0,0
2026-07-29 07:45:49,Segmentation,live,0,0
2026-07-29 07:45:50,Segmentation,live,0,0
2026-07-29 07:45:51,Segmentation,live,0,0
2026-07-29 07:45:52,Segmentation,live,0,0
2026-07-29 07:45:54,Segmentation,live,0,0
2026-07-29 07:45:55,Segmentation,live,0,0
2026-07-29 07:45:56,Segmentation,live,0,0
2026-07-29 07:45:57,Segmentation,live,0,0
2026-07-29 07:45:58,Segmentation,live,0,0
2026-07-29 07:45:59,Segmentation,live,0,0
2026-07-29 07:46:00,Segmentation,live,0,0
2026-07-29 07:46:01,Segmentation,live,0,0
2026-07-29 07:46:02,Segmentation,live,0,0
2026-07-29 07:46:03,Segmentation,live,0,0
2026-07-29 07:46:04,Segmentation,live,0,0
2026-07-29 07:46:05,Segmentation,live,0,0
2026-07-29 07:46:06,Segmentation,live,0,0
2026-07-29 07:46:07,Segmentation,live,0,0
2026-07-29 07:46:08,Segmentation,live,0,0
2026-07-29 07:46:09,Segmentation,live,0,0
2026-07-29 07:46:10,Segmentation,live,0,0
2026-07-29 07:46:11,Segmentation,live,0,0
2026-07-29 07:46:12,Segmentation,live,0,0
2026-07-29 07:46:13,Segmentation,live,0,0
2026-07-29 07:46:14,Segmentation,live,0,0
2026-07-29 07:46:15,Segmentation,live,0,0
2026-07-29 07:46:16,Segmentation,live,0,0
2026-07-29 07:46:17,Segmentation,live,0,0
2026-07-29 07:46:18,Segmentation,live,0,0
2026-07-29 07:46:19,Segmentation,live,0,0
2026-07-29 07:46:20,Segmentation,live,0,0
2026-07-29 07:46:21,Segmentation,live,0,0
2026-07-29 07:46:22,Segmentation,live,0,0
2026-07-29 07:46:23,Segmentation,live,0,0
2026-07-29 07:46:24,Segmentation,live,0,0
2026-07-29 07:46:25,Segmentation,live,0,0
2026-07-29 07:46:26,Segmentation,live,0,0
2026-07-29 07:46:27,Segmentation,live,0,0
2026-07-29 07:46:28,Segmentation,live,0,0
2026-07-29 07:46:29,Segmentation,live,0,0
2026-07-29 07:46:30,Segmentation,live,0,0
2026-07-29 07:46:31,Segmentation,live,0,0
2026-07-29 07:46:32,Segmentation,live,0,0
2026-07-29 07:46:33,Segmentation,live,0,0
2026-07-29 07:46:34,Segmentation,live,0,0
2026-07-29 07:46:35,Segmentation,live,0,0
2026-07-29 07:46:36,Segmentation,live,0,0
2026-07-29 07:46:37,Segmentation,live,0,0
2026-07-29 07:46:38,Segmentation,live,0,0
2026-07-29 07:46:39,Segmentation,live,0,0
2026-07-29 07:46:40,Segmentation,live,0,0
2026-07-29 07:46:41,Segmentation,live,0,0
2026-07-29 07:46:42,Segmentation,live,0,0
2026-07-29 07:46:43,Segmentation,live,0,0
2026-07-29 07:46:44,Segmentation,live,0,0
2026-07-29 07:46:45,Segmentation,live,0,0
2026-07-29 07:46:46,Segmentation,live,0,0
2026-07-29 07:46:47,Segmentation,live,0,0
2026-07-29 07:46:48,Segmentation,live,0,0
2026-07-29 07:46:49,Segmentation,live,0,0
2026-07-29 07:46:50,Segmentation,live,0,0
2026-07-29 07:46:51,Segmentation,live,0,0
2026-07-29 07:46:52,Segmentation,live,0,0
2026-07-29 07:46:53,Segmentation,live,0,0
2026-07-29 07:46:54,Segmentation,live,0,0
2026-07-29 07:46:55,Segmentation,live,0,0
2026-07-29 07:46:56,Segmentation,live,0,0
2026-07-29 07:46:57,Segmentation,live,0,0
2026-07-29 07:46:58,Segmentation,live,0,0
2026-07-29 07:46:59,Segmentation,live,0,0
2026-07-29 07:47:00,Segmentation,live,0,0
2026-07-29 07:47:01,Segmentation,live,0,0
2026-07-29 07:47:02,Segmentation,live,0,0
2026-07-29 07:47:03,Segmentation,live,0,0
2026-07-29 07:47:04,Segmentation,live,0,0
2026-07-29 07:47:05,Segmentation,live,0,0
2026-07-29 07:47:06,Segmentation,live,0,0
2026-07-29 07:47:07,Segmentation,live,0,0
2026-07-29 07:47:08,Segmentation,live,0,0
2026-07-29 07:47:09,Segmentation,live,0,0
2026-07-29 07:47:10,Segmentation,live,0,0
2026-07-29 07:47:11,Segmentation,live,0,0
2026-07-29 07:47:12,Segmentation,live,0,0
2026-07-29 07:47:13,Segmentation,live,0,0
2026-07-29 07:47:14,Segmentation,live,0,0
2026-07-29 07:47:15,Segmentation,live,0,0
2026-07-29 07:47:16,Segmentation,live,0,0
2026-07-29 07:47:17,Segmentation,live,0,0
2026-07-29 07:47:18,Segmentation,live,0,0
2026-07-29 07:47:19,Segmentation,live,0,0
2026-07-29 07:47:20,Segmentation,live,0,0
2026-07-29 07:47:21,Segmentation,live,0,0
2026-07-29 07:47:22,Segmentation,live,0,0
2026-07-29 07:47:23,Segmentation,live,0,0
2026-07-29 07:47:24,Segmentation,live,0,0
2026-07-29 07:47:25,Segmentation,live,0,0
2026-07-29 07:47:26,Segmentation,live,0,0
2026-07-29 07:47:28,Segmentation,live,0,0
2026-07-29 07:47:29,Segmentation,live,0,0
2026-07-29 07:47:30,Segmentation,live,0,0
2026-07-29 07:47:31,Segmentation,live,0,0
2026-07-29 07:47:32,Segmentation,live,0,0
2026-07-29 07:47:33,Segmentation,live,0,0
2026-07-29 07:47:34,Segmentation,live,0,0
2026-07-29 07:47:35,Segmentation,live,0,0
2026-07-29 07:47:36,Segmentation,live,0,0
2026-07-29 07:47:37,Segmentation,live,0,0
2026-07-29 07:47:38,Segmentation,live,0,0
2026-07-29 07:47:39,Segmentation,live,0,0
2026-07-29 07:47:40,Segmentation,live,0,0
2026-07-29 07:47:41,Segmentation,live,0,0
2026-07-29 07:47:42,Segmentation,live,0,0
2026-07-29 07:47:43,Segmentation,live,0,0
2026-07-29 07:47:44,Segmentation,live,0,0
2026-07-29 07:47:45,Segmentation,live,0,0
2026-07-29 07:47:46,Segmentation,live,0,0
2026-07-29 07:47:47,Segmentation,live,0,0
2026-07-29 07:47:48,Segmentation,live,0,0
2026-07-29 07:47:49,Segmentation,live,0,0
2026-07-29 07:47:50,Segmentation,live,0,0
2026-07-29 07:47:51,Segmentation,live,0,0
2026-07-29 07:47:52,Segmentation,live,0,0
2026-07-29 07:47:53,Segmentation,live,0,0
2026-07-29 07:47:54,Segmentation,live,0,0
2026-07-29 07:47:55,Segmentation,live,0,0
2026-07-29 07:47:56,Segmentation,live,0,0
2026-07-29 07:47:57,Segmentation,live,0,0
2026-07-29 07:47:58,Segmentation,live,0,0
2026-07-29 07:47:59,Segmentation,live,0,0
2026-07-29 07:48:00,Segmentation,live,0,0
2026-07-29 07:48:01,Segmentation,live,0,0
2026-07-29 07:48:02,Segmentation,live,0,0
2026-07-29 07:48:03,Segmentation,live,0,0
2026-07-29 07:48:04,Segmentation,live,0,0
2026-07-29 07:48:05,Segmentation,live,0,0
2026-07-29 07:48:06,Segmentation,live,0,0
2026-07-29 07:48:07,Segmentation,live,0,0
2026-07-29 07:48:08,Segmentation,live,0,0
2026-07-29 07:48:09,Segmentation,live,0,0
2026-07-29 07:48:10,Segmentation,live,0,0
2026-07-29 07:48:11,Segmentation,live,0,0
2026-07-29 07:48:12,Segmentation,live,0,0
2026-07-29 07:48:13,Segmentation,live,0,0
2026-07-29 07:48:14,Segmentation,live,0,0
2026-07-29 07:48:15,Segmentation,live,0,0
2026-07-29 07:48:16,Segmentation,live,0,0
2026-07-29 07:48:17,Segmentation,live,0,0
2026-07-29 07:48:18,Segmentation,live,0,0
2026-07-29 07:48:19,Segmentation,live,0,0
2026-07-29 07:48:20,Segmentation,live,0,0
2026-07-29 07:48:21,Segmentation,live,0,0
2026-07-29 07:48:22,Segmentation,live,0,0
2026-07-29 07:48:23,Segmentation,live,0,0
2026-07-29 07:48:24,Segmentation,live,0,0
2026-07-29 07:48:25,Segmentation,live,0,0
2026-07-29 07:48:26,Segmentation,live,0,0
2026-07-29 07:48:27,Segmentation,live,0,0
2026-07-29 07:48:28,Segmentation,live,0,0
2026-07-29 07:48:29,Segmentation,live,0,0
2026-07-29 07:48:30,Segmentation,live,0,0
2026-07-29 07:48:31,Segmentation,live,0,0
2026-07-29 07:48:32,Segmentation,live,0,0
2026-07-29 07:48:33,Segmentation,live,0,0
2026-07-29 07:48:34,Segmentation,live,0,0
2026-07-29 07:48:35,Segmentation,live,0,0
2026-07-29 07:48:36,Segmentation,live,0,0
2026-07-29 07:48:37,Segmentation,live,0,0
2026-07-29 07:48:38,Segmentation,live,0,0
2026-07-29 07:48:39,Segmentation,live,0,0
2026-07-29 07:48:40,Segmentation,live,0,0
2026-07-29 07:48:41,Segmentation,live,0,0
2026-07-29 07:48:42,Segmentation,live,0,0
2026-07-29 07:48:43,Segmentation,live,0,0
2026-07-29 07:48:44,Segmentation,live,0,0
2026-07-29 07:48:45,Segmentation,live,0,0
2026-07-29 07:48:46,Segmentation,live,0,0
2026-07-29 07:48:47,Segmentation,live,0,0
2026-07-29 07:48:48,Segmentation,live,0,0
2026-07-29 07:48:49,Segmentation,live,0,0
2026-07-29 07:48:50,Segmentation,live,0,0
2026-07-29 07:48:51,Segmentation,live,0,0
2026-07-29 07:48:52,Segmentation,live,0,0
2026-07-29 07:48:53,Segmentation,live,0,0
2026-07-29 07:48:54,Segmentation,live,0,0
2026-07-29 07:48:55,Segmentation,live,0,0
2026-07-29 07:48:56,Segmentation,live,0,0
2026-07-29 07:48:57,Segmentation,live,0,0
2026-07-29 07:48:58,Segmentation,live,0,0
2026-07-29 07:48:59,Segmentation,live,0,0
2026-07-29 07:49:00,Segmentation,live,0,0
2026-07-29 07:49:01,Segmentation,live,0,0
2026-07-29 07:49:02,Segmentation,live,0,0
2026-07-29 07:49:03,Segmentation,live,0,0
2026-07-29 07:49:05,Segmentation,live,0,0
2026-07-29 07:49:06,Segmentation,live,0,0
2026-07-29 07:49:07,Segmentation,live,0,0
2026-07-29 07:49:08,Segmentation,live,0,0
2026-07-29 07:49:09,Segmentation,live,0,0
2026-07-29 07:49:10,Segmentation,live,0,0
2026-07-29 07:49:11,Segmentation,live,0,0
2026-07-29 07:49:12,Segmentation,live,0,0
2026-07-29 07:49:13,Segmentation,live,0,0
2026-07-29 07:49:14,Segmentation,live,0,0
2026-07-29 07:49:15,Segmentation,live,0,0
2026-07-29 07:49:16,Segmentation,live,0,0
2026-07-29 07:49:17,Segmentation,live,0,0
2026-07-29 07:49:18,Segmentation,live,0,0
2026-07-29 07:49:19,Segmentation,live,0,0
2026-07-29 07:49:20,Segmentation,live,0,0
2026-07-29 07:49:21,Segmentation,live,0,0
2026-07-29 07:49:22,Segmentation,live,0,0
2026-07-29 07:49:23,Segmentation,live,0,0
2026-07-29 07:49:24,Segmentation,live,0,0
2026-07-29 07:49:25,Segmentation,live,0,0
2026-07-29 07:49:26,Segmentation,live,0,0
2026-07-29 07:49:27,Segmentation,live,0,0
2026-07-29 07:49:28,Segmentation,live,0,0
2026-07-29 07:49:29,Segmentation,live,0,0
2026-07-29 07:49:30,Segmentation,live,0,0
2026-07-29 07:49:31,Segmentation,live,0,0
2026-07-29 07:49:32,Segmentation,live,0,0
2026-07-29 07:49:33,Segmentation,live,0,0
2026-07-29 07:49:34,Segmentation,live,0,0
2026-07-29 07:49:35,Segmentation,live,0,0
2026-07-29 07:49:36,Segmentation,live,0,0
2026-07-29 07:49:37,Segmentation,live,0,0
2026-07-29 07:49:38,Segmentation,live,0,0
2026-07-29 07:49:39,Segmentation,live,0,0
2026-07-29 07:49:40,Segmentation,live,0,0
2026-07-29 07:49:41,Segmentation,live,0,0
2026-07-29 07:49:42,Segmentation,live,0,0
2026-07-29 07:49:43,Segmentation,live,0,0
2026-07-29 07:49:44,Segmentation,live,0,0
2026-07-29 07:49:45,Segmentation,live,0,0
2026-07-29 07:49:46,Segmentation,live,0,0
2026-07-29 07:49:47,Segmentation,live,0,0
2026-07-29 07:49:48,Segmentation,live,0,0
2026-07-29 07:49:49,Segmentation,live,0,0
2026-07-29 07:49:50,Segmentation,live,0,0
2026-07-29 07:49:51,Segmentation,live,0,0
2026-07-29 07:49:52,Segmentation,live,0,0
2026-07-29 07:49:53,Segmentation,live,0,0
2026-07-29 07:49:54,Segmentation,live,0,0
2026-07-29 07:49:55,Segmentation,live,0,0
2026-07-29 07:49:56,Segmentation,live,0,0
2026-07-29 07:49:57,Segmentation,live,0,0
2026-07-29 07:49:58,Segmentation,live,0,0
2026-07-29 07:49:59,Segmentation,live,0,0
2026-07-29 07:50:00,Segmentation,live,0,0
2026-07-29 07:50:01,Segmentation,live,0,0
2026-07-29 07:50:02,Segmentation,live,0,0
2026-07-29 07:50:03,Segmentation,live,0,0
2026-07-29 07:50:04,Segmentation,live,0,0
2026-07-29 07:50:05,Segmentation,live,0,0
2026-07-29 07:50:06,Segmentation,live,0,0
2026-07-29 07:50:07,Segmentation,live,0,0
2026-07-29 07:50:08,Segmentation,live,0,0
2026-07-29 07:50:09,Segmentation,live,0,0
2026-07-29 07:50:10,Segmentation,live,0,0
2026-07-29 07:50:11,Segmentation,live,0,0
2026-07-29 07:50:12,Segmentation,live,0,0
2026-07-29 07:50:13,Segmentation,live,0,0
2026-07-29 07:50:14,Segmentation,live,0,0
2026-07-29 07:50:15,Segmentation,live,0,0
2026-07-29 07:50:16,Segmentation,live,0,0
2026-07-29 07:50:17,Segmentation,live,0,0
2026-07-29 07:50:18,Segmentation,live,0,0
2026-07-29 07:50:19,Segmentation,live,0,0
2026-07-29 07:50:20,Segmentation,live,0,0
2026-07-29 07:50:21,Segmentation,live,0,0
2026-07-29 07:50:22,Segmentation,live,0,0
2026-07-29 07:50:23,Segmentation,live,0,0
2026-07-29 07:50:24,Segmentation,live,0,0
2026-07-29 07:50:26,Segmentation,live,0,0
2026-07-29 07:50:27,Segmentation,live,0,0
2026-07-29 07:50:28,Segmentation,live,0,0
2026-07-29 07:50:29,Segmentation,live,0,0
2026-07-29 07:50:30,Segmentation,live,0,0
2026-07-29 07:50:31,Segmentation,live,0,0
2026-07-29 07:50:32,Segmentation,live,0,0
2026-07-29 07:50:33,Segmentation,live,0,0
2026-07-29 07:50:34,Segmentation,live,0,0
2026-07-29 07:50:35,Segmentation,live,0,0
2026-07-29 07:50:36,Segmentation,live,0,0
2026-07-29 07:50:37,Segmentation,live,0,0
2026-07-29 07:50:38,Segmentation,live,0,0
2026-07-29 07:50:39,Segmentation,live,0,0
2026-07-29 07:50:40,Segmentation,live,0,0
2026-07-29 07:50:41,Segmentation,live,0,0
2026-07-29 07:50:42,Segmentation,live,0,0
2026-07-29 07:50:43,Segmentation,live,0,0
2026-07-29 07:50:44,Segmentation,live,0,0
2026-07-29 07:50:45,Segmentation,live,0,0
2026-07-29 07:50:46,Segmentation,live,0,0
2026-07-29 07:50:47,Segmentation,live,0,0
2026-07-29 07:50:48,Segmentation,live,0,0
2026-07-29 07:50:49,Segmentation,live,0,0
2026-07-29 07:50:50,Segmentation,live,0,0
2026-07-29 07:50:51,Segmentation,live,0,0
2026-07-29 07:50:52,Segmentation,live,0,0
2026-07-29 07:50:53,Segmentation,live,0,0
2026-07-29 07:50:54,Segmentation,live,0,0
2026-07-29 07:50:55,Segmentation,live,0,0
2026-07-29 07:50:56,Segmentation,live,0,0
2026-07-29 07:50:57,Segmentation,live,0,0
2026-07-29 07:50:58,Segmentation,live,0,0
2026-07-29 07:50:59,Segmentation,live,0,0
2026-07-29 07:51:00,Segmentation,live,0,0
2026-07-29 07:51:01,Segmentation,live,0,0
2026-07-29 07:51:02,Segmentation,live,0,0
2026-07-29 07:51:03,Segmentation,live,0,0
2026-07-29 07:51:04,Segmentation,live,0,0
2026-07-29 07:51:05,Segmentation,live,0,0
2026-07-29 07:51:06,Segmentation,live,0,0
2026-07-29 07:51:07,Segmentation,live,0,0
2026-07-29 07:51:08,Segmentation,live,0,0
2026-07-29 07:51:09,Segmentation,live,0,0
2026-07-29 07:51:10,Segmentation,live,0,0
2026-07-29 07:51:11,Segmentation,live,0,0
2026-07-29 07:51:12,Segmentation,live,0,0
2026-07-29 07:51:13,Segmentation,live,0,0
2026-07-29 07:51:14,Segmentation,live,0,0
2026-07-29 07:51:15,Segmentation,live,0,0
2026-07-29 07:51:16,Segmentation,live,0,0
2026-07-29 07:51:17,Segmentation,live,0,0
2026-07-29 07:51:18,Segmentation,live,0,0
2026-07-29 07:51:19,Segmentation,live,0,0
2026-07-29 07:51:20,Segmentation,live,0,0
2026-07-29 07:51:21,Segmentation,live,0,0
2026-07-29 07:51:22,Segmentation,live,0,0
2026-07-29 07:51:23,Segmentation,live,0,0
2026-07-29 07:51:24,Segmentation,live,0,0
2026-07-29 07:51:25,Segmentation,live,0,0
2026-07-29 07:51:26,Segmentation,live,0,0
2026-07-29 07:51:27,Segmentation,live,0,0
2026-07-29 07:51:28,Segmentation,live,0,0
2026-07-29 07:51:29,Segmentation,live,0,0
2026-07-29 07:51:30,Segmentation,live,0,0
2026-07-29 07:51:31,Segmentation,live,0,0
2026-07-29 07:51:32,Segmentation,live,0,0
2026-07-29 07:51:33,Segmentation,live,0,0
2026-07-29 07:51:34,Segmentation,live,0,0
2026-07-29 07:51:35,Segmentation,live,0,0
2026-07-29 07:51:36,Segmentation,live,0,0
2026-07-29 07:51:37,Segmentation,live,0,0
2026-07-29 07:51:38,Segmentation,live,0,0
2026-07-29 07:51:39,Segmentation,live,0,0
2026-07-29 07:51:40,Segmentation,live,0,0
2026-07-29 07:51:41,Segmentation,live,0,0
2026-07-29 07:51:43,Segmentation,live,0,0
2026-07-29 07:51:44,Segmentation,live,0,0
2026-07-29 07:51:45,Segmentation,live,0,0
2026-07-29 07:51:46,Segmentation,live,0,0
2026-07-29 07:51:47,Segmentation,live,0,0
2026-07-29 07:51:48,Segmentation,live,0,0
2026-07-29 07:51:49,Segmentation,live,0,0
2026-07-29 07:51:50,Segmentation,live,0,0
2026-07-29 07:51:51,Segmentation,live,0,0
2026-07-29 07:51:52,Segmentation,live,0,0
2026-07-29 07:51:53,Segmentation,live,0,0
2026-07-29 07:51:54,Segmentation,live,0,0
2026-07-29 07:51:55,Segmentation,live,0,0
2026-07-29 07:51:56,Segmentation,live,0,0
2026-07-29 07:51:57,Segmentation,live,0,0
2026-07-29 07:51:58,Segmentation,live,0,0
2026-07-29 07:51:59,Segmentation,live,0,0
2026-07-29 07:52:00,Segmentation,live,0,0
2026-07-29 07:52:01,Segmentation,live,0,0
2026-07-29 07:52:02,Segmentation,live,0,0
2026-07-29 07:52:03,Segmentation,live,0,0
2026-07-29 07:52:04,Segmentation,live,0,0
2026-07-29 07:52:05,Segmentation,live,0,0
2026-07-29 07:52:06,Segmentation,live,0,0
2026-07-29 07:52:07,Segmentation,live,0,0
2026-07-29 07:52:08,Segmentation,live,0,0
2026-07-29 07:52:09,Segmentation,live,0,0
2026-07-29 07:52:10,Segmentation,live,0,0
2026-07-29 07:52:11,Segmentation,live,0,0
2026-07-29 07:52:12,Segmentation,live,0,0
2026-07-29 07:52:13,Segmentation,live,0,0
2026-07-29 07:52:14,Segmentation,live,0,0
2026-07-29 07:52:15,Segmentation,live,0,0
2026-07-29 07:52:16,Segmentation,live,0,0
2026-07-29 07:52:17,Segmentation,live,0,0
2026-07-29 07:52:18,Segmentation,live,0,0
2026-07-29 07:52:19,Segmentation,live,0,0
2026-07-29 07:52:20,Segmentation,live,0,0
2026-07-29 07:52:21,Segmentation,live,0,0
2026-07-29 07:52:22,Segmentation,live,0,0
2026-07-29 07:52:23,Segmentation,live,0,0
2026-07-29 07:52:24,Segmentation,live,0,0
2026-07-29 07:52:25,Segmentation,live,0,0
2026-07-29 07:52:26,Segmentation,live,0,0
2026-07-29 07:52:27,Segmentation,live,0,0
2026-07-29 07:52:28,Segmentation,live,0,0
2026-07-29 07:52:29,Segmentation,live,0,0
2026-07-29 07:52:30,Segmentation,live,0,0
2026-07-29 07:52:31,Segmentation,live,0,0
2026-07-29 07:52:32,Segmentation,live,0,0
2026-07-29 07:52:33,Segmentation,live,0,0
2026-07-29 07:52:34,Segmentation,live,0,0
2026-07-29 07:52:35,Segmentation,live,0,0
2026-07-29 07:52:36,Segmentation,live,0,0
2026-07-29 07:52:37,Segmentation,live,0,0
2026-07-29 07:52:38,Segmentation,live,0,0
2026-07-29 07:52:39,Segmentation,live,0,0
2026-07-29 07:52:40,Segmentation,live,0,0
2026-07-29 07:52:41,Segmentation,live,0,0
2026-07-29 07:52:42,Segmentation,live,0,0
2026-07-29 07:52:43,Segmentation,live,0,0
2026-07-29 07:52:44,Segmentation,live,0,0
2026-07-29 07:52:45,Segmentation,live,0,0
2026-07-29 07:52:46,Segmentation,live,0,0
2026-07-29 07:52:47,Segmentation,live,0,0
2026-07-29 07:52:48,Segmentation,live,0,0
2026-07-29 07:52:49,Segmentation,live,0,0
2026-07-29 07:52:50,Segmentation,live,0,0
2026-07-29 07:52:51,Segmentation,live,0,0
2026-07-29 07:52:52,Segmentation,live,0,0
2026-07-29 07:52:53,Segmentation,live,0,0
2026-07-29 07:52:54,Segmentation,live,0,0
2026-07-29 07:52:55,Segmentation,live,0,0
2026-07-29 07:52:56,Segmentation,live,0,0
2026-07-29 07:52:57,Segmentation,live,0,0
2026-07-29 07:52:58,Segmentation,live,0,0
2026-07-29 07:52:59,Segmentation,live,0,0
2026-07-29 07:53:00,Segmentation,live,0,0
2026-07-29 07:53:01,Segmentation,live,0,0
2026-07-29 07:53:02,Segmentation,live,0,0
2026-07-29 07:53:03,Segmentation,live,0,0
2026-07-29 07:53:04,Segmentation,live,0,0
2026-07-29 07:53:05,Segmentation,live,0,0
2026-07-29 07:53:06,Segmentation,live,0,0
2026-07-29 07:53:07,Segmentation,live,0,0
2026-07-29 07:53:08,Segmentation,live,0,0
2026-07-29 07:53:09,Segmentation,live,0,0
2026-07-29 07:53:10,Segmentation,live,0,0
2026-07-29 07:53:11,Segmentation,live,0,0
2026-07-29 07:53:12,Segmentation,live,0,0
2026-07-29 07:53:13,Segmentation,live,0,0
2026-07-29 07:53:14,Segmentation,live,0,0
2026-07-29 07:53:15,Segmentation,live,0,0
2026-07-29 07:53:16,Segmentation,live,0,0
2026-07-29 07:53:17,Segmentation,live,0,0
2026-07-29 07:53:19,Segmentation,live,0,0
2026-07-29 07:53:20,Segmentation,live,0,0
2026-07-29 07:53:21,Segmentation,live,0,0
2026-07-29 07:53:22,Segmentation,live,0,0
2026-07-29 07:53:23,Segmentation,live,0,0
2026-07-29 07:53:24,Segmentation,live,0,0
2026-07-29 07:53:25,Segmentation,live,0,0
2026-07-29 07:53:26,Segmentation,live,0,0
2026-07-29 07:53:27,Segmentation,live,0,0
2026-07-29 07:53:28,Segmentation,live,0,0
2026-07-29 07:53:29,Segmentation,live,0,0
2026-07-29 07:53:30,Segmentation,live,0,0
2026-07-29 07:53:31,Segmentation,live,0,0
2026-07-29 07:53:32,Segmentation,live,0,0
2026-07-29 07:53:33,Segmentation,live,0,0
2026-07-29 07:53:34,Segmentation,live,0,0
2026-07-29 07:53:35,Segmentation,live,0,0
2026-07-29 07:53:36,Segmentation,live,0,0
2026-07-29 07:53:37,Segmentation,live,0,0
2026-07-29 07:53:38,Segmentation,live,0,0
2026-07-29 07:53:39,Segmentation,live,0,0
2026-07-29 07:53:40,Segmentation,live,0,0
2026-07-29 07:53:41,Segmentation,live,0,0
2026-07-29 07:53:42,Segmentation,live,0,0
2026-07-29 07:53:43,Segmentation,live,0,0
2026-07-29 07:53:44,Segmentation,live,0,0
2026-07-29 07:53:45,Segmentation,live,0,0
2026-07-29 07:53:46,Segmentation,live,0,0
2026-07-29 07:53:47,Segmentation,live,0,0
2026-07-29 07:53:48,Segmentation,live,0,0
2026-07-29 07:53:49,Segmentation,live,0,0
2026-07-29 07:53:50,Segmentation,live,0,0
2026-07-29 07:53:51,Segmentation,live,0,0
2026-07-29 07:53:52,Segmentation,live,0,0
2026-07-29 07:53:53,Segmentation,live,0,0
2026-07-29 07:53:54,Segmentation,live,0,0
2026-07-29 07:53:55,Segmentation,live,0,0
2026-07-29 07:53:56,Segmentation,live,0,0
2026-07-29 07:53:57,Segmentation,live,0,0
2026-07-29 07:53:58,Segmentation,live,0,0
2026-07-29 07:53:59,Segmentation,live,0,0
2026-07-29 07:54:00,Segmentation,live,0,0
2026-07-29 07:54:01,Segmentation,live,0,0
2026-07-29 07:54:02,Segmentation,live,0,0
2026-07-29 07:54:03,Segmentation,live,0,0
2026-07-29 07:54:04,Segmentation,live,0,0
2026-07-29 07:54:05,Segmentation,live,0,0
2026-07-29 07:54:06,Segmentation,live,0,0
2026-07-29 07:54:07,Segmentation,live,0,0
2026-07-29 07:54:08,Segmentation,live,0,0
2026-07-29 07:54:09,Segmentation,live,0,0
2026-07-29 07:54:10,Segmentation,live,0,0
2026-07-29 07:54:11,Segmentation,live,0,0
2026-07-29 07:54:12,Segmentation,live,0,0
2026-07-29 07:54:13,Segmentation,live,0,0
2026-07-29 07:54:14,Segmentation,live,0,0
2026-07-29 07:54:15,Segmentation,live,0,0
2026-07-29 07:54:16,Segmentation,live,0,0
2026-07-29 07:54:17,Segmentation,live,0,0
2026-07-29 07:54:18,Segmentation,live,0,0
2026-07-29 07:54:19,Segmentation,live,0,0
2026-07-29 07:54:20,Segmentation,live,0,0
2026-07-29 07:54:21,Segmentation,live,0,0
2026-07-29 07:54:22,Segmentation,live,0,0
2026-07-29 07:54:23,Segmentation,live,0,0
2026-07-29 07:54:24,Segmentation,live,0,0
2026-07-29 07:54:25,Segmentation,live,0,0
2026-07-29 07:54:26,Segmentation,live,0,0
2026-07-29 07:54:27,Segmentation,live,0,0
2026-07-29 07:54:28,Segmentation,live,0,0
2026-07-29 07:54:29,Segmentation,live,0,0
2026-07-29 07:54:30,Segmentation,live,0,0
2026-07-29 07:54:31,Segmentation,live,0,0
2026-07-29 07:54:32,Segmentation,live,0,0
2026-07-29 07:54:33,Segmentation,live,0,0
2026-07-29 07:54:34,Segmentation,live,0,0
2026-07-29 07:54:35,Segmentation,live,0,0
2026-07-29 07:54:36,Segmentation,live,0,0
2026-07-29 07:54:37,Segmentation,live,0,0
2026-07-29 07:54:38,Segmentation,live,0,0
2026-07-29 07:54:39,Segmentation,live,0,0
2026-07-29 07:54:40,Segmentation,live,0,0
2026-07-29 07:54:41,Segmentation,live,0,0
2026-07-29 07:54:42,Segmentation,live,0,0
2026-07-29 07:54:43,Segmentation,live,0,0
2026-07-29 07:54:44,Segmentation,live,0,0
2026-07-29 07:54:45,Segmentation,live,0,0
2026-07-29 07:54:46,Segmentation,live,0,0
2026-07-29 07:54:48,Segmentation,live,0,0
2026-07-29 07:54:49,Segmentation,live,0,0
2026-07-29 07:54:50,Segmentation,live,0,0
2026-07-29 07:54:51,Segmentation,live,0,0
2026-07-29 07:54:52,Segmentation,live,0,0
2026-07-29 07:54:53,Segmentation,live,0,0
2026-07-29 07:54:54,Segmentation,live,0,0
2026-07-29 07:54:55,Segmentation,live,0,0
2026-07-29 07:54:56,Segmentation,live,0,0
2026-07-29 07:54:57,Segmentation,live,0,0
2026-07-29 07:54:58,Segmentation,live,0,0
2026-07-29 07:54:59,Segmentation,live,0,0
2026-07-29 07:55:00,Segmentation,live,0,0
2026-07-29 07:55:01,Segmentation,live,0,0
2026-07-29 07:55:02,Segmentation,live,0,0
2026-07-29 07:55:03,Segmentation,live,0,0
2026-07-29 07:55:04,Segmentation,live,0,0
2026-07-29 07:55:05,Segmentation,live,0,0
2026-07-29 07:55:06,Segmentation,live,0,0
2026-07-29 07:55:07,Segmentation,live,0,0
2026-07-29 07:55:08,Segmentation,live,0,0
2026-07-29 07:55:09,Segmentation,live,0,0
2026-07-29 07:55:10,Segmentation,live,0,0
2026-07-29 07:55:11,Segmentation,live,0,0
2026-07-29 07:55:12,Segmentation,live,0,0
2026-07-29 07:55:13,Segmentation,live,0,0
2026-07-29 07:55:14,Segmentation,live,0,0
2026-07-29 07:55:15,Segmentation,live,0,0
2026-07-29 07:55:16,Segmentation,live,0,0
2026-07-29 07:55:17,Segmentation,live,0,0
2026-07-29 07:55:18,Segmentation,live,0,0
2026-07-29 07:55:19,Segmentation,live,0,0
2026-07-29 07:55:20,Segmentation,live,0,0
2026-07-29 07:55:21,Segmentation,live,0,0
2026-07-29 07:55:22,Segmentation,live,0,0
2026-07-29 07:55:23,Segmentation,live,0,0
2026-07-29 07:55:24,Segmentation,live,0,0
2026-07-29 07:55:25,Segmentation,live,0,0
2026-07-29 07:55:26,Segmentation,live,0,0
2026-07-29 07:55:27,Segmentation,live,0,0
2026-07-29 07:55:28,Segmentation,live,0,0
2026-07-29 07:55:29,Segmentation,live,0,0
2026-07-29 07:55:30,Segmentation,live,0,0
2026-07-29 07:55:31,Segmentation,live,0,0
2026-07-29 07:55:32,Segmentation,live,0,0
2026-07-29 07:55:33,Segmentation,live,0,0
2026-07-29 07:55:34,Segmentation,live,0,0
2026-07-29 07:55:35,Segmentation,live,0,0
2026-07-29 07:55:36,Segmentation,live,0,0
2026-07-29 07:55:37,Segmentation,live,0,0
2026-07-29 07:55:38,Segmentation,live,0,0
2026-07-29 07:55:39,Segmentation,live,0,0
2026-07-29 07:55:40,Segmentation,live,0,0
2026-07-29 07:55:41,Segmentation,live,0,0
2026-07-29 07:55:42,Segmentation,live,0,0
2026-07-29 07:55:43,Segmentation,live,0,0
2026-07-29 07:55:44,Segmentation,live,0,0
2026-07-29 07:55:45,Segmentation,live,0,0
2026-07-29 07:55:46,Segmentation,live,0,0
2026-07-29 07:55:47,Segmentation,live,0,0
2026-07-29 07:55:48,Segmentation,live,0,0
2026-07-29 07:55:49,Segmentation,live,0,0
2026-07-29 07:55:50,Segmentation,live,0,0
2026-07-29 07:55:51,Segmentation,live,0,0
2026-07-29 07:55:52,Segmentation,live,0,0
2026-07-29 07:55:53,Segmentation,live,0,0
2026-07-29 07:55:54,Segmentation,live,0,0
2026-07-29 07:55:55,Segmentation,live,0,0
2026-07-29 07:55:56,Segmentation,live,0,0
2026-07-29 07:55:57,Segmentation,live,0,0
2026-07-29 07:55:58,Segmentation,live,0,0
2026-07-29 07:55:59,Segmentation,live,0,0
2026-07-29 07:56:00,Segmentation,live,0,0
2026-07-29 07:56:01,Segmentation,live,0,0
2026-07-29 07:56:02,Segmentation,live,0,0
2026-07-29 07:56:03,Segmentation,live,0,0
2026-07-29 07:56:04,Segmentation,live,0,0
2026-07-29 07:56:05,Segmentation,live,0,0
2026-07-29 07:56:06,Segmentation,live,0,0
2026-07-29 07:56:07,Segmentation,live,0,0
2026-07-29 07:56:08,Segmentation,live,0,0
2026-07-29 07:56:09,Segmentation,live,0,0
2026-07-29 07:56:10,Segmentation,live,0,0
2026-07-29 07:56:11,Segmentation,live,0,0
2026-07-29 07:56:12,Segmentation,live,0,0
2026-07-29 07:56:13,Segmentation,live,0,0
2026-07-29 07:56:14,Segmentation,live,0,0
2026-07-29 07:56:16,Segmentation,live,0,0
2026-07-29 07:56:17,Segmentation,live,0,0
2026-07-29 07:56:18,Segmentation,live,0,0
2026-07-29 07:56:19,Segmentation,live,0,0
2026-07-29 07:56:20,Segmentation,live,0,0
2026-07-29 07:56:21,Segmentation,live,0,0
2026-07-29 07:56:22,Segmentation,live,0,0
2026-07-29 07:56:23,Segmentation,live,0,0
2026-07-29 07:56:24,Segmentation,live,0,0
2026-07-29 07:56:25,Segmentation,live,0,0
2026-07-29 07:56:26,Segmentation,live,0,0
2026-07-29 07:56:27,Segmentation,live,0,0
2026-07-29 07:56:28,Segmentation,live,0,0
2026-07-29 07:56:29,Segmentation,live,0,0
2026-07-29 07:56:30,Segmentation,live,0,0
2026-07-29 07:56:31,Segmentation,live,0,0
2026-07-29 07:56:32,Segmentation,live,0,0
2026-07-29 07:56:33,Segmentation,live,0,0
2026-07-29 07:56:34,Segmentation,live,0,0
2026-07-29 07:56:35,Segmentation,live,0,0
2026-07-29 07:56:36,Segmentation,live,0,0
2026-07-29 07:56:37,Segmentation,live,0,0
2026-07-29 07:56:38,Segmentation,live,0,0
2026-07-29 07:56:39,Segmentation,live,0,0
2026-07-29 07:56:40,Segmentation,live,0,0
2026-07-29 07:56:41,Segmentation,live,0,0
2026-07-29 07:56:42,Segmentation,live,0,0
2026-07-29 07:56:43,Segmentation,live,0,0
2026-07-29 07:56:44,Segmentation,live,0,0
2026-07-29 07:56:45,Segmentation,live,0,0
2026-07-29 07:56:46,Segmentation,live,0,0
2026-07-29 07:56:47,Segmentation,live,0,0
2026-07-29 07:56:48,Segmentation,live,0,0
2026-07-29 07:56:49,Segmentation,live,0,0
2026-07-29 07:56:50,Segmentation,live,0,0
2026-07-29 07:56:51,Segmentation,live,0,0
2026-07-29 07:56:52,Segmentation,live,0,0
2026-07-29 07:56:53,Segmentation,live,0,0
2026-07-29 07:56:54,Segmentation,live,0,0
2026-07-29 07:56:55,Segmentation,live,0,0
2026-07-29 07:56:56,Segmentation,live,0,0
2026-07-29 07:56:57,Segmentation,live,0,0
2026-07-29 07:56:58,Segmentation,live,0,0
2026-07-29 07:56:59,Segmentation,live,0,0
2026-07-29 07:57:00,Segmentation,live,0,0
2026-07-29 07:57:01,Segmentation,live,0,0
2026-07-29 07:57:02,Segmentation,live,0,0
2026-07-29 07:57:03,Segmentation,live,0,0
2026-07-29 07:57:04,Segmentation,live,0,0
2026-07-29 07:57:05,Segmentation,live,0,0
2026-07-29 07:57:06,Segmentation,live,0,0
2026-07-29 07:57:07,Segmentation,live,0,0
2026-07-29 07:57:08,Segmentation,live,0,0
2026-07-29 07:57:09,Segmentation,live,0,0
2026-07-29 07:57:10,Segmentation,live,0,0
2026-07-29 07:57:11,Segmentation,live,0,0
2026-07-29 07:57:12,Segmentation,live,0,0
2026-07-29 07:57:13,Segmentation,live,0,0
2026-07-29 07:57:14,Segmentation,live,0,0
2026-07-29 07:57:15,Segmentation,live,0,0
2026-07-29 07:57:16,Segmentation,live,0,0
2026-07-29 07:57:17,Segmentation,live,0,0
2026-07-29 07:57:18,Segmentation,live,0,0
2026-07-29 07:57:19,Segmentation,live,0,0
2026-07-29 07:57:20,Segmentation,live,0,0
2026-07-29 07:57:21,Segmentation,live,0,0
2026-07-29 07:57:22,Segmentation,live,0,0
2026-07-29 07:57:23,Segmentation,live,0,0
2026-07-29 07:57:24,Segmentation,live,0,0
2026-07-29 07:57:25,Segmentation,live,0,0
2026-07-29 07:57:26,Segmentation,live,0,0
2026-07-29 07:57:27,Segmentation,live,0,0
2026-07-29 07:57:28,Segmentation,live,0,0
2026-07-29 07:57:29,Segmentation,live,0,0
2026-07-29 07:57:30,Segmentation,live,0,0
2026-07-29 07:57:31,Segmentation,live,0,0
2026-07-29 07:57:32,Segmentation,live,0,0
2026-07-29 07:57:33,Segmentation,live,0,0
2026-07-29 07:57:34,Segmentation,live,0,0
2026-07-29 07:57:36,Segmentation,live,0,0
2026-07-29 07:57:37,Segmentation,live,0,0
2026-07-29 07:57:38,Segmentation,live,0,0
2026-07-29 07:57:39,Segmentation,live,0,0
2026-07-29 07:57:40,Segmentation,live,0,0
2026-07-29 07:57:41,Segmentation,live,0,0
2026-07-29 07:57:42,Segmentation,live,0,0
2026-07-29 07:57:43,Segmentation,live,0,0
2026-07-29 07:57:44,Segmentation,live,0,0
2026-07-29 07:57:45,Segmentation,live,0,0
2026-07-29 07:57:46,Segmentation,live,0,0
2026-07-29 07:57:47,Segmentation,live,0,0
2026-07-29 07:57:48,Segmentation,live,0,0
2026-07-29 07:57:49,Segmentation,live,0,0
2026-07-29 07:57:50,Segmentation,live,0,0
2026-07-29 07:57:51,Segmentation,live,0,0
2026-07-29 07:57:52,Segmentation,live,0,0
2026-07-29 07:57:53,Segmentation,live,0,0
2026-07-29 07:57:54,Segmentation,live,0,0
2026-07-29 07:57:55,Segmentation,live,0,0
2026-07-29 07:57:56,Segmentation,live,0,0
2026-07-29 07:57:57,Segmentation,live,0,0
2026-07-29 07:57:58,Segmentation,live,0,0
2026-07-29 07:57:59,Segmentation,live,0,0
2026-07-29 07:58:00,Segmentation,live,0,0
2026-07-29 07:58:01,Segmentation,live,0,0
2026-07-29 07:58:02,Segmentation,live,0,0
2026-07-29 07:58:03,Segmentation,live,0,0
2026-07-29 07:58:04,Segmentation,live,0,0
2026-07-29 07:58:05,Segmentation,live,0,0
2026-07-29 07:58:06,Segmentation,live,0,0
2026-07-29 07:58:07,Segmentation,live,0,0
2026-07-29 07:58:08,Segmentation,live,0,0
2026-07-29 07:58:09,Segmentation,live,0,0
2026-07-29 07:58:10,Segmentation,live,0,0
2026-07-29 07:58:11,Segmentation,live,0,0
2026-07-29 07:58:12,Segmentation,live,0,0
2026-07-29 07:58:13,Segmentation,live,0,0
2026-07-29 07:58:14,Segmentation,live,0,0
2026-07-29 07:58:15,Segmentation,live,0,0
2026-07-29 07:58:16,Segmentation,live,0,0
2026-07-29 07:58:17,Segmentation,live,0,0
2026-07-29 07:58:18,Segmentation,live,0,0
2026-07-29 07:58:19,Segmentation,live,0,0
2026-07-29 07:58:20,Segmentation,live,0,0
2026-07-29 07:58:21,Segmentation,live,0,0
2026-07-29 07:58:22,Segmentation,live,0,0
2026-07-29 07:58:23,Segmentation,live,0,0
2026-07-29 07:58:24,Segmentation,live,0,0
2026-07-29 07:58:25,Segmentation,live,0,0
2026-07-29 07:58:26,Segmentation,live,0,0
2026-07-29 07:58:27,Segmentation,live,0,0
2026-07-29 07:58:28,Segmentation,live,0,0
2026-07-29 07:58:29,Segmentation,live,0,0
2026-07-29 07:58:30,Segmentation,live,0,0
2026-07-29 07:58:31,Segmentation,live,0,0
2026-07-29 07:58:32,Segmentation,live,0,0
2026-07-29 07:58:33,Segmentation,live,0,0
2026-07-29 07:58:34,Segmentation,live,0,0
2026-07-29 07:58:35,Segmentation,live,0,0
2026-07-29 07:58:36,Segmentation,live,0,0
2026-07-29 07:58:37,Segmentation,live,0,0
2026-07-29 07:58:38,Segmentation,live,0,0
2026-07-29 07:58:39,Segmentation,live,0,0
2026-07-29 07:58:40,Segmentation,live,0,0
2026-07-29 07:58:41,Segmentation,live,0,0
2026-07-29 07:58:42,Segmentation,live,0,0
2026-07-29 07:58:43,Segmentation,live,0,0
2026-07-29 07:58:44,Segmentation,live,0,0
2026-07-29 07:58:45,Segmentation,live,0,0
2026-07-29 07:58:46,Segmentation,live,0,0
2026-07-29 07:58:47,Segmentation,live,0,0
2026-07-29 07:58:48,Segmentation,live,0,0
2026-07-29 07:58:49,Segmentation,live,0,0
2026-07-29 07:58:50,Segmentation,live,0,0
2026-07-29 07:58:51,Segmentation,live,0,0
2026-07-29 07:58:52,Segmentation,live,0,0
2026-07-29 07:58:53,Segmentation,live,0,0
2026-07-29 07:58:54,Segmentation,live,0,0
2026-07-29 07:58:55,Segmentation,live,0,0
2026-07-29 07:58:57,Segmentation,live,0,0
2026-07-29 07:58:58,Segmentation,live,0,0
2026-07-29 07:58:59,Segmentation,live,0,0
2026-07-29 07:59:00,Segmentation,live,0,0
2026-07-29 07:59:01,Segmentation,live,0,0
2026-07-29 07:59:02,Segmentation,live,0,0
2026-07-29 07:59:03,Segmentation,live,0,0
2026-07-29 07:59:04,Segmentation,live,0,0
2026-07-29 07:59:05,Segmentation,live,0,0
2026-07-29 07:59:06,Segmentation,live,0,0
2026-07-29 07:59:07,Segmentation,live,0,0
2026-07-29 07:59:08,Segmentation,live,0,0
2026-07-29 07:59:09,Segmentation,live,0,0
2026-07-29 07:59:10,Segmentation,live,0,0
2026-07-29 07:59:11,Segmentation,live,0,0
2026-07-29 07:59:12,Segmentation,live,0,0
2026-07-29 07:59:13,Segmentation,live,0,0
2026-07-29 07:59:14,Segmentation,live,0,0
2026-07-29 07:59:16,Segmentation,live,0,0
2026-07-29 07:59:18,Segmentation,live,0,0
2026-07-29 07:59:19,Segmentation,live,0,0
2026-07-29 07:59:20,Segmentation,live,0,0
2026-07-29 07:59:21,Segmentation,live,0,0
2026-07-29 07:59:22,Segmentation,live,0,0
2026-07-29 07:59:23,Segmentation,live,0,0
2026-07-29 07:59:24,Segmentation,live,0,0
2026-07-29 07:59:25,Segmentation,live,0,0
2026-07-29 07:59:26,Segmentation,live,0,0
2026-07-29 07:59:27,Segmentation,live,0,0
2026-07-29 07:59:28,Segmentation,live,0,0
2026-07-29 07:59:29,Segmentation,live,0,0
2026-07-29 07:59:30,Segmentation,live,0,0
2026-07-29 07:59:31,Segmentation,live,0,0
2026-07-29 07:59:32,Segmentation,live,0,0
2026-07-29 07:59:33,Segmentation,live,0,0
2026-07-29 07:59:34,Segmentation,live,0,0
2026-07-29 07:59:35,Segmentation,live,0,0
2026-07-29 07:59:36,Segmentation,live,0,0
2026-07-29 07:59:37,Segmentation,live,0,0
2026-07-29 07:59:38,Segmentation,live,0,0
2026-07-29 07:59:39,Segmentation,live,0,0
2026-07-29 07:59:40,Segmentation,live,0,0
2026-07-29 07:59:41,Segmentation,live,0,0
2026-07-29 07:59:42,Segmentation,live,0,0
2026-07-29 07:59:43,Segmentation,live,0,0
2026-07-29 07:59:44,Segmentation,live,0,0
2026-07-29 07:59:45,Segmentation,live,0,0
2026-07-29 07:59:46,Segmentation,live,0,0
2026-07-29 07:59:47,Segmentation,live,0,0
2026-07-29 07:59:48,Segmentation,live,0,0
2026-07-29 07:59:49,Segmentation,live,0,0
2026-07-29 07:59:50,Segmentation,live,0,0
2026-07-29 07:59:51,Segmentation,live,0,0
2026-07-29 07:59:52,Segmentation,live,0,0
2026-07-29 07:59:53,Segmentation,live,0,0
2026-07-29 07:59:54,Segmentation,live,0,0
2026-07-29 07:59:55,Segmentation,live,0,0
2026-07-29 07:59:56,Segmentation,live,0,0
2026-07-29 07:59:57,Segmentation,live,0,0
2026-07-29 07:59:58,Segmentation,live,0,0
2026-07-29 07:59:59,Segmentation,live,0,0
2026-07-29 08:00:00,Segmentation,live,0,0
2026-07-29 08:00:01,Segmentation,live,0,0
2026-07-29 08:00:02,Segmentation,live,0,0
2026-07-29 08:00:03,Segmentation,live,0,0
2026-07-29 08:00:04,Segmentation,live,0,0
2026-07-29 08:00:05,Segmentation,live,0,0
2026-07-29 08:00:06,Segmentation,live,0,0
2026-07-29 08:00:07,Segmentation,live,0,0
2026-07-29 08:00:08,Segmentation,live,0,0
2026-07-29 08:00:09,Segmentation,live,0,0
2026-07-29 08:00:11,Segmentation,live,0,0
2026-07-29 08:00:12,Segmentation,live,0,0
2026-07-29 08:00:13,Segmentation,live,0,0
2026-07-29 08:00:14,Segmentation,live,0,0
2026-07-29 08:00:15,Segmentation,live,0,0
2026-07-29 08:00:16,Segmentation,live,0,0
2026-07-29 08:00:17,Segmentation,live,0,0
2026-07-29 08:00:18,Segmentation,live,0,0
2026-07-29 08:13:35,Segmentation,live,0,0
2026-07-29 08:13:36,Segmentation,live,0,0
2026-07-29 08:13:38,Segmentation,live,0,0
2026-07-29 08:13:39,Segmentation,live,0,0
2026-07-29 08:13:40,Segmentation,live,0,0
2026-07-29 08:13:41,Segmentation,live,0,0
2026-07-29 08:13:42,Segmentation,live,0,0
2026-07-29 08:13:43,Segmentation,live,0,0
2026-07-29 08:13:44,Segmentation,live,0,0
2026-07-29 08:13:45,Segmentation,live,0,0
2026-07-29 08:13:46,Segmentation,live,0,0
2026-07-29 08:13:47,Segmentation,live,0,0
2026-07-29 08:13:48,Segmentation,live,0,0
2026-07-29 08:13:49,Segmentation,live,0,0
2026-07-29 08:13:50,Segmentation,live,0,0
2026-07-29 08:13:51,Segmentation,live,0,0
2026-07-29 08:13:52,Segmentation,live,0,0
2026-07-29 08:13:53,Segmentation,live,0,0
2026-07-29 08:13:54,Segmentation,live,0,0
2026-07-29 08:13:55,Segmentation,live,0,0
2026-07-29 08:13:56,Segmentation,live,0,0
2026-07-29 08:13:57,Segmentation,live,0,0
2026-07-29 08:13:58,Segmentation,live,0,0
2026-07-29 08:13:59,Segmentation,live,0,0
2026-07-29 08:14:00,Segmentation,live,0,0
2026-07-29 08:14:01,Segmentation,live,0,0
2026-07-29 08:14:02,Segmentation,live,0,0
2026-07-29 08:14:03,Segmentation,live,0,0
2026-07-29 08:14:04,Segmentation,live,0,0
2026-07-29 08:14:05,Segmentation,live,0,0
2026-07-29 08:14:06,Segmentation,live,0,0
2026-07-29 08:14:07,Segmentation,live,0,0
2026-07-29 08:14:08,Segmentation,live,0,0
2026-07-29 08:14:09,Segmentation,live,0,0
2026-07-29 08:14:10,Segmentation,live,0,0
2026-07-29 08:14:11,Segmentation,live,0,0
2026-07-29 08:14:12,Segmentation,live,0,0
2026-07-29 08:14:13,Segmentation,live,0,0
2026-07-29 08:14:14,Segmentation,live,0,0
2026-07-29 08:14:15,Segmentation,live,0,0
2026-07-29 08:14:16,Segmentation,live,0,0
2026-07-29 08:14:17,Segmentation,live,0,0
2026-07-29 08:14:18,Segmentation,live,0,0
2026-07-29 08:14:19,Segmentation,live,0,0
2026-07-29 08:14:20,Segmentation,live,0,0
2026-07-29 08:14:21,Segmentation,live,0,0
2026-07-29 08:14:22,Segmentation,live,0,0
2026-07-29 08:14:23,Segmentation,live,0,0
2026-07-29 08:14:24,Segmentation,live,0,0
2026-07-29 08:14:25,Segmentation,live,0,0
2026-07-29 08:14:26,Segmentation,live,0,0
2026-07-29 08:14:27,Segmentation,live,0,0
2026-07-29 08:14:29,Segmentation,live,0,0
2026-07-29 08:14:30,Segmentation,live,0,0
2026-07-29 08:14:31,Segmentation,live,0,0
2026-07-29 08:14:32,Segmentation,live,0,0
2026-07-29 08:14:33,Segmentation,live,0,0
2026-07-29 08:14:34,Segmentation,live,0,0
2026-07-29 08:14:35,Segmentation,live,0,0
2026-07-29 08:14:36,Segmentation,live,0,0
2026-07-29 08:14:37,Segmentation,live,0,0
2026-07-29 08:14:38,Segmentation,live,0,0
2026-07-29 08:14:39,Segmentation,live,0,0
2026-07-29 08:14:40,Segmentation,live,0,0
2026-07-29 08:14:41,Segmentation,live,0,0
2026-07-29 08:14:42,Segmentation,live,0,0
2026-07-29 08:14:43,Segmentation,live,0,0
2026-07-29 08:14:44,Segmentation,live,0,0
2026-07-29 08:14:45,Segmentation,live,0,0
2026-07-29 08:14:46,Segmentation,live,0,0
2026-07-29 08:14:47,Segmentation,live,0,0
2026-07-29 08:14:48,Segmentation,live,0,0
2026-07-29 08:14:49,Segmentation,live,0,0
2026-07-29 08:14:50,Segmentation,live,0,0
2026-07-29 08:14:51,Segmentation,live,0,0
2026-07-29 08:14:52,Segmentation,live,0,0
2026-07-29 08:14:53,Segmentation,live,0,0
2026-07-29 08:14:54,Segmentation,live,0,0
2026-07-29 08:14:55,Segmentation,live,0,0
2026-07-29 08:14:56,Segmentation,live,0,0
2026-07-29 08:14:57,Segmentation,live,0,0
2026-07-29 08:14:58,Segmentation,live,0,0
2026-07-29 08:14:59,Segmentation,live,0,0
2026-07-29 08:15:00,Segmentation,live,0,0
2026-07-29 08:15:01,Segmentation,live,0,0
2026-07-29 08:15:02,Segmentation,live,0,0
2026-07-29 08:15:03,Segmentation,live,0,0
2026-07-29 08:15:04,Segmentation,live,0,0
2026-07-29 08:15:05,Segmentation,live,0,0
2026-07-29 08:15:06,Segmentation,live,0,0
2026-07-29 08:15:07,Segmentation,live,0,0
2026-07-29 08:15:08,Segmentation,live,0,0
2026-07-29 08:15:09,Segmentation,live,0,0
2026-07-29 08:15:10,Segmentation,live,0,0
2026-07-29 08:15:11,Segmentation,live,0,0
2026-07-29 08:15:12,Segmentation,live,0,0
2026-07-29 08:15:13,Segmentation,live,0,0
2026-07-29 08:15:14,Segmentation,live,0,0
2026-07-29 08:15:15,Segmentation,live,0,0
2026-07-29 08:15:16,Segmentation,live,0,0
2026-07-29 08:15:17,Segmentation,live,0,0
2026-07-29 08:15:18,Segmentation,live,0,0
2026-07-29 08:15:19,Segmentation,live,0,0
2026-07-29 08:15:20,Segmentation,live,0,0
2026-07-29 08:15:21,Segmentation,live,0,0
2026-07-29 08:15:22,Segmentation,live,0,0
2026-07-29 08:15:23,Segmentation,live,0,0
2026-07-29 08:15:24,Segmentation,live,0,0
2026-07-29 08:15:26,Segmentation,live,0,0
2026-07-29 08:15:27,Segmentation,live,0,0
2026-07-29 08:15:28,Segmentation,live,0,0
2026-07-29 08:15:29,Segmentation,live,0,0
2026-07-29 08:15:30,Segmentation,live,0,0
2026-07-29 08:15:31,Segmentation,live,0,0
2026-07-29 08:15:32,Segmentation,live,0,0
2026-07-29 08:15:33,Segmentation,live,0,0
2026-07-29 08:15:34,Segmentation,live,0,0
2026-07-29 08:15:35,Segmentation,live,0,0
2026-07-29 08:15:36,Segmentation,live,0,0
2026-07-29 08:15:37,Segmentation,live,0,0
2026-07-29 08:15:38,Segmentation,live,0,0
2026-07-29 08:15:39,Segmentation,live,0,0
2026-07-29 08:15:40,Segmentation,live,0,0
2026-07-29 08:15:41,Segmentation,live,0,0
2026-07-29 08:15:42,Segmentation,live,0,0
2026-07-29 08:15:43,Segmentation,live,0,0
2026-07-29 08:15:44,Segmentation,live,0,0
2026-07-29 08:15:45,Segmentation,live,0,0
2026-07-29 08:15:46,Segmentation,live,0,0
2026-07-29 08:15:47,Segmentation,live,0,0
2026-07-29 08:15:48,Segmentation,live,0,0
2026-07-29 08:15:49,Segmentation,live,0,0
2026-07-29 08:15:50,Segmentation,live,0,0
2026-07-29 08:15:51,Segmentation,live,0,0
2026-07-29 08:15:52,Segmentation,live,0,0
2026-07-29 08:15:53,Segmentation,live,0,0
2026-07-29 08:15:54,Segmentation,live,0,0
2026-07-29 08:15:55,Segmentation,live,0,0
2026-07-29 08:15:56,Segmentation,live,0,0
2026-07-29 08:15:57,Segmentation,live,0,0
2026-07-29 08:15:58,Segmentation,live,0,0
2026-07-29 08:15:59,Segmentation,live,0,0
2026-07-29 08:16:00,Segmentation,live,0,0
2026-07-29 08:16:01,Segmentation,live,0,0
2026-07-29 08:16:02,Segmentation,live,0,0
2026-07-29 08:16:03,Segmentation,live,0,0
2026-07-29 08:16:04,Segmentation,live,0,0
2026-07-29 08:16:05,Segmentation,live,0,0
2026-07-29 08:16:06,Segmentation,live,0,0
2026-07-29 08:16:07,Segmentation,live,0,0
2026-07-29 08:16:08,Segmentation,live,0,0
2026-07-29 08:16:09,Segmentation,live,0,0
2026-07-29 08:16:10,Segmentation,live,0,0
2026-07-29 08:16:11,Segmentation,live,0,0
2026-07-29 08:16:12,Segmentation,live,0,0
2026-07-29 08:16:13,Segmentation,live,0,0
2026-07-29 08:16:14,Segmentation,live,0,0
2026-07-29 08:16:15,Segmentation,live,0,0
2026-07-29 08:16:16,Segmentation,live,0,0
2026-07-29 08:16:17,Segmentation,live,0,0
2026-07-29 08:16:18,Segmentation,live,0,0
2026-07-29 08:16:19,Segmentation,live,0,0
2026-07-29 08:16:20,Segmentation,live,0,0
2026-07-29 08:16:21,Segmentation,live,0,0
2026-07-29 08:16:22,Segmentation,live,0,0
2026-07-29 08:16:23,Segmentation,live,0,0
2026-07-29 08:16:24,Segmentation,live,0,0
2026-07-29 08:16:25,Segmentation,live,0,0
2026-07-29 08:16:26,Segmentation,live,0,0
2026-07-29 08:16:27,Segmentation,live,0,0
2026-07-29 08:16:28,Segmentation,live,0,0
2026-07-29 08:16:29,Segmentation,live,0,0
2026-07-29 08:16:30,Segmentation,live,0,0
2026-07-29 08:16:31,Segmentation,live,0,0
2026-07-29 08:16:32,Segmentation,live,0,0
2026-07-29 08:16:33,Segmentation,live,0,0
2026-07-29 08:16:34,Segmentation,live,0,0
2026-07-29 08:16:35,Segmentation,live,0,0
2026-07-29 08:16:36,Segmentation,live,0,0
2026-07-29 08:16:37,Segmentation,live,0,0
2026-07-29 08:16:38,Segmentation,live,0,0
2026-07-29 08:16:39,Segmentation,live,0,0
2026-07-29 08:16:40,Segmentation,live,0,0
2026-07-29 08:16:41,Segmentation,live,0,0
2026-07-29 08:16:42,Segmentation,live,0,0
2026-07-29 08:16:43,Segmentation,live,0,0
2026-07-29 08:16:44,Segmentation,live,0,0
2026-07-29 08:16:45,Segmentation,live,0,0
2026-07-29 08:16:46,Segmentation,live,0,0
2026-07-29 08:16:47,Segmentation,live,0,0
2026-07-29 08:16:48,Segmentation,live,0,0
2026-07-29 08:16:49,Segmentation,live,0,0
2026-07-29 08:16:50,Segmentation,live,0,0
2026-07-29 08:16:51,Segmentation,live,0,0
2026-07-29 08:16:52,Segmentation,live,0,0
2026-07-29 08:16:54,Segmentation,live,0,0
2026-07-29 08:16:55,Segmentation,live,0,0
2026-07-29 08:16:56,Segmentation,live,0,0
2026-07-29 08:16:57,Segmentation,live,0,0
2026-07-29 08:16:58,Segmentation,live,0,0
2026-07-29 08:16:59,Segmentation,live,0,0
2026-07-29 08:17:00,Segmentation,live,0,0
2026-07-29 08:17:01,Segmentation,live,0,0
2026-07-29 08:17:02,Segmentation,live,0,0
2026-07-29 08:17:03,Segmentation,live,0,0
2026-07-29 08:17:04,Segmentation,live,0,0
2026-07-29 08:17:05,Segmentation,live,0,0
2026-07-29 08:17:06,Segmentation,live,0,0
2026-07-29 08:17:07,Segmentation,live,0,0
2026-07-29 08:17:08,Segmentation,live,0,0
2026-07-29 08:17:09,Segmentation,live,0,0
2026-07-29 08:17:10,Segmentation,live,0,0
2026-07-29 08:17:11,Segmentation,live,0,0
2026-07-29 08:17:12,Segmentation,live,0,0
2026-07-29 08:17:13,Segmentation,live,0,0
2026-07-29 08:17:14,Segmentation,live,0,0
2026-07-29 08:17:15,Segmentation,live,0,0
2026-07-29 08:17:16,Segmentation,live,0,0
2026-07-29 08:17:17,Segmentation,live,0,0
2026-07-29 08:17:18,Segmentation,live,0,0
2026-07-29 08:17:19,Segmentation,live,0,0
2026-07-29 08:17:20,Segmentation,live,0,0
2026-07-29 08:17:21,Segmentation,live,0,0
2026-07-29 08:17:22,Segmentation,live,0,0
2026-07-29 08:17:23,Segmentation,live,0,0
2026-07-29 08:17:24,Segmentation,live,0,0
2026-07-29 08:17:25,Segmentation,live,0,0
2026-07-29 08:17:26,Segmentation,live,0,0
2026-07-29 08:17:27,Segmentation,live,0,0
2026-07-29 08:17:28,Segmentation,live,0,0
2026-07-29 08:17:29,Segmentation,live,0,0
2026-07-29 08:17:30,Segmentation,live,0,0
2026-07-29 08:17:31,Segmentation,live,0,0
2026-07-29 08:17:32,Segmentation,live,0,0
2026-07-29 08:17:33,Segmentation,live,0,0
2026-07-29 08:17:34,Segmentation,live,0,0
2026-07-29 08:17:35,Segmentation,live,0,0
2026-07-29 08:17:36,Segmentation,live,0,0
2026-07-29 08:17:37,Segmentation,live,0,0
2026-07-29 08:17:38,Segmentation,live,0,0
2026-07-29 08:17:39,Segmentation,live,0,0
2026-07-29 08:17:40,Segmentation,live,0,0
2026-07-29 08:17:41,Segmentation,live,0,0
2026-07-29 08:17:42,Segmentation,live,0,0
2026-07-29 08:17:43,Segmentation,live,0,0
2026-07-29 08:17:44,Segmentation,live,0,0
2026-07-29 08:17:45,Segmentation,live,0,0
2026-07-29 08:17:46,Segmentation,live,0,0
2026-07-29 08:17:47,Segmentation,live,0,0
2026-07-29 08:17:48,Segmentation,live,0,0
2026-07-29 08:17:49,Segmentation,live,0,0
2026-07-29 08:17:50,Segmentation,live,0,0
2026-07-29 08:17:51,Segmentation,live,0,0
2026-07-29 08:17:52,Segmentation,live,0,0
2026-07-29 08:17:53,Segmentation,live,0,0
2026-07-29 08:17:54,Segmentation,live,0,0
2026-07-29 08:17:55,Segmentation,live,0,0
2026-07-29 08:17:56,Segmentation,live,0,0
2026-07-29 08:17:57,Segmentation,live,0,0
2026-07-29 08:17:58,Segmentation,live,0,0
2026-07-29 08:17:59,Segmentation,live,0,0
2026-07-29 08:18:00,Segmentation,live,0,0
2026-07-29 08:18:01,Segmentation,live,0,0
2026-07-29 08:18:02,Segmentation,live,0,0
2026-07-29 08:18:03,Segmentation,live,0,0
2026-07-29 08:18:04,Segmentation,live,0,0
2026-07-29 08:18:05,Segmentation,live,0,0
2026-07-29 08:18:06,Segmentation,live,0,0
2026-07-29 08:18:07,Segmentation,live,0,0
2026-07-29 08:18:08,Segmentation,live,0,0
2026-07-29 08:18:09,Segmentation,live,0,0
2026-07-29 08:18:10,Segmentation,live,0,0
2026-07-29 08:18:11,Segmentation,live,0,0
2026-07-29 08:18:12,Segmentation,live,0,0
2026-07-29 08:18:13,Segmentation,live,0,0
2026-07-29 08:18:14,Segmentation,live,0,0
2026-07-29 08:18:15,Segmentation,live,0,0
2026-07-29 08:18:16,Segmentation,live,0,0
2026-07-29 08:18:17,Segmentation,live,0,0
2026-07-29 08:18:18,Segmentation,live,0,0
2026-07-29 08:18:19,Segmentation,live,0,0
2026-07-29 08:18:20,Segmentation,live,0,0
2026-07-29 08:18:21,Segmentation,live,0,0
2026-07-29 08:18:22,Segmentation,live,0,0
2026-07-29 08:18:24,Segmentation,live,0,0
2026-07-29 08:18:25,Segmentation,live,0,0
2026-07-29 08:18:26,Segmentation,live,0,0
2026-07-29 08:18:27,Segmentation,live,0,0
2026-07-29 08:18:28,Segmentation,live,0,0
2026-07-29 08:18:29,Segmentation,live,0,0
2026-07-29 08:18:30,Segmentation,live,0,0
2026-07-29 08:18:31,Segmentation,live,0,0
2026-07-29 08:18:32,Segmentation,live,0,0
2026-07-29 08:18:33,Segmentation,live,0,0
2026-07-29 08:18:34,Segmentation,live,0,0
2026-07-29 08:18:35,Segmentation,live,0,0
2026-07-29 08:18:36,Segmentation,live,0,0
2026-07-29 08:18:37,Segmentation,live,0,0
2026-07-29 08:18:38,Segmentation,live,0,0
2026-07-29 08:18:39,Segmentation,live,0,0
2026-07-29 08:18:40,Segmentation,live,0,0
2026-07-29 08:18:41,Segmentation,live,0,0
2026-07-29 08:18:42,Segmentation,live,0,0
2026-07-29 08:18:43,Segmentation,live,0,0
2026-07-29 08:18:44,Segmentation,live,0,0
2026-07-29 08:18:45,Segmentation,live,0,0
2026-07-29 08:18:46,Segmentation,live,0,0
2026-07-29 08:18:47,Segmentation,live,0,0
2026-07-29 08:18:48,Segmentation,live,0,0
2026-07-29 08:18:49,Segmentation,live,0,0
2026-07-29 08:18:50,Segmentation,live,0,0
2026-07-29 08:18:51,Segmentation,live,0,0
2026-07-29 08:18:52,Segmentation,live,0,0
2026-07-29 08:18:53,Segmentation,live,0,0
2026-07-29 08:18:54,Segmentation,live,0,0
2026-07-29 08:18:55,Segmentation,live,0,0
2026-07-29 08:18:56,Segmentation,live,0,0
2026-07-29 08:18:57,Segmentation,live,0,0
2026-07-29 08:18:58,Segmentation,live,0,0
2026-07-29 08:18:59,Segmentation,live,0,0
2026-07-29 08:19:00,Segmentation,live,0,0
2026-07-29 08:19:01,Segmentation,live,0,0
2026-07-29 08:19:02,Segmentation,live,0,0
2026-07-29 08:19:03,Segmentation,live,0,0
2026-07-29 08:19:04,Segmentation,live,0,0
2026-07-29 08:19:05,Segmentation,live,0,0
2026-07-29 08:19:06,Segmentation,live,0,0
2026-07-29 08:19:07,Segmentation,live,0,0
2026-07-29 08:19:08,Segmentation,live,0,0
2026-07-29 08:19:09,Segmentation,live,0,0
2026-07-29 08:19:10,Segmentation,live,0,0
2026-07-29 08:19:11,Segmentation,live,0,0
2026-07-29 08:19:12,Segmentation,live,0,0
2026-07-29 08:19:13,Segmentation,live,0,0
2026-07-29 08:19:14,Segmentation,live,0,0
2026-07-29 08:19:15,Segmentation,live,0,0
2026-07-29 08:19:16,Segmentation,live,0,0
2026-07-29 08:19:17,Segmentation,live,0,0
2026-07-29 08:19:18,Segmentation,live,0,0
2026-07-29 08:19:19,Segmentation,live,0,0
2026-07-29 08:19:20,Segmentation,live,0,0
2026-07-29 08:19:21,Segmentation,live,0,0
2026-07-29 08:19:22,Segmentation,live,0,0
2026-07-29 08:19:23,Segmentation,live,0,0
2026-07-29 08:19:24,Segmentation,live,0,0
2026-07-29 08:19:25,Segmentation,live,0,0
2026-07-29 08:19:26,Segmentation,live,0,0
2026-07-29 08:19:27,Segmentation,live,0,0
2026-07-29 08:19:28,Segmentation,live,0,0
2026-07-29 08:19:29,Segmentation,live,0,0
2026-07-29 08:19:30,Segmentation,live,0,0
2026-07-29 08:19:31,Segmentation,live,0,0
2026-07-29 08:19:32,Segmentation,live,0,0
2026-07-29 08:19:33,Segmentation,live,0,0
2026-07-29 08:19:34,Segmentation,live,0,0
2026-07-29 08:19:35,Segmentation,live,0,0
2026-07-29 08:19:36,Segmentation,live,0,0
2026-07-29 08:19:37,Segmentation,live,0,0
2026-07-29 08:19:38,Segmentation,live,0,0
2026-07-29 08:19:39,Segmentation,live,0,0
2026-07-29 08:19:40,Segmentation,live,0,0
2026-07-29 08:19:41,Segmentation,live,0,0
2026-07-29 08:19:42,Segmentation,live,0,0
2026-07-29 08:19:43,Segmentation,live,0,0
2026-07-29 08:19:44,Segmentation,live,0,0
2026-07-29 08:19:45,Segmentation,live,0,0
2026-07-29 08:19:46,Segmentation,live,0,0
2026-07-29 08:19:47,Segmentation,live,0,0
2026-07-29 08:19:48,Segmentation,live,0,0
2026-07-29 08:19:49,Segmentation,live,0,0
2026-07-29 08:19:50,Segmentation,live,0,0
2026-07-29 08:19:51,Segmentation,live,0,0
2026-07-29 08:19:52,Segmentation,live,0,0
2026-07-29 08:19:53,Segmentation,live,0,0
2026-07-29 08:19:54,Segmentation,live,0,0
2026-07-29 08:19:55,Segmentation,live,0,0
2026-07-29 08:19:56,Segmentation,live,0,0
2026-07-29 08:19:57,Segmentation,live,0,0
2026-07-29 08:19:58,Segmentation,live,0,0
2026-07-29 08:19:59,Segmentation,live,0,0
2026-07-29 08:20:00,Segmentation,live,0,0
2026-07-29 08:20:02,Segmentation,live,0,0
2026-07-29 08:20:03,Segmentation,live,0,0
2026-07-29 08:20:04,Segmentation,live,0,0
2026-07-29 08:20:05,Segmentation,live,0,0
2026-07-29 08:20:06,Segmentation,live,0,0
2026-07-29 08:20:07,Segmentation,live,0,0
2026-07-29 08:20:08,Segmentation,live,0,0
2026-07-29 08:20:09,Segmentation,live,0,0
2026-07-29 08:20:10,Segmentation,live,0,0
2026-07-29 08:20:11,Segmentation,live,0,0
2026-07-29 08:20:12,Segmentation,live,0,0
2026-07-29 08:20:13,Segmentation,live,0,0
2026-07-29 08:20:14,Segmentation,live,0,0
2026-07-29 08:20:15,Segmentation,live,0,0
2026-07-29 08:20:16,Segmentation,live,0,0
2026-07-29 08:20:17,Segmentation,live,0,0
2026-07-29 08:20:18,Segmentation,live,0,0
2026-07-29 08:20:19,Segmentation,live,0,0
2026-07-29 08:20:20,Segmentation,live,0,0
2026-07-29 08:20:21,Segmentation,live,0,0
2026-07-29 08:20:22,Segmentation,live,0,0
2026-07-29 08:20:23,Segmentation,live,0,0
2026-07-29 08:20:24,Segmentation,live,0,0
2026-07-29 08:20:25,Segmentation,live,0,0
2026-07-29 08:20:26,Segmentation,live,0,0
2026-07-29 08:20:27,Segmentation,live,0,0
2026-07-29 08:20:28,Segmentation,live,0,0
2026-07-29 08:20:29,Segmentation,live,0,0
2026-07-29 08:20:30,Segmentation,live,0,0
2026-07-29 08:20:31,Segmentation,live,0,0
2026-07-29 08:20:32,Segmentation,live,0,0
2026-07-29 08:20:33,Segmentation,live,0,0
2026-07-29 08:20:34,Segmentation,live,0,0
2026-07-29 08:20:35,Segmentation,live,0,0
2026-07-29 08:20:36,Segmentation,live,0,0
2026-07-29 08:20:37,Segmentation,live,0,0
2026-07-29 08:20:38,Segmentation,live,0,0
2026-07-29 08:20:39,Segmentation,live,0,0
2026-07-29 08:20:40,Segmentation,live,0,0
2026-07-29 08:20:41,Segmentation,live,0,0
2026-07-29 08:20:42,Segmentation,live,0,0
2026-07-29 08:20:43,Segmentation,live,0,0
2026-07-29 08:20:44,Segmentation,live,0,0
2026-07-29 08:20:45,Segmentation,live,0,0
2026-07-29 08:20:46,Segmentation,live,0,0
2026-07-29 08:20:47,Segmentation,live,0,0
2026-07-29 08:20:48,Segmentation,live,0,0
2026-07-29 08:20:49,Segmentation,live,0,0
2026-07-29 08:20:50,Segmentation,live,0,0
2026-07-29 08:20:51,Segmentation,live,0,0
2026-07-29 08:20:52,Segmentation,live,0,0
2026-07-29 08:20:53,Segmentation,live,0,0
2026-07-29 08:20:54,Segmentation,live,0,0
2026-07-29 08:20:55,Segmentation,live,0,0
2026-07-29 08:20:56,Segmentation,live,0,0
2026-07-29 08:20:57,Segmentation,live,0,0
2026-07-29 08:20:58,Segmentation,live,0,0
2026-07-29 08:20:59,Segmentation,live,0,0
2026-07-29 08:21:00,Segmentation,live,0,0
2026-07-29 08:21:01,Segmentation,live,0,0
2026-07-29 08:21:02,Segmentation,live,0,0
2026-07-29 08:21:03,Segmentation,live,0,0
2026-07-29 08:21:04,Segmentation,live,0,0
2026-07-29 08:21:05,Segmentation,live,0,0
2026-07-29 08:21:06,Segmentation,live,0,0
2026-07-29 08:21:07,Segmentation,live,0,0
2026-07-29 08:21:08,Segmentation,live,0,0
2026-07-29 08:21:09,Segmentation,live,0,0
2026-07-29 08:21:10,Segmentation,live,0,0
2026-07-29 08:21:11,Segmentation,live,0,0
2026-07-29 08:21:12,Segmentation,live,0,0
2026-07-29 08:21:13,Segmentation,live,0,0
2026-07-29 08:21:14,Segmentation,live,0,0
2026-07-29 08:21:15,Segmentation,live,0,0
2026-07-29 08:21:16,Segmentation,live,0,0
2026-07-29 08:21:17,Segmentation,live,0,0
2026-07-29 08:21:18,Segmentation,live,0,0
2026-07-29 08:21:19,Segmentation,live,0,0
2026-07-29 08:21:20,Segmentation,live,0,0
2026-07-29 08:21:21,Segmentation,live,0,0
2026-07-29 08:21:22,Segmentation,live,0,0
2026-07-29 08:21:23,Segmentation,live,0,0
2026-07-29 08:21:24,Segmentation,live,0,0
2026-07-29 08:21:25,Segmentation,live,0,0
2026-07-29 08:21:26,Segmentation,live,0,0
2026-07-29 08:21:27,Segmentation,live,0,0
2026-07-29 08:21:28,Segmentation,live,0,0
2026-07-29 08:21:29,Segmentation,live,0,0
2026-07-29 08:21:30,Segmentation,live,0,0
2026-07-29 08:21:31,Segmentation,live,0,0
2026-07-29 08:21:32,Segmentation,live,0,0
2026-07-29 08:21:33,Segmentation,live,0,0
2026-07-29 08:21:34,Segmentation,live,0,0
2026-07-29 08:21:35,Segmentation,live,0,0
2026-07-29 08:21:36,Segmentation,live,0,0
2026-07-29 08:21:37,Segmentation,live,0,0
2026-07-29 08:21:38,Segmentation,live,0,0
2026-07-29 08:21:39,Segmentation,live,0,0
2026-07-29 08:21:41,Segmentation,live,0,0
2026-07-29 08:21:42,Segmentation,live,0,0
2026-07-29 08:21:43,Segmentation,live,0,0
2026-07-29 08:21:44,Segmentation,live,0,0
2026-07-29 08:21:45,Segmentation,live,0,0
2026-07-29 08:21:46,Segmentation,live,0,0
2026-07-29 08:21:47,Segmentation,live,0,0
2026-07-29 08:21:48,Segmentation,live,0,0
2026-07-29 08:21:49,Segmentation,live,0,0
2026-07-29 08:21:50,Segmentation,live,0,0
2026-07-29 08:21:51,Segmentation,live,0,0
2026-07-29 08:21:52,Segmentation,live,0,0
2026-07-29 08:21:53,Segmentation,live,0,0
2026-07-29 08:21:54,Segmentation,live,0,0
2026-07-29 08:21:55,Segmentation,live,0,0
2026-07-29 08:21:56,Segmentation,live,0,0
2026-07-29 08:21:57,Segmentation,live,0,0
2026-07-29 08:21:58,Segmentation,live,0,0
2026-07-29 08:21:59,Segmentation,live,0,0
2026-07-29 08:22:00,Segmentation,live,0,0
2026-07-29 08:22:01,Segmentation,live,0,0
2026-07-29 08:22:02,Segmentation,live,0,0
2026-07-29 08:22:03,Segmentation,live,0,0
2026-07-29 08:22:04,Segmentation,live,0,0
2026-07-29 08:22:05,Segmentation,live,0,0
2026-07-29 08:22:06,Segmentation,live,0,0
2026-07-29 08:22:07,Segmentation,live,0,0
2026-07-29 08:22:08,Segmentation,live,0,0
2026-07-29 08:22:09,Segmentation,live,0,0
2026-07-29 08:22:10,Segmentation,live,0,0
2026-07-29 08:22:11,Segmentation,live,0,0
2026-07-29 08:22:12,Segmentation,live,0,0
2026-07-29 08:22:13,Segmentation,live,0,0
2026-07-29 08:22:14,Segmentation,live,0,0
2026-07-29 08:22:15,Segmentation,live,0,0
2026-07-29 08:22:16,Segmentation,live,0,0
2026-07-29 08:22:17,Segmentation,live,0,0
2026-07-29 08:22:18,Segmentation,live,0,0
2026-07-29 08:22:19,Segmentation,live,0,0
2026-07-29 08:22:20,Segmentation,live,0,0
2026-07-29 08:22:21,Segmentation,live,0,0
2026-07-29 08:22:22,Segmentation,live,0,0
2026-07-29 08:22:23,Segmentation,live,0,0
2026-07-29 08:22:24,Segmentation,live,0,0
2026-07-29 08:22:25,Segmentation,live,0,0
2026-07-29 08:22:26,Segmentation,live,0,0
2026-07-29 08:22:27,Segmentation,live,0,0
2026-07-29 08:22:28,Segmentation,live,0,0
2026-07-29 08:22:29,Segmentation,live,0,0
2026-07-29 08:22:30,Segmentation,live,0,0
2026-07-29 08:22:31,Segmentation,live,0,0
2026-07-29 08:22:32,Segmentation,live,0,0
2026-07-29 08:22:33,Segmentation,live,0,0
2026-07-29 08:22:34,Segmentation,live,0,0
2026-07-29 08:22:35,Segmentation,live,0,0
2026-07-29 08:22:36,Segmentation,live,0,0
2026-07-29 08:22:37,Segmentation,live,0,0
2026-07-29 08:22:38,Segmentation,live,0,0
2026-07-29 08:22:39,Segmentation,live,0,0
2026-07-29 08:22:40,Segmentation,live,0,0
2026-07-29 08:22:41,Segmentation,live,0,0
2026-07-29 08:22:42,Segmentation,live,0,0
2026-07-29 08:22:43,Segmentation,live,0,0
2026-07-29 08:22:44,Segmentation,live,0,0
2026-07-29 08:22:45,Segmentation,live,0,0
2026-07-29 08:22:46,Segmentation,live,0,0
2026-07-29 08:22:47,Segmentation,live,0,0
2026-07-29 08:22:48,Segmentation,live,0,0
2026-07-29 08:22:49,Segmentation,live,0,0
2026-07-29 08:22:50,Segmentation,live,0,0
2026-07-29 08:22:51,Segmentation,live,0,0
2026-07-29 08:22:52,Segmentation,live,0,0
2026-07-29 08:22:53,Segmentation,live,0,0
2026-07-29 08:22:54,Segmentation,live,0,0
2026-07-29 08:22:55,Segmentation,live,0,0
2026-07-29 08:22:56,Segmentation,live,0,0
2026-07-29 08:22:57,Segmentation,live,0,0
2026-07-29 08:22:58,Segmentation,live,0,0
2026-07-29 08:22:59,Segmentation,live,0,0
2026-07-29 08:23:00,Segmentation,live,0,0
2026-07-29 08:23:01,Segmentation,live,0,0
2026-07-29 08:23:02,Segmentation,live,0,0
2026-07-29 08:23:03,Segmentation,live,0,0
2026-07-29 08:23:04,Segmentation,live,0,0
2026-07-29 08:23:05,Segmentation,live,0,0
2026-07-29 08:23:06,Segmentation,live,0,0
2026-07-29 08:23:07,Segmentation,live,0,0
2026-07-29 08:23:08,Segmentation,live,0,0
2026-07-29 08:23:09,Segmentation,live,0,0
2026-07-29 08:23:10,Segmentation,live,0,0
2026-07-29 08:23:11,Segmentation,live,0,0
2026-07-29 08:23:13,Segmentation,live,0,0
2026-07-29 08:23:14,Segmentation,live,0,0
2026-07-29 08:23:15,Segmentation,live,0,0
2026-07-29 08:23:16,Segmentation,live,0,0
2026-07-29 08:23:17,Segmentation,live,0,0
2026-07-29 08:23:18,Segmentation,live,0,0
2026-07-29 08:23:19,Segmentation,live,0,0
2026-07-29 08:23:20,Segmentation,live,0,0
2026-07-29 08:23:21,Segmentation,live,0,0
2026-07-29 08:23:22,Segmentation,live,0,0
2026-07-29 08:23:23,Segmentation,live,0,0
2026-07-29 08:23:24,Segmentation,live,0,0
2026-07-29 08:23:25,Segmentation,live,0,0
2026-07-29 08:23:26,Segmentation,live,0,0
2026-07-29 08:23:27,Segmentation,live,0,0
2026-07-29 08:23:28,Segmentation,live,0,0
2026-07-29 08:23:29,Segmentation,live,0,0
2026-07-29 08:23:30,Segmentation,live,0,0
2026-07-29 08:23:31,Segmentation,live,0,0
2026-07-29 08:23:32,Segmentation,live,0,0
2026-07-29 08:23:33,Segmentation,live,0,0
2026-07-29 08:23:34,Segmentation,live,0,0
2026-07-29 08:23:35,Segmentation,live,0,0
2026-07-29 08:23:36,Segmentation,live,0,0
2026-07-29 08:23:37,Segmentation,live,0,0
2026-07-29 08:23:38,Segmentation,live,0,0
2026-07-29 08:23:39,Segmentation,live,0,0
2026-07-29 08:23:40,Segmentation,live,0,0
2026-07-29 08:23:41,Segmentation,live,0,0
2026-07-29 08:23:42,Segmentation,live,0,0
2026-07-29 08:23:43,Segmentation,live,0,0
2026-07-29 08:23:44,Segmentation,live,0,0
2026-07-29 08:23:45,Segmentation,live,0,0
2026-07-29 08:23:46,Segmentation,live,0,0
2026-07-29 08:23:47,Segmentation,live,0,0
2026-07-29 08:23:48,Segmentation,live,0,0
2026-07-29 08:23:49,Segmentation,live,0,0
2026-07-29 08:23:50,Segmentation,live,0,0
2026-07-29 08:23:51,Segmentation,live,0,0
2026-07-29 08:23:52,Segmentation,live,0,0
2026-07-29 08:23:53,Segmentation,live,0,0
2026-07-29 08:23:54,Segmentation,live,0,0
2026-07-29 08:23:55,Segmentation,live,0,0
2026-07-29 08:23:56,Segmentation,live,0,0
2026-07-29 08:23:57,Segmentation,live,0,0
2026-07-29 08:23:58,Segmentation,live,0,0
2026-07-29 08:23:59,Segmentation,live,0,0
2026-07-29 08:24:00,Segmentation,live,0,0
2026-07-29 08:24:01,Segmentation,live,0,0
2026-07-29 08:24:02,Segmentation,live,0,0
2026-07-29 08:24:03,Segmentation,live,0,0
2026-07-29 08:24:04,Segmentation,live,0,0
2026-07-29 08:24:05,Segmentation,live,0,0
2026-07-29 08:24:06,Segmentation,live,0,0
2026-07-29 08:24:07,Segmentation,live,0,0
2026-07-29 08:24:08,Segmentation,live,0,0
2026-07-29 08:24:09,Segmentation,live,0,0
2026-07-29 08:24:10,Segmentation,live,0,0
2026-07-29 08:24:11,Segmentation,live,0,0
2026-07-29 08:24:12,Segmentation,live,0,0
2026-07-29 08:24:13,Segmentation,live,0,0
2026-07-29 08:24:14,Segmentation,live,0,0
2026-07-29 08:24:15,Segmentation,live,0,0
2026-07-29 08:24:16,Segmentation,live,0,0
2026-07-29 08:24:17,Segmentation,live,0,0
2026-07-29 08:24:18,Segmentation,live,0,0
2026-07-29 08:24:19,Segmentation,live,0,0
2026-07-29 08:24:20,Segmentation,live,0,0
2026-07-29 08:24:21,Segmentation,live,0,0
2026-07-29 08:24:22,Segmentation,live,0,0
2026-07-29 08:24:23,Segmentation,live,0,0
2026-07-29 08:24:24,Segmentation,live,0,0
2026-07-29 08:24:25,Segmentation,live,0,0
2026-07-29 08:24:26,Segmentation,live,0,0
2026-07-29 08:24:27,Segmentation,live,0,0
2026-07-29 08:24:28,Segmentation,live,0,0
2026-07-29 08:24:29,Segmentation,live,0,0
2026-07-29 08:24:30,Segmentation,live,0,0
2026-07-29 08:24:31,Segmentation,live,0,0
2026-07-29 08:24:32,Segmentation,live,0,0
2026-07-29 08:24:33,Segmentation,live,0,0
2026-07-29 08:24:34,Segmentation,live,0,0
2026-07-29 08:24:35,Segmentation,live,0,0
2026-07-29 08:24:36,Segmentation,live,0,0
2026-07-29 08:24:37,Segmentation,live,0,0
2026-07-29 08:24:38,Segmentation,live,0,0
2026-07-29 08:24:39,Segmentation,live,0,0
2026-07-29 08:24:40,Segmentation,live,0,0
2026-07-29 08:24:41,Segmentation,live,0,0
2026-07-29 08:24:42,Segmentation,live,0,0
2026-07-29 08:24:43,Segmentation,live,0,0
2026-07-29 08:24:44,Segmentation,live,0,0
2026-07-29 08:24:45,Segmentation,live,0,0
2026-07-29 08:24:46,Segmentation,live,0,0
2026-07-29 08:24:48,Segmentation,live,0,0
2026-07-29 08:24:49,Segmentation,live,0,0
2026-07-29 08:24:50,Segmentation,live,0,0
2026-07-29 08:24:51,Segmentation,live,0,0
2026-07-29 08:24:52,Segmentation,live,0,0
2026-07-29 08:24:53,Segmentation,live,0,0
2026-07-29 08:24:54,Segmentation,live,0,0
2026-07-29 08:24:55,Segmentation,live,0,0
2026-07-29 08:24:56,Segmentation,live,0,0
2026-07-29 08:24:57,Segmentation,live,0,0
2026-07-29 08:24:58,Segmentation,live,0,0
2026-07-29 08:24:59,Segmentation,live,0,0
2026-07-29 08:25:00,Segmentation,live,0,0
2026-07-29 08:25:01,Segmentation,live,0,0
2026-07-29 08:25:02,Segmentation,live,0,0
2026-07-29 08:25:03,Segmentation,live,0,0
2026-07-29 08:25:04,Segmentation,live,0,0
2026-07-29 08:25:05,Segmentation,live,0,0
2026-07-29 08:25:06,Segmentation,live,0,0
2026-07-29 08:25:07,Segmentation,live,0,0
2026-07-29 08:25:08,Segmentation,live,0,0
2026-07-29 08:25:09,Segmentation,live,0,0
2026-07-29 08:25:10,Segmentation,live,0,0
2026-07-29 08:25:11,Segmentation,live,0,0
2026-07-29 08:25:12,Segmentation,live,0,0
2026-07-29 08:25:13,Segmentation,live,0,0
2026-07-29 08:25:14,Segmentation,live,0,0
2026-07-29 08:25:15,Segmentation,live,0,0
2026-07-29 08:25:16,Segmentation,live,0,0
2026-07-29 08:25:17,Segmentation,live,0,0
2026-07-29 08:25:18,Segmentation,live,0,0
2026-07-29 08:25:19,Segmentation,live,0,0
2026-07-29 08:25:20,Segmentation,live,0,0
2026-07-29 08:25:21,Segmentation,live,0,0
2026-07-29 08:25:22,Segmentation,live,0,0
2026-07-29 08:25:23,Segmentation,live,0,0
2026-07-29 08:25:24,Segmentation,live,0,0
2026-07-29 08:25:25,Segmentation,live,0,0
2026-07-29 08:25:26,Segmentation,live,0,0
2026-07-29 08:25:27,Segmentation,live,0,0
2026-07-29 08:25:28,Segmentation,live,0,0
2026-07-29 08:25:29,Segmentation,live,0,0
2026-07-29 08:25:30,Segmentation,live,0,0
2026-07-29 08:25:31,Segmentation,live,0,0
2026-07-29 08:25:32,Segmentation,live,0,0
2026-07-29 08:25:33,Segmentation,live,0,0
2026-07-29 08:25:34,Segmentation,live,0,0
2026-07-29 08:25:35,Segmentation,live,0,0
2026-07-29 08:25:36,Segmentation,live,0,0
2026-07-29 08:25:37,Segmentation,live,0,0
2026-07-29 08:25:38,Segmentation,live,0,0
2026-07-29 08:25:39,Segmentation,live,0,0
2026-07-29 08:25:40,Segmentation,live,0,0
2026-07-29 08:25:41,Segmentation,live,0,0
2026-07-29 08:25:42,Segmentation,live,0,0
2026-07-29 08:25:43,Segmentation,live,0,0
2026-07-29 08:25:44,Segmentation,live,0,0
2026-07-29 08:25:45,Segmentation,live,0,0
2026-07-29 08:25:46,Segmentation,live,0,0
2026-07-29 08:25:47,Segmentation,live,0,0
2026-07-29 08:25:48,Segmentation,live,0,0
2026-07-29 08:25:49,Segmentation,live,0,0
2026-07-29 08:25:50,Segmentation,live,0,0
2026-07-29 08:25:51,Segmentation,live,0,0
2026-07-29 08:25:52,Segmentation,live,0,0
2026-07-29 08:25:53,Segmentation,live,0,0
2026-07-29 08:25:54,Segmentation,live,0,0
2026-07-29 08:25:55,Segmentation,live,0,0
2026-07-29 08:25:56,Segmentation,live,0,0
2026-07-29 08:25:57,Segmentation,live,0,0
2026-07-29 08:25:58,Segmentation,live,0,0
2026-07-29 08:25:59,Segmentation,live,0,0
2026-07-29 08:26:00,Segmentation,live,0,0
2026-07-29 08:26:01,Segmentation,live,0,0
2026-07-29 08:26:02,Segmentation,live,0,0
2026-07-29 08:26:03,Segmentation,live,0,0
2026-07-29 08:26:04,Segmentation,live,0,0
2026-07-29 08:26:05,Segmentation,live,0,0
2026-07-29 08:26:06,Segmentation,live,0,0
2026-07-29 08:26:07,Segmentation,live,0,0
2026-07-29 08:26:08,Segmentation,live,0,0
2026-07-29 08:26:09,Segmentation,live,0,0
2026-07-29 08:26:10,Segmentation,live,0,0
2026-07-29 08:26:11,Segmentation,live,0,0
2026-07-29 08:26:12,Segmentation,live,0,0
2026-07-29 08:26:13,Segmentation,live,0,0
2026-07-29 08:26:14,Segmentation,live,0,0
2026-07-29 08:26:15,Segmentation,live,0,0
2026-07-29 08:26:16,Segmentation,live,0,0
2026-07-29 08:26:17,Segmentation,live,0,0
2026-07-29 08:26:18,Segmentation,live,0,0
2026-07-29 08:26:20,Segmentation,live,0,0
2026-07-29 08:26:21,Segmentation,live,0,0
2026-07-29 08:26:22,Segmentation,live,0,0
2026-07-29 08:26:23,Segmentation,live,0,0
2026-07-29 08:26:24,Segmentation,live,0,0
2026-07-29 08:26:25,Segmentation,live,0,0
2026-07-29 08:26:26,Segmentation,live,0,0
2026-07-29 08:26:27,Segmentation,live,0,0
2026-07-29 08:26:28,Segmentation,live,0,0
2026-07-29 08:26:29,Segmentation,live,0,0
2026-07-29 08:26:30,Segmentation,live,0,0
2026-07-29 08:26:31,Segmentation,live,0,0
2026-07-29 08:26:32,Segmentation,live,0,0
2026-07-29 08:26:33,Segmentation,live,0,0
2026-07-29 08:26:34,Segmentation,live,0,0
2026-07-29 08:26:35,Segmentation,live,0,0
2026-07-29 08:26:36,Segmentation,live,0,0
2026-07-29 08:26:37,Segmentation,live,0,0
2026-07-29 08:26:38,Segmentation,live,0,0
2026-07-29 08:26:39,Segmentation,live,0,0
2026-07-29 08:26:40,Segmentation,live,0,0
2026-07-29 08:26:41,Segmentation,live,0,0
2026-07-29 08:26:42,Segmentation,live,0,0
2026-07-29 08:26:43,Segmentation,live,0,0
2026-07-29 08:26:44,Segmentation,live,0,0
2026-07-29 08:26:45,Segmentation,live,0,0
2026-07-29 08:26:46,Segmentation,live,0,0
2026-07-29 08:26:47,Segmentation,live,0,0
2026-07-29 08:26:48,Segmentation,live,0,0
2026-07-29 08:26:49,Segmentation,live,0,0
2026-07-29 08:26:50,Segmentation,live,0,0
2026-07-29 08:26:51,Segmentation,live,0,0
2026-07-29 08:26:52,Segmentation,live,0,0
2026-07-29 08:26:53,Segmentation,live,0,0
2026-07-29 08:26:54,Segmentation,live,0,0
2026-07-29 08:26:55,Segmentation,live,0,0
2026-07-29 08:26:56,Segmentation,live,0,0
2026-07-29 08:26:57,Segmentation,live,0,0
2026-07-29 08:26:58,Segmentation,live,0,0
2026-07-29 08:26:59,Segmentation,live,0,0
2026-07-29 08:27:00,Segmentation,live,0,0
2026-07-29 08:27:01,Segmentation,live,0,0
2026-07-29 08:27:02,Segmentation,live,0,0
2026-07-29 08:27:03,Segmentation,live,0,0
2026-07-29 08:27:04,Segmentation,live,0,0
2026-07-29 08:27:05,Segmentation,live,0,0
2026-07-29 08:27:06,Segmentation,live,0,0
2026-07-29 08:27:07,Segmentation,live,0,0
2026-07-29 08:27:08,Segmentation,live,0,0
2026-07-29 08:27:09,Segmentation,live,0,0
2026-07-29 08:27:10,Segmentation,live,0,0
2026-07-29 08:27:11,Segmentation,live,0,0
2026-07-29 08:27:12,Segmentation,live,0,0
2026-07-29 08:27:13,Segmentation,live,0,0
2026-07-29 08:27:14,Segmentation,live,0,0
2026-07-29 08:27:15,Segmentation,live,0,0
2026-07-29 08:27:16,Segmentation,live,0,0
2026-07-29 08:27:17,Segmentation,live,0,0
2026-07-29 08:27:18,Segmentation,live,0,0
2026-07-29 08:27:19,Segmentation,live,0,0
2026-07-29 08:27:20,Segmentation,live,0,0
2026-07-29 08:27:21,Segmentation,live,0,0
2026-07-29 08:27:22,Segmentation,live,0,0
2026-07-29 08:27:23,Segmentation,live,0,0
2026-07-29 08:27:24,Segmentation,live,0,0
2026-07-29 08:27:25,Segmentation,live,0,0
2026-07-29 08:27:26,Segmentation,live,0,0
2026-07-29 08:27:27,Segmentation,live,0,0
2026-07-29 08:27:28,Segmentation,live,0,0
2026-07-29 08:27:29,Segmentation,live,0,0
2026-07-29 08:27:30,Segmentation,live,0,0
2026-07-29 08:27:31,Segmentation,live,0,0
2026-07-29 08:27:32,Segmentation,live,0,0
2026-07-29 08:27:33,Segmentation,live,0,0
2026-07-29 08:27:34,Segmentation,live,0,0
2026-07-29 08:27:35,Segmentation,live,0,0
2026-07-29 08:27:36,Segmentation,live,0,0
2026-07-29 08:27:37,Segmentation,live,0,0
2026-07-29 08:27:38,Segmentation,live,0,0
2026-07-29 08:27:39,Segmentation,live,0,0
2026-07-29 08:27:40,Segmentation,live,0,0
2026-07-29 08:27:41,Segmentation,live,0,0
2026-07-29 08:27:42,Segmentation,live,0,0
2026-07-29 08:27:43,Segmentation,live,0,0
2026-07-29 08:27:44,Segmentation,live,0,0
2026-07-29 08:27:45,Segmentation,live,0,0
2026-07-29 08:27:46,Segmentation,live,0,0
2026-07-29 08:27:47,Segmentation,live,0,0
2026-07-29 08:27:48,Segmentation,live,0,0
2026-07-29 08:27:49,Segmentation,live,0,0
2026-07-29 08:27:50,Segmentation,live,0,0
2026-07-29 08:27:51,Segmentation,live,0,0
2026-07-29 08:27:52,Segmentation,live,0,0
2026-07-29 08:27:53,Segmentation,live,0,0
2026-07-29 08:27:54,Segmentation,live,0,0
2026-07-29 08:27:55,Segmentation,live,0,0
2026-07-29 08:27:56,Segmentation,live,0,0
2026-07-29 08:27:57,Segmentation,live,0,0
2026-07-29 08:27:58,Segmentation,live,0,0
2026-07-29 08:27:59,Segmentation,live,0,0
2026-07-29 08:28:00,Segmentation,live,0,0
2026-07-29 08:28:01,Segmentation,live,0,0
2026-07-29 08:28:03,Segmentation,live,0,0
2026-07-29 08:28:04,Segmentation,live,0,0
2026-07-29 08:28:05,Segmentation,live,0,0
2026-07-29 08:28:06,Segmentation,live,0,0
2026-07-29 08:28:07,Segmentation,live,0,0
2026-07-29 08:28:08,Segmentation,live,0,0
2026-07-29 08:28:09,Segmentation,live,0,0
2026-07-29 08:28:10,Segmentation,live,0,0
2026-07-29 08:28:11,Segmentation,live,0,0
2026-07-29 08:28:12,Segmentation,live,0,0
2026-07-29 08:28:13,Segmentation,live,0,0
2026-07-29 08:28:14,Segmentation,live,0,0
2026-07-29 08:28:15,Segmentation,live,0,0
2026-07-29 08:28:16,Segmentation,live,0,0
2026-07-29 08:28:17,Segmentation,live,0,0
2026-07-29 08:28:18,Segmentation,live,0,0
2026-07-29 08:28:19,Segmentation,live,0,0
2026-07-29 08:28:20,Segmentation,live,0,0
2026-07-29 08:28:21,Segmentation,live,0,0
2026-07-29 08:28:22,Segmentation,live,0,0
2026-07-29 08:28:23,Segmentation,live,0,0
2026-07-29 08:28:24,Segmentation,live,0,0
2026-07-29 08:28:25,Segmentation,live,0,0
2026-07-29 08:28:26,Segmentation,live,0,0
2026-07-29 08:28:27,Segmentation,live,0,0
2026-07-29 08:28:28,Segmentation,live,0,0
2026-07-29 08:28:29,Segmentation,live,0,0
2026-07-29 08:28:30,Segmentation,live,0,0
2026-07-29 08:28:31,Segmentation,live,0,0
2026-07-29 08:28:32,Segmentation,live,0,0
2026-07-29 08:28:33,Segmentation,live,0,0
2026-07-29 08:28:34,Segmentation,live,0,0
2026-07-29 08:28:35,Segmentation,live,0,0
2026-07-29 08:28:36,Segmentation,live,0,0
2026-07-29 08:28:37,Segmentation,live,0,0
2026-07-29 08:28:38,Segmentation,live,0,0
2026-07-29 08:28:39,Segmentation,live,0,0
2026-07-29 08:28:40,Segmentation,live,0,0
2026-07-29 08:28:41,Segmentation,live,0,0
2026-07-29 08:28:42,Segmentation,live,0,0
2026-07-29 08:28:43,Segmentation,live,0,0
2026-07-29 08:28:44,Segmentation,live,0,0
2026-07-29 08:28:45,Segmentation,live,0,0
2026-07-29 08:28:46,Segmentation,live,0,0
2026-07-29 08:28:47,Segmentation,live,0,0
2026-07-29 08:28:48,Segmentation,live,0,0
2026-07-29 08:28:49,Segmentation,live,0,0
2026-07-29 08:28:50,Segmentation,live,0,0
2026-07-29 08:28:51,Segmentation,live,0,0
2026-07-29 08:28:52,Segmentation,live,0,0
2026-07-29 08:28:53,Segmentation,live,0,0
2026-07-29 08:28:54,Segmentation,live,0,0
2026-07-29 08:28:55,Segmentation,live,0,0
2026-07-29 08:28:56,Segmentation,live,0,0
2026-07-29 08:28:57,Segmentation,live,0,0
2026-07-29 08:28:58,Segmentation,live,0,0
2026-07-29 08:28:59,Segmentation,live,0,0
2026-07-29 08:29:00,Segmentation,live,0,0
2026-07-29 08:29:01,Segmentation,live,0,0
2026-07-29 08:29:02,Segmentation,live,0,0
2026-07-29 08:29:03,Segmentation,live,0,0
2026-07-29 08:29:04,Segmentation,live,0,0
2026-07-29 08:29:05,Segmentation,live,0,0
2026-07-29 08:29:06,Segmentation,live,0,0
2026-07-29 08:29:07,Segmentation,live,0,0
2026-07-29 08:29:08,Segmentation,live,0,0
2026-07-29 08:29:09,Segmentation,live,0,0
2026-07-29 08:29:10,Segmentation,live,0,0
2026-07-29 08:29:11,Segmentation,live,0,0
2026-07-29 08:29:12,Segmentation,live,0,0
2026-07-29 08:29:13,Segmentation,live,0,0
2026-07-29 08:29:14,Segmentation,live,0,0
2026-07-29 08:29:15,Segmentation,live,0,0
2026-07-29 08:29:16,Segmentation,live,0,0
2026-07-29 08:29:17,Segmentation,live,0,0
2026-07-29 08:29:18,Segmentation,live,0,0
2026-07-29 08:29:19,Segmentation,live,0,0
2026-07-29 08:29:20,Segmentation,live,0,0
2026-07-29 08:29:21,Segmentation,live,0,0
2026-07-29 08:29:22,Segmentation,live,0,0
2026-07-29 08:29:23,Segmentation,live,0,0
2026-07-29 08:29:24,Segmentation,live,0,0
2026-07-29 08:29:25,Segmentation,live,0,0
2026-07-29 08:29:26,Segmentation,live,0,0
2026-07-29 08:29:28,Segmentation,live,0,0
2026-07-29 08:29:29,Segmentation,live,0,0
2026-07-29 08:29:30,Segmentation,live,0,0
2026-07-29 08:29:31,Segmentation,live,0,0
2026-07-29 08:29:32,Segmentation,live,0,0
2026-07-29 08:29:33,Segmentation,live,0,0
2026-07-29 08:29:34,Segmentation,live,0,0
2026-07-29 08:29:35,Segmentation,live,0,0
2026-07-29 08:29:36,Segmentation,live,0,0
2026-07-29 08:29:37,Segmentation,live,0,0
2026-07-29 08:29:38,Segmentation,live,0,0
2026-07-29 08:29:39,Segmentation,live,0,0
2026-07-29 08:29:40,Segmentation,live,0,0
2026-07-29 08:29:41,Segmentation,live,0,0
2026-07-29 08:29:42,Segmentation,live,0,0
2026-07-29 08:29:43,Segmentation,live,0,0
2026-07-29 08:29:44,Segmentation,live,0,0
2026-07-29 08:29:45,Segmentation,live,0,0
2026-07-29 08:29:46,Segmentation,live,0,0
2026-07-29 08:29:47,Segmentation,live,0,0
2026-07-29 08:29:48,Segmentation,live,0,0
2026-07-29 08:29:49,Segmentation,live,0,0
2026-07-29 08:29:50,Segmentation,live,0,0
2026-07-29 08:29:51,Segmentation,live,0,0
2026-07-29 08:29:52,Segmentation,live,0,0
2026-07-29 08:29:53,Segmentation,live,0,0
2026-07-29 08:29:54,Segmentation,live,0,0
2026-07-29 08:29:55,Segmentation,live,0,0
2026-07-29 08:29:56,Segmentation,live,0,0
2026-07-29 08:29:57,Segmentation,live,0,0
2026-07-29 08:29:58,Segmentation,live,0,0
2026-07-29 08:29:59,Segmentation,live,0,0
2026-07-29 08:30:00,Segmentation,live,0,0
2026-07-29 08:30:01,Segmentation,live,0,0
2026-07-29 08:30:02,Segmentation,live,0,0
2026-07-29 08:30:03,Segmentation,live,0,0
2026-07-29 08:30:04,Segmentation,live,0,0
2026-07-29 08:30:05,Segmentation,live,0,0
2026-07-29 08:30:06,Segmentation,live,0,0
2026-07-29 08:30:07,Segmentation,live,0,0
2026-07-29 08:30:08,Segmentation,live,0,0
2026-07-29 08:30:09,Segmentation,live,0,0
2026-07-29 08:30:10,Segmentation,live,0,0
2026-07-29 08:30:11,Segmentation,live,0,0
2026-07-29 08:30:12,Segmentation,live,0,0
2026-07-29 08:30:13,Segmentation,live,0,0
2026-07-29 08:30:14,Segmentation,live,0,0
2026-07-29 08:30:15,Segmentation,live,0,0
2026-07-29 08:30:16,Segmentation,live,0,0
2026-07-29 08:30:17,Segmentation,live,0,0
2026-07-29 08:30:18,Segmentation,live,0,0
2026-07-29 08:30:19,Segmentation,live,0,0
2026-07-29 08:30:20,Segmentation,live,0,0
2026-07-29 08:30:21,Segmentation,live,0,0
2026-07-29 08:30:22,Segmentation,live,0,0
2026-07-29 08:30:23,Segmentation,live,0,0
2026-07-29 08:30:24,Segmentation,live,0,0
2026-07-29 08:30:25,Segmentation,live,0,0
2026-07-29 08:30:26,Segmentation,live,0,0
2026-07-29 08:30:27,Segmentation,live,0,0
2026-07-29 08:30:28,Segmentation,live,0,0
2026-07-29 08:30:29,Segmentation,live,0,0
2026-07-29 08:30:30,Segmentation,live,0,0
2026-07-29 08:30:31,Segmentation,live,0,0
2026-07-29 08:30:32,Segmentation,live,0,0
2026-07-29 08:30:33,Segmentation,live,0,0
2026-07-29 08:30:34,Segmentation,live,0,0
2026-07-29 08:30:35,Segmentation,live,0,0
2026-07-29 08:30:36,Segmentation,live,0,0
2026-07-29 08:30:37,Segmentation,live,0,0
2026-07-29 08:30:38,Segmentation,live,0,0
2026-07-29 08:30:39,Segmentation,live,0,0
2026-07-29 08:30:40,Segmentation,live,0,0
2026-07-29 08:30:41,Segmentation,live,0,0
2026-07-29 08:30:42,Segmentation,live,0,0
2026-07-29 08:30:43,Segmentation,live,0,0
2026-07-29 08:30:44,Segmentation,live,0,0
2026-07-29 08:30:45,Segmentation,live,0,0
2026-07-29 08:30:46,Segmentation,live,0,0
2026-07-29 08:30:47,Segmentation,live,0,0
2026-07-29 08:30:48,Segmentation,live,0,0
2026-07-29 08:30:49,Segmentation,live,0,0
2026-07-29 08:30:50,Segmentation,live,0,0
2026-07-29 08:30:51,Segmentation,live,0,0
2026-07-29 08:30:52,Segmentation,live,0,0
2026-07-29 08:30:53,Segmentation,live,0,0
2026-07-29 08:30:54,Segmentation,live,0,0
2026-07-29 08:30:55,Segmentation,live,0,0
2026-07-29 08:30:56,Segmentation,live,0,0
2026-07-29 08:30:57,Segmentation,live,0,0
2026-07-29 08:30:58,Segmentation,live,0,0
2026-07-29 08:30:59,Segmentation,live,0,0
2026-07-29 08:31:00,Segmentation,live,0,0
2026-07-29 08:31:01,Segmentation,live,0,0
2026-07-29 08:31:02,Segmentation,live,0,0
2026-07-29 08:31:04,Segmentation,live,0,0
2026-07-29 08:31:05,Segmentation,live,0,0
2026-07-29 08:31:06,Segmentation,live,0,0
2026-07-29 08:31:07,Segmentation,live,0,0
2026-07-29 08:31:08,Segmentation,live,0,0
2026-07-29 08:31:09,Segmentation,live,0,0
2026-07-29 08:31:10,Segmentation,live,0,0
2026-07-29 08:31:11,Segmentation,live,0,0
2026-07-29 08:31:12,Segmentation,live,0,0
2026-07-29 08:31:13,Segmentation,live,0,0
2026-07-29 08:31:14,Segmentation,live,0,0
2026-07-29 08:31:15,Segmentation,live,0,0
2026-07-29 08:31:16,Segmentation,live,0,0
2026-07-29 08:31:17,Segmentation,live,0,0
2026-07-29 08:31:18,Segmentation,live,0,0
2026-07-29 08:31:19,Segmentation,live,0,0
2026-07-29 08:31:20,Segmentation,live,0,0
2026-07-29 08:31:21,Segmentation,live,0,0
2026-07-29 08:31:22,Segmentation,live,0,0
2026-07-29 08:31:23,Segmentation,live,0,0
2026-07-29 08:31:24,Segmentation,live,0,0
2026-07-29 08:31:25,Segmentation,live,0,0
2026-07-29 08:31:26,Segmentation,live,0,0
2026-07-29 08:31:27,Segmentation,live,0,0
2026-07-29 08:31:28,Segmentation,live,0,0
2026-07-29 08:31:29,Segmentation,live,0,0
2026-07-29 08:31:30,Segmentation,live,0,0
2026-07-29 08:31:31,Segmentation,live,0,0
2026-07-29 08:31:32,Segmentation,live,0,0
2026-07-29 08:31:33,Segmentation,live,0,0
2026-07-29 08:31:34,Segmentation,live,0,0
2026-07-29 08:31:35,Segmentation,live,0,0
2026-07-29 08:31:36,Segmentation,live,0,0
2026-07-29 08:31:37,Segmentation,live,0,0
2026-07-29 08:31:38,Segmentation,live,0,0
2026-07-29 08:31:39,Segmentation,live,0,0
2026-07-29 08:31:40,Segmentation,live,0,0
2026-07-29 08:31:41,Segmentation,live,0,0
2026-07-29 08:31:42,Segmentation,live,0,0
2026-07-29 08:31:43,Segmentation,live,0,0
2026-07-29 08:31:44,Segmentation,live,0,0
2026-07-29 08:31:45,Segmentation,live,0,0
2026-07-29 08:31:46,Segmentation,live,0,0
2026-07-29 08:31:47,Segmentation,live,0,0
2026-07-29 08:31:48,Segmentation,live,0,0
2026-07-29 08:31:49,Segmentation,live,0,0
2026-07-29 08:31:50,Segmentation,live,0,0
2026-07-29 08:31:51,Segmentation,live,0,0
2026-07-29 08:31:52,Segmentation,live,0,0
2026-07-29 08:31:53,Segmentation,live,0,0
2026-07-29 08:31:54,Segmentation,live,0,0
2026-07-29 08:31:55,Segmentation,live,0,0
2026-07-29 08:31:56,Segmentation,live,0,0
2026-07-29 08:31:57,Segmentation,live,0,0
2026-07-29 08:31:58,Segmentation,live,0,0
2026-07-29 08:31:59,Segmentation,live,0,0
2026-07-29 08:32:00,Segmentation,live,0,0
2026-07-29 08:32:01,Segmentation,live,0,0
2026-07-29 08:32:02,Segmentation,live,0,0
2026-07-29 08:32:03,Segmentation,live,0,0
2026-07-29 08:32:04,Segmentation,live,0,0
2026-07-29 08:32:05,Segmentation,live,0,0
2026-07-29 08:32:06,Segmentation,live,0,0
2026-07-29 08:32:07,Segmentation,live,0,0
2026-07-29 08:32:08,Segmentation,live,0,0
2026-07-29 08:32:09,Segmentation,live,0,0
2026-07-29 08:32:10,Segmentation,live,0,0
2026-07-29 08:32:11,Segmentation,live,0,0
2026-07-29 08:32:12,Segmentation,live,0,0
2026-07-29 08:32:13,Segmentation,live,0,0
2026-07-29 08:32:14,Segmentation,live,0,0
2026-07-29 08:32:15,Segmentation,live,0,0
2026-07-29 08:32:16,Segmentation,live,0,0
2026-07-29 08:32:17,Segmentation,live,0,0
2026-07-29 08:32:18,Segmentation,live,0,0
2026-07-29 08:32:19,Segmentation,live,0,0
2026-07-29 08:32:20,Segmentation,live,0,0
2026-07-29 08:32:21,Segmentation,live,0,0
2026-07-29 08:32:22,Segmentation,live,0,0
2026-07-29 08:32:23,Segmentation,live,0,0
2026-07-29 08:32:24,Segmentation,live,0,0
2026-07-29 08:32:25,Segmentation,live,0,0
2026-07-29 08:32:26,Segmentation,live,0,0
2026-07-29 08:32:27,Segmentation,live,0,0
2026-07-29 08:32:28,Segmentation,live,0,0
2026-07-29 08:32:29,Segmentation,live,0,0
2026-07-29 08:32:30,Segmentation,live,0,0
2026-07-29 08:32:31,Segmentation,live,0,0
2026-07-29 08:32:32,Segmentation,live,0,0
2026-07-29 08:32:33,Segmentation,live,0,0
2026-07-29 08:32:34,Segmentation,live,0,0
2026-07-29 08:32:35,Segmentation,live,0,0
2026-07-29 08:32:36,Segmentation,live,0,0
2026-07-29 08:32:37,Segmentation,live,0,0
2026-07-29 08:32:38,Segmentation,live,0,0
2026-07-29 08:32:39,Segmentation,live,0,0
2026-07-29 08:32:40,Segmentation,live,0,0
2026-07-29 08:32:41,Segmentation,live,0,0
2026-07-29 08:32:42,Segmentation,live,0,0
2026-07-29 08:32:43,Segmentation,live,0,0
2026-07-29 08:32:44,Segmentation,live,0,0
2026-07-29 08:32:45,Segmentation,live,0,0
2026-07-29 08:32:46,Segmentation,live,0,0
2026-07-29 08:32:47,Segmentation,live,0,0
2026-07-29 08:32:48,Segmentation,live,0,0
2026-07-29 08:32:49,Segmentation,live,0,0
2026-07-29 08:32:50,Segmentation,live,0,0
2026-07-29 08:32:51,Segmentation,live,0,0
2026-07-29 08:32:53,Segmentation,live,0,0
2026-07-29 08:32:54,Segmentation,live,0,0
2026-07-29 08:32:55,Segmentation,live,0,0
2026-07-29 08:32:56,Segmentation,live,0,0
2026-07-29 08:32:57,Segmentation,live,0,0
2026-07-29 08:32:58,Segmentation,live,0,0
2026-07-29 08:32:59,Segmentation,live,0,0
2026-07-29 08:33:00,Segmentation,live,0,0
2026-07-29 08:33:01,Segmentation,live,0,0
2026-07-29 08:33:02,Segmentation,live,0,0
2026-07-29 08:33:03,Segmentation,live,0,0
2026-07-29 08:33:04,Segmentation,live,0,0
2026-07-29 08:33:05,Segmentation,live,0,0
2026-07-29 08:33:06,Segmentation,live,0,0
2026-07-29 08:33:07,Segmentation,live,0,0
2026-07-29 08:33:08,Segmentation,live,0,0
2026-07-29 08:33:09,Segmentation,live,0,0
2026-07-29 08:33:10,Segmentation,live,0,0
2026-07-29 08:33:11,Segmentation,live,0,0
2026-07-29 08:33:12,Segmentation,live,0,0
2026-07-29 08:33:13,Segmentation,live,0,0
2026-07-29 08:33:14,Segmentation,live,0,0
2026-07-29 08:33:15,Segmentation,live,0,0
2026-07-29 08:33:16,Segmentation,live,0,0
2026-07-29 08:33:17,Segmentation,live,0,0
2026-07-29 08:33:18,Segmentation,live,0,0
2026-07-29 08:33:19,Segmentation,live,0,0
2026-07-29 08:33:20,Segmentation,live,0,0
2026-07-29 08:33:21,Segmentation,live,0,0
2026-07-29 08:33:22,Segmentation,live,0,0
2026-07-29 08:33:23,Segmentation,live,0,0
2026-07-29 08:33:24,Segmentation,live,0,0
2026-07-29 08:33:25,Segmentation,live,0,0
2026-07-29 08:33:26,Segmentation,live,0,0
2026-07-29 08:33:27,Segmentation,live,0,0
2026-07-29 08:33:28,Segmentation,live,0,0
2026-07-29 08:33:29,Segmentation,live,0,0
2026-07-29 08:33:30,Segmentation,live,0,0
2026-07-29 08:33:31,Segmentation,live,0,0
2026-07-29 08:33:32,Segmentation,live,0,0
2026-07-29 08:33:33,Segmentation,live,0,0
2026-07-29 08:33:34,Segmentation,live,0,0
2026-07-29 08:33:35,Segmentation,live,0,0
2026-07-29 08:33:36,Segmentation,live,0,0
2026-07-29 08:33:37,Segmentation,live,0,0
2026-07-29 08:33:38,Segmentation,live,0,0
2026-07-29 08:33:39,Segmentation,live,0,0
2026-07-29 08:33:40,Segmentation,live,0,0
2026-07-29 08:33:41,Segmentation,live,0,0
2026-07-29 08:33:42,Segmentation,live,0,0
2026-07-29 08:33:43,Segmentation,live,0,0
2026-07-29 08:33:44,Segmentation,live,0,0
2026-07-29 08:33:45,Segmentation,live,0,0
2026-07-29 08:33:46,Segmentation,live,0,0
2026-07-29 08:33:47,Segmentation,live,0,0
2026-07-29 08:33:48,Segmentation,live,0,0
2026-07-29 08:33:49,Segmentation,live,0,0
2026-07-29 08:33:50,Segmentation,live,0,0
2026-07-29 08:33:51,Segmentation,live,0,0
2026-07-29 08:33:52,Segmentation,live,0,0
2026-07-29 08:33:53,Segmentation,live,0,0
2026-07-29 08:33:54,Segmentation,live,0,0
2026-07-29 08:33:55,Segmentation,live,0,0
2026-07-29 08:33:56,Segmentation,live,0,0
2026-07-29 08:33:57,Segmentation,live,0,0
2026-07-29 08:33:58,Segmentation,live,0,0
2026-07-29 08:33:59,Segmentation,live,0,0
2026-07-29 08:34:00,Segmentation,live,0,0
2026-07-29 08:34:01,Segmentation,live,0,0
2026-07-29 08:34:02,Segmentation,live,0,0
2026-07-29 08:34:03,Segmentation,live,0,0
2026-07-29 08:34:04,Segmentation,live,0,0
2026-07-29 08:34:05,Segmentation,live,0,0
2026-07-29 08:34:06,Segmentation,live,0,0
2026-07-29 08:34:07,Segmentation,live,0,0
2026-07-29 08:34:08,Segmentation,live,0,0
2026-07-29 08:34:09,Segmentation,live,0,0
2026-07-29 08:34:10,Segmentation,live,0,0
2026-07-29 08:34:11,Segmentation,live,0,0
2026-07-29 08:34:12,Segmentation,live,0,0
2026-07-29 08:34:13,Segmentation,live,0,0
2026-07-29 08:34:14,Segmentation,live,0,0
2026-07-29 08:34:15,Segmentation,live,0,0
2026-07-29 08:34:16,Segmentation,live,0,0
2026-07-29 08:34:17,Segmentation,live,0,0
2026-07-29 08:34:18,Segmentation,live,0,0
2026-07-29 08:34:19,Segmentation,live,0,0
2026-07-29 08:34:20,Segmentation,live,0,0
2026-07-29 08:34:21,Segmentation,live,0,0
2026-07-29 08:34:22,Segmentation,live,0,0
2026-07-29 08:34:23,Segmentation,live,0,0
2026-07-29 08:34:24,Segmentation,live,0,0
2026-07-29 08:34:25,Segmentation,live,0,0
2026-07-29 08:34:26,Segmentation,live,0,0
2026-07-29 08:34:27,Segmentation,live,0,0
2026-07-29 08:34:28,Segmentation,live,0,0
2026-07-29 08:34:29,Segmentation,live,0,0
2026-07-29 08:34:30,Segmentation,live,0,0
2026-07-29 08:34:31,Segmentation,live,0,0
2026-07-29 08:34:32,Segmentation,live,0,0
2026-07-29 08:34:33,Segmentation,live,0,0
2026-07-29 08:34:34,Segmentation,live,0,0
2026-07-29 08:34:35,Segmentation,live,0,0
2026-07-29 08:34:36,Segmentation,live,0,0
2026-07-29 08:34:38,Segmentation,live,0,0
2026-07-29 08:34:39,Segmentation,live,0,0
2026-07-29 08:34:40,Segmentation,live,0,0
2026-07-29 08:34:41,Segmentation,live,0,0
2026-07-29 08:34:42,Segmentation,live,0,0
2026-07-29 08:34:43,Segmentation,live,0,0
2026-07-29 08:34:44,Segmentation,live,0,0
2026-07-29 08:34:45,Segmentation,live,0,0
2026-07-29 08:34:46,Segmentation,live,0,0
2026-07-29 08:34:47,Segmentation,live,0,0
2026-07-29 08:34:48,Segmentation,live,0,0
2026-07-29 08:34:49,Segmentation,live,0,0
2026-07-29 08:34:50,Segmentation,live,0,0
2026-07-29 08:34:51,Segmentation,live,0,0
2026-07-29 08:34:52,Segmentation,live,0,0
2026-07-29 08:34:53,Segmentation,live,0,0
2026-07-29 08:34:54,Segmentation,live,0,0
2026-07-29 08:34:55,Segmentation,live,0,0
2026-07-29 08:34:56,Segmentation,live,0,0
2026-07-29 08:34:57,Segmentation,live,0,0
2026-07-29 08:34:58,Segmentation,live,0,0
2026-07-29 08:34:59,Segmentation,live,0,0
2026-07-29 08:35:00,Segmentation,live,0,0
2026-07-29 08:35:01,Segmentation,live,0,0
2026-07-29 08:35:02,Segmentation,live,0,0
2026-07-29 08:35:03,Segmentation,live,0,0
2026-07-29 08:35:04,Segmentation,live,0,0
2026-07-29 08:35:05,Segmentation,live,0,0
2026-07-29 08:35:06,Segmentation,live,0,0
2026-07-29 08:35:07,Segmentation,live,0,0
2026-07-29 08:35:08,Segmentation,live,0,0
2026-07-29 08:35:09,Segmentation,live,0,0
2026-07-29 08:35:10,Segmentation,live,0,0
2026-07-29 08:35:11,Segmentation,live,0,0
2026-07-29 08:35:12,Segmentation,live,0,0
2026-07-29 08:35:13,Segmentation,live,0,0
2026-07-29 08:35:14,Segmentation,live,0,0
2026-07-29 08:35:15,Segmentation,live,0,0
2026-07-29 08:35:16,Segmentation,live,0,0
2026-07-29 08:35:17,Segmentation,live,0,0
2026-07-29 08:35:18,Segmentation,live,0,0
